[{
	"source": {},
	"ts": "2023-01-03 00:00:00",
	"endpoint" : [
	{
		"project_id:": "acn-aip-nextgen",
		"endpoint_id": "753671240375336960",
		"deployed_model_id": "4456782422259793920",
		"replica_id": "aipl9833d6-depl4a8131-7d9fbf9767-bfmrt",
		"utilization": "0.00022867386073357478",
		"bytes_used_prediction": "403464192.0",
		"received_bytes_count": "8195.0",
		"sent_bytes_count": "6265.0",
		"prediction_latencies": "0.0",
		"response_count": "6.0",
		"replicas": "0.0",
		"target_replicas": "0.0"
	}],
	"training":[
	{
		"project_id": "acn-aip-nextgen",
		"Job_id": "3323408172810502144",
		"utilization_cpu": "0.2960851064954936",
		"utilization_memory": "0.22543885972764757",
		"received_bytes_count_training": "2563119.0",
		"sent_bytes_count_training": "1463217.0"
	}],
	"featurestore":[
	{
		"project_id": "acn-aip-nextgen",
		"featurestore_id": "112233445566",
		"cpu_load": "5",
		"cpu_load_hottest_node": "8",
		"node_count": "11"
	}]
}]
