Y metric1,Y metric2,coefficient,percentage,rule
Amazon Aurora PostgreSQL_y1_query_total_time_Flag,glue_y2_JobRunState_Flag,0.7698003589195008,76.98003589195008,rule 3:greater than 30%
Amazon Aurora PostgreSQL_y1_query_total_time_Flag,lambda_y1_Duration_Flag,0.6708203932499369,67.08203932499369,rule 3:greater than 30%
Amazon Aurora PostgreSQL_y1_query_total_time_Flag,lambda_y2_Errors_Flag,0.1336306209562123,13.363062095621231,rule 2:between 2% to 30%
Amazon Aurora PostgreSQL_y1_query_total_time_Flag,s3_y2_errorCode_Flag,0.35634832254989923,35.634832254989924,rule 3:greater than 30%
glue_y2_JobRunState_Flag,lambda_y1_Duration_Flag,0.5163977794943221,51.63977794943221,rule 3:greater than 30%
glue_y2_JobRunState_Flag,lambda_y2_Errors_Flag,0.38575837490522985,38.575837490522986,rule 3:greater than 30%
glue_y2_JobRunState_Flag,s3_y2_errorCode_Flag,0.46291004988627565,46.29100498862756,rule 3:greater than 30%
lambda_y1_Duration_Flag,lambda_y2_Errors_Flag,0.4183300132670378,41.83300132670378,rule 3:greater than 30%
lambda_y1_Duration_Flag,s3_y2_errorCode_Flag,0.23904572186687878,23.90457218668788,rule 2:between 2% to 30%
lambda_y2_Errors_Flag,s3_y2_errorCode_Flag,0.5714285714285715,57.14285714285715,rule 3:greater than 30%
s3_y1_TotalRequestLatency_Flag,s3_y2_errorCode_Flag,0.46291004988627565,46.29100498862756,rule 3:greater than 30%
