,Amazon Aurora PostgreSQL_y1_query_total_time_Flag,glue_y1_ExecutionTime_Flag,glue_y2_JobRunState_Flag,lambda_y1_Duration_Flag,lambda_y2_Errors_Flag,s3_y1_TotalRequestLatency_Flag,s3_y2_errorCode_Flag,tableau_y1_load_time_Flag
Amazon Aurora PostgreSQL_y1_query_total_time_Flag,1.0,0.0,0.7698003589195008,0.6708203932499369,0.1336306209562123,0.0,0.35634832254989923,0.0
glue_y1_ExecutionTime_Flag,0.0,0.0,0.0,0.0,0.0,0.0,0.0,0.0
glue_y2_JobRunState_Flag,0.7698003589195008,0.0,1.0,0.5163977794943221,0.38575837490522985,0.0,0.46291004988627565,0.0
lambda_y1_Duration_Flag,0.6708203932499369,0.0,0.5163977794943221,1.0,0.4183300132670378,0.0,0.23904572186687878,0.0
lambda_y2_Errors_Flag,0.1336306209562123,0.0,0.38575837490522985,0.4183300132670378,1.0,0.0,0.5714285714285715,0.0
s3_y1_TotalRequestLatency_Flag,0.0,0.0,0.0,0.0,0.0,1.0,0.46291004988627565,0.0
s3_y2_errorCode_Flag,0.35634832254989923,0.0,0.46291004988627565,0.23904572186687878,0.5714285714285715,0.46291004988627565,1.0,0.0
tableau_y1_load_time_Flag,0.0,0.0,0.0,0.0,0.0,0.0,0.0,0.0
