Y metric,X metric,coefficient
glue_y1_ExecutionTime_Flag,glue.driver.jvm.heap.usage,0.4
glue_y1_ExecutionTime_Flag,glue.driver.aggregate.bytesRead,0.4
glue_y1_ExecutionTime_Flag,glue.driver.aggregate.elapsedTime,0.4
glue_y1_ExecutionTime_Flag,glue.driver.aggregate.numCompletedStages,0.4
glue_y1_ExecutionTime_Flag,glue.driver.aggregate.numCompletedTasks,0.4
glue_y1_ExecutionTime_Flag,glue.driver.aggregate.numFailedTasks,0.4
glue_y1_ExecutionTime_Flag,glue.driver.aggregate.numKilledTasks,0.4
glue_y1_ExecutionTime_Flag,glue.driver.aggregate.recordsRead,0.4
glue_y1_ExecutionTime_Flag,glue.driver.aggregate.shuffleBytesWritten,0.4
glue_y1_ExecutionTime_Flag,glue.driver.aggregate.shuffleLocalBytesRead,0.4
glue_y1_ExecutionTime_Flag,glue.driver.BlockManager.disk.diskSpaceUsed_MB,0.4
glue_y1_ExecutionTime_Flag,glue.ALL.jvm.heap.usage,0.4
glue_y1_ExecutionTime_Flag,glue.driver.jvm.heap.used,0.4
glue_y1_ExecutionTime_Flag,glue.ALL.jvm.heap.used,0.4
glue_y1_ExecutionTime_Flag,glue.driver.s3.filesystem.read_bytes,0.4
glue_y1_ExecutionTime_Flag,glue.ALL.s3.filesystem.read_bytes,0.4
glue_y1_ExecutionTime_Flag,glue.driver.s3.filesystem.write_bytes,0.4
glue_y1_ExecutionTime_Flag,glue.ALL.s3.filesystem.write_bytes,0.4
glue_y1_ExecutionTime_Flag,glue.driver.system.cpuSystemLoad,0.4
glue_y1_ExecutionTime_Flag,glue.ALL.system.cpuSystemLoad,0.4
glue_y1_ExecutionTime_Flag,AllocatedCapacity,0.4
glue_y1_ExecutionTime_Flag,NumberOfWorkers,0.4
glue_y1_ExecutionTime_Flag,GlueVersion,0.4
