Y metric,X metric,coefficient
Amazon Aurora PostgreSQL_y1_query_total_time_Flag,Deadlocks,0.9
Amazon Aurora PostgreSQL_y1_query_total_time_Flag,DiskQueueDepth,0.9
Amazon Aurora PostgreSQL_y1_query_total_time_Flag,EBSByteBalance,0.9
Amazon Aurora PostgreSQL_y1_query_total_time_Flag,EBSIOBalance,0.9
Amazon Aurora PostgreSQL_y1_query_total_time_Flag,EngineUptime,0.9
Amazon Aurora PostgreSQL_y1_query_total_time_Flag,FreeableMemory,0.9
Amazon Aurora PostgreSQL_y1_query_total_time_Flag,MaximumUsedTransactionIDs,0.9
Amazon Aurora PostgreSQL_y1_query_total_time_Flag,NetworkThroughput,0.9
Amazon Aurora PostgreSQL_y1_query_total_time_Flag,NetworkReceiveThroughput,0.9
Amazon Aurora PostgreSQL_y1_query_total_time_Flag,RDSToAuroraPostgreSQLReplicaLag,0.9
Amazon Aurora PostgreSQL_y1_query_total_time_Flag,NetworkTransmitThroughput,0.9
Amazon Aurora PostgreSQL_y1_query_total_time_Flag,ReadIOPS,0.9
Amazon Aurora PostgreSQL_y1_query_total_time_Flag,ReadThroughput,0.9
Amazon Aurora PostgreSQL_y1_query_total_time_Flag,ReplicationSlotDiskUsage,0.9
Amazon Aurora PostgreSQL_y1_query_total_time_Flag,StorageNetworkReceiveThroughput,0.9
Amazon Aurora PostgreSQL_y1_query_total_time_Flag,StorageNetworkThroughput,0.9
Amazon Aurora PostgreSQL_y1_query_total_time_Flag,StorageNetworkTransmitThroughput,0.9
Amazon Aurora PostgreSQL_y1_query_total_time_Flag,SwapUsage,0.9
Amazon Aurora PostgreSQL_y1_query_total_time_Flag,TransactionLogsDiskUsage,0.9
Amazon Aurora PostgreSQL_y1_query_total_time_Flag,WriteIOPS,0.9
Amazon Aurora PostgreSQL_y1_query_total_time_Flag,WriteLatency,0.9
Amazon Aurora PostgreSQL_y1_query_total_time_Flag,WriteThroughput,0.9
Amazon Aurora PostgreSQL_y1_query_total_time_Flag,ServerlessDatabaseCapacity,0.9
Amazon Aurora PostgreSQL_y1_query_total_time_Flag,BufferCacheHitRatio,0.9
Amazon Aurora PostgreSQL_y1_query_total_time_Flag,CommitLatency,0.9
Amazon Aurora PostgreSQL_y1_query_total_time_Flag,CommitThroughput,0.9
Amazon Aurora PostgreSQL_y1_query_total_time_Flag,db.Cache.blks_hit.avg,0.9
Amazon Aurora PostgreSQL_y1_query_total_time_Flag,db.Cache.buffers_alloc.avg,0.9
Amazon Aurora PostgreSQL_y1_query_total_time_Flag,db.Checkpoint.buffers_checkpoint.avg,0.9
Amazon Aurora PostgreSQL_y1_query_total_time_Flag,db.Checkpoint.checkpoint_sync_time.avg,0.9
Amazon Aurora PostgreSQL_y1_query_total_time_Flag,db.Checkpoint.checkpoint_write_time.avg,0.9
Amazon Aurora PostgreSQL_y1_query_total_time_Flag,db.Checkpoint.checkpoints_req.avg,0.9
Amazon Aurora PostgreSQL_y1_query_total_time_Flag,db.Checkpoint.checkpoints_timed.avg,0.9
Amazon Aurora PostgreSQL_y1_query_total_time_Flag,db.Checkpoint.maxwritten_clean.avg,0.9
Amazon Aurora PostgreSQL_y1_query_total_time_Flag,db.Checkpoint.checkpoint_sync_latency.avg,0.9
Amazon Aurora PostgreSQL_y1_query_total_time_Flag,db.Checkpoint.checkpoint_write_latency.avg,0.9
Amazon Aurora PostgreSQL_y1_query_total_time_Flag,db.Concurrency.deadlocks.avg,0.9
Amazon Aurora PostgreSQL_y1_query_total_time_Flag,db.IO.blk_read_time.avg,0.9
Amazon Aurora PostgreSQL_y1_query_total_time_Flag,db.IO.blks_read.avg,0.9
Amazon Aurora PostgreSQL_y1_query_total_time_Flag,db.IO.buffers_backend.avg,0.9
Amazon Aurora PostgreSQL_y1_query_total_time_Flag,db.IO.buffers_backend_fsync.avg,0.9
Amazon Aurora PostgreSQL_y1_query_total_time_Flag,db.IO.buffers_clean.avg,0.9
Amazon Aurora PostgreSQL_y1_query_total_time_Flag,db.IO.read_latency.avg,0.9
Amazon Aurora PostgreSQL_y1_query_total_time_Flag,db.SQL.tup_deleted.avg,0.9
Amazon Aurora PostgreSQL_y1_query_total_time_Flag,db.SQL.tup_fetched.avg,0.9
Amazon Aurora PostgreSQL_y1_query_total_time_Flag,db.SQL.tup_inserted.avg,0.9
Amazon Aurora PostgreSQL_y1_query_total_time_Flag,db.SQL.tup_returned.avg,0.9
Amazon Aurora PostgreSQL_y1_query_total_time_Flag,db.SQL.tup_updated.avg,0.9
Amazon Aurora PostgreSQL_y1_query_total_time_Flag,db.state.active_count.avg,0.9
Amazon Aurora PostgreSQL_y1_query_total_time_Flag,db.state.idle_count.avg,0.9
Amazon Aurora PostgreSQL_y1_query_total_time_Flag,db.state.idle_in_transaction_count.avg,0.9
Amazon Aurora PostgreSQL_y1_query_total_time_Flag,db.state.idle_in_transaction_aborted_count.avg,0.9
Amazon Aurora PostgreSQL_y1_query_total_time_Flag,db.state.idle_in_transaction_max_time.avg,0.9
Amazon Aurora PostgreSQL_y1_query_total_time_Flag,db.Temp.temp_bytes.avg,0.9
Amazon Aurora PostgreSQL_y1_query_total_time_Flag,db.Temp.temp_files.avg,0.9
Amazon Aurora PostgreSQL_y1_query_total_time_Flag,db.Transactions.active_transactions.avg,0.9
Amazon Aurora PostgreSQL_y1_query_total_time_Flag,db.Transactions.blocked_transactions.avg,0.9
Amazon Aurora PostgreSQL_y1_query_total_time_Flag,db.Transactions.max_used_xact_ids.avg,0.9
Amazon Aurora PostgreSQL_y1_query_total_time_Flag,db.Transactions.xact_commit.avg,0.9
Amazon Aurora PostgreSQL_y1_query_total_time_Flag,db.Transactions.xact_rollback.avg,0.9
Amazon Aurora PostgreSQL_y1_query_total_time_Flag,db.User.numbackends.avg,0.9
Amazon Aurora PostgreSQL_y1_query_total_time_Flag,db.WAL.archived_count.avg,0.9
Amazon Aurora PostgreSQL_y1_query_total_time_Flag,db.WAL.archived_failed_count.avg,0.9
Amazon Aurora PostgreSQL_y1_query_total_time_Flag,os.cpuUtilization.guest.avg,0.9
Amazon Aurora PostgreSQL_y1_query_total_time_Flag,os.cpuUtilization.idle.avg,0.9
Amazon Aurora PostgreSQL_y1_query_total_time_Flag,os.cpuUtilization.irq.avg,0.9
Amazon Aurora PostgreSQL_y1_query_total_time_Flag,os.cpuUtilization.nice.avg,0.9
Amazon Aurora PostgreSQL_y1_query_total_time_Flag,os.cpuUtilization.steal.avg,0.9
Amazon Aurora PostgreSQL_y1_query_total_time_Flag,os.cpuUtilization.system.avg,0.9
Amazon Aurora PostgreSQL_y1_query_total_time_Flag,os.cpuUtilization.total.avg,0.9
Amazon Aurora PostgreSQL_y1_query_total_time_Flag,os.cpuUtilization.user.avg,0.9
Amazon Aurora PostgreSQL_y1_query_total_time_Flag,os.cpuUtilization.wait.avg,0.9
Amazon Aurora PostgreSQL_y1_query_total_time_Flag,os.diskIO.avgQueueLen.avg,0.9
Amazon Aurora PostgreSQL_y1_query_total_time_Flag,os.diskIO.avgReqSz.avg,0.9
Amazon Aurora PostgreSQL_y1_query_total_time_Flag,os.diskIO.await.avg,0.9
Amazon Aurora PostgreSQL_y1_query_total_time_Flag,os.diskIO.readIOsPS.avg,0.9
Amazon Aurora PostgreSQL_y1_query_total_time_Flag,os.diskIO.readKb.avg,0.9
Amazon Aurora PostgreSQL_y1_query_total_time_Flag,os.diskIO.readKbPS.avg,0.9
Amazon Aurora PostgreSQL_y1_query_total_time_Flag,os.diskIO.rrqmPS.avg,0.9
Amazon Aurora PostgreSQL_y1_query_total_time_Flag,os.diskIO.tps.avg,0.9
Amazon Aurora PostgreSQL_y1_query_total_time_Flag,os.diskIO.util.avg,0.9
Amazon Aurora PostgreSQL_y1_query_total_time_Flag,os.diskIO.writeIOsPS.avg,0.9
Amazon Aurora PostgreSQL_y1_query_total_time_Flag,os.diskIO.writeKb.avg,0.9
Amazon Aurora PostgreSQL_y1_query_total_time_Flag,os.diskIO.writeKbPS.avg,0.9
Amazon Aurora PostgreSQL_y1_query_total_time_Flag,os.diskIO.wrqmPS.avg,0.9
Amazon Aurora PostgreSQL_y1_query_total_time_Flag,os.fileSys.maxFiles.avg,0.9
Amazon Aurora PostgreSQL_y1_query_total_time_Flag,os.fileSys.total.avg,0.9
Amazon Aurora PostgreSQL_y1_query_total_time_Flag,os.fileSys.used.avg,0.9
Amazon Aurora PostgreSQL_y1_query_total_time_Flag,os.fileSys.usedFilePercent.avg,0.9
Amazon Aurora PostgreSQL_y1_query_total_time_Flag,os.fileSys.usedFiles.avg,0.9
Amazon Aurora PostgreSQL_y1_query_total_time_Flag,os.fileSys.usedPercent.avg,0.9
Amazon Aurora PostgreSQL_y1_query_total_time_Flag,os.general.numVCPUs.avg,0.9
Amazon Aurora PostgreSQL_y1_query_total_time_Flag,os.loadAverageMinute.fifteen.avg,0.9
Amazon Aurora PostgreSQL_y1_query_total_time_Flag,os.loadAverageMinute.five.avg,0.9
Amazon Aurora PostgreSQL_y1_query_total_time_Flag,os.loadAverageMinute.one.avg,0.9
Amazon Aurora PostgreSQL_y1_query_total_time_Flag,os.memory.active.avg,0.9
Amazon Aurora PostgreSQL_y1_query_total_time_Flag,os.memory.buffers.avg,0.9
Amazon Aurora PostgreSQL_y1_query_total_time_Flag,os.memory.cached.avg,0.9
Amazon Aurora PostgreSQL_y1_query_total_time_Flag,os.memory.dirty.avg,0.9
Amazon Aurora PostgreSQL_y1_query_total_time_Flag,os.memory.free.avg,0.9
Amazon Aurora PostgreSQL_y1_query_total_time_Flag,os.memory.hugePagesFree.avg,0.9
Amazon Aurora PostgreSQL_y1_query_total_time_Flag,os.memory.hugePagesRsvd.avg,0.9
Amazon Aurora PostgreSQL_y1_query_total_time_Flag,os.memory.hugePagesSize.avg,0.9
Amazon Aurora PostgreSQL_y1_query_total_time_Flag,os.memory.hugePagesSurp.avg,0.9
Amazon Aurora PostgreSQL_y1_query_total_time_Flag,os.memory.hugePagesTotal.avg,0.9
Amazon Aurora PostgreSQL_y1_query_total_time_Flag,os.memory.inactive.avg,0.9
Amazon Aurora PostgreSQL_y1_query_total_time_Flag,os.memory.mapped.avg,0.9
Amazon Aurora PostgreSQL_y1_query_total_time_Flag,os.memory.pageTables.avg,0.9
Amazon Aurora PostgreSQL_y1_query_total_time_Flag,os.memory.slab.avg,0.9
Amazon Aurora PostgreSQL_y1_query_total_time_Flag,os.memory.total.avg,0.9
Amazon Aurora PostgreSQL_y1_query_total_time_Flag,os.memory.writeback.avg,0.9
Amazon Aurora PostgreSQL_y1_query_total_time_Flag,os.network.rx.avg,0.9
Amazon Aurora PostgreSQL_y1_query_total_time_Flag,os.network.tx.avg,0.9
Amazon Aurora PostgreSQL_y1_query_total_time_Flag,os.swap.cached.avg,0.9
Amazon Aurora PostgreSQL_y1_query_total_time_Flag,os.swap.free.avg,0.9
Amazon Aurora PostgreSQL_y1_query_total_time_Flag,os.swap.total.avg,0.9
Amazon Aurora PostgreSQL_y1_query_total_time_Flag,os.swap.in.avg,0.9
Amazon Aurora PostgreSQL_y1_query_total_time_Flag,os.swap.out.avg,0.9
Amazon Aurora PostgreSQL_y1_query_total_time_Flag,os.tasks.blocked.avg,0.9
Amazon Aurora PostgreSQL_y1_query_total_time_Flag,os.tasks.running.avg,0.9
Amazon Aurora PostgreSQL_y1_query_total_time_Flag,os.tasks.sleeping.avg,0.9
Amazon Aurora PostgreSQL_y1_query_total_time_Flag,os.tasks.stopped.avg,0.9
Amazon Aurora PostgreSQL_y1_query_total_time_Flag,os.tasks.total.avg,0.9
Amazon Aurora PostgreSQL_y1_query_total_time_Flag,os.tasks.zombie.avg,0.9
Amazon Aurora PostgreSQL_y1_query_total_time_Flag,pid,0.9
Amazon Aurora PostgreSQL_y1_query_total_time_Flag,query_total_time,0.9
Amazon Aurora PostgreSQL_y1_query_total_time_Flag,ReadLatency,0.0
Amazon Aurora PostgreSQL_y1_query_total_time_Flag,CPUUtilization,0.0
Amazon Aurora PostgreSQL_y1_query_total_time_Flag,DatabaseConnections,0.1147
