Y metric,X metric,coefficient
lambda_y2_Errors_Flag,Duration,0.9
lambda_y2_Errors_Flag,Throttles,0.9
lambda_y2_Errors_Flag,ProvisionedConcurrencyUtilization,0.9
lambda_y2_Errors_Flag,PostRuntimeExtensionsDuration,0.9
lambda_y2_Errors_Flag,ProvisionedConcurrencyInvocations,0.9
lambda_y2_Errors_Flag,ProvisionedConcurrencySpilloverInvocations,0.9
lambda_y2_Errors_Flag,ProvisionedConcurrentExecutions,0.9
lambda_y2_Errors_Flag,Memory Size (MB),0.9
lambda_y2_Errors_Flag,Max Memory Used (MB),0.9
lambda_y2_Errors_Flag,ConcurrentExecutions,0.436
lambda_y2_Errors_Flag,Invocations,0.3047
lambda_y2_Errors_Flag,Billed Duration (ms),0.6274
