Y metric,X metric,coefficient
lambda_y1_Duration_Flag,ConcurrentExecutions,0.8
lambda_y1_Duration_Flag,Throttles,0.8
lambda_y1_Duration_Flag,Invocations,0.8
lambda_y1_Duration_Flag,Errors,0.8
lambda_y1_Duration_Flag,ProvisionedConcurrencyUtilization,0.8
lambda_y1_Duration_Flag,PostRuntimeExtensionsDuration,0.8
lambda_y1_Duration_Flag,ProvisionedConcurrencyInvocations,0.8
lambda_y1_Duration_Flag,ProvisionedConcurrencySpilloverInvocations,0.8
lambda_y1_Duration_Flag,ProvisionedConcurrentExecutions,0.8
lambda_y1_Duration_Flag,Memory Size (MB),0.8
lambda_y1_Duration_Flag,Duration,0.1151
lambda_y1_Duration_Flag,Billed Duration (ms),0.3168
lambda_y1_Duration_Flag,Max Memory Used (MB),0.79
