Y metric,X metric,coefficient
glue_y2_JobRunState_Flag,glue.driver.jvm.heap.usage,0.6
glue_y2_JobRunState_Flag,glue.driver.aggregate.elapsedTime,0.6
glue_y2_JobRunState_Flag,glue.driver.aggregate.numCompletedStages,0.6
glue_y2_JobRunState_Flag,glue.driver.aggregate.numCompletedTasks,0.6
glue_y2_JobRunState_Flag,glue.driver.aggregate.recordsRead,0.6
glue_y2_JobRunState_Flag,glue.driver.aggregate.shuffleLocalBytesRead,0.6
glue_y2_JobRunState_Flag,glue.driver.BlockManager.disk.diskSpaceUsed_MB,0.6
glue_y2_JobRunState_Flag,glue.ALL.jvm.heap.usage,0.6
glue_y2_JobRunState_Flag,glue.driver.jvm.heap.used,0.6
glue_y2_JobRunState_Flag,glue.ALL.jvm.heap.used,0.6
glue_y2_JobRunState_Flag,glue.driver.s3.filesystem.read_bytes,0.6
glue_y2_JobRunState_Flag,glue.ALL.s3.filesystem.read_bytes,0.6
glue_y2_JobRunState_Flag,glue.driver.s3.filesystem.write_bytes,0.6
glue_y2_JobRunState_Flag,glue.ALL.s3.filesystem.write_bytes,0.6
glue_y2_JobRunState_Flag,glue.driver.system.cpuSystemLoad,0.6
glue_y2_JobRunState_Flag,glue.ALL.system.cpuSystemLoad,0.6
glue_y2_JobRunState_Flag,ExecutionTime,0.6
glue_y2_JobRunState_Flag,AllocatedCapacity,0.6
glue_y2_JobRunState_Flag,NumberOfWorkers,0.6
glue_y2_JobRunState_Flag,GlueVersion,0.6
glue_y2_JobRunState_Flag,glue.driver.aggregate.numFailedTasks,0.0083
glue_y2_JobRunState_Flag,glue.driver.aggregate.bytesRead,0.0095
glue_y2_JobRunState_Flag,glue.driver.aggregate.shuffleBytesWritten,0.0083
glue_y2_JobRunState_Flag,glue.driver.aggregate.numKilledTasks,0.9181
