Y metric,X metric,coefficient
s3_y2_errorCode_Flag,BucketSizeBytes,0.10
s3_y2_errorCode_Flag,NumberOfObjects,0.10
s3_y2_errorCode_Flag,AllRequests,0.10
s3_y2_errorCode_Flag,HeadRequests,0.10
s3_y2_errorCode_Flag,BytesDownloaded,0.10
s3_y2_errorCode_Flag,BytesUploaded,0.10
s3_y2_errorCode_Flag,DeleteRequests,0.10
s3_y2_errorCode_Flag,GetRequests,0.10
s3_y2_errorCode_Flag,ListRequests,0.10
s3_y2_errorCode_Flag,PostRequests,0.10
s3_y2_errorCode_Flag,PutRequests,0.10
s3_y2_errorCode_Flag,SelectRequests,0.10
s3_y2_errorCode_Flag,FirstByteLatency,0.10
s3_y2_errorCode_Flag,TotalRequestLatency,0.10
s3_y2_errorCode_Flag,SelectBytesScanned,0.10
s3_y2_errorCode_Flag,SelectBytesReturned,0.10
s3_y2_errorCode_Flag,eventID,0.10
s3_y2_errorCode_Flag,eventTime,0.10
s3_y2_errorCode_Flag,eventSource,0.10
s3_y2_errorCode_Flag,eventName,0.10
s3_y2_errorCode_Flag,eventType,0.10
s3_y2_errorCode_Flag,awsRegion,0.10
s3_y2_errorCode_Flag,sourceIPAddress,0.10
s3_y2_errorCode_Flag,errorMessage,0.10
s3_y2_errorCode_Flag,key,0.10
s3_y2_errorCode_Flag,requestID,0.10
