Y metric,X metric,coefficient
s3_y1_TotalRequestLatency_Flag,BucketSizeBytes,0.6
s3_y1_TotalRequestLatency_Flag,NumberOfObjects,0.6
s3_y1_TotalRequestLatency_Flag,AllRequests,0.6
s3_y1_TotalRequestLatency_Flag,HeadRequests,0.6
s3_y1_TotalRequestLatency_Flag,BytesDownloaded,0.6
s3_y1_TotalRequestLatency_Flag,BytesUploaded,0.6
s3_y1_TotalRequestLatency_Flag,DeleteRequests,0.6
s3_y1_TotalRequestLatency_Flag,GetRequests,0.6
s3_y1_TotalRequestLatency_Flag,ListRequests,0.6
s3_y1_TotalRequestLatency_Flag,PostRequests,0.6
s3_y1_TotalRequestLatency_Flag,PutRequests,0.6
s3_y1_TotalRequestLatency_Flag,SelectRequests,0.6
s3_y1_TotalRequestLatency_Flag,FirstByteLatency,0.6
s3_y1_TotalRequestLatency_Flag,SelectBytesScanned,0.6
s3_y1_TotalRequestLatency_Flag,SelectBytesReturned,0.6
s3_y1_TotalRequestLatency_Flag,eventID,0.6
s3_y1_TotalRequestLatency_Flag,eventTime,0.6
s3_y1_TotalRequestLatency_Flag,eventSource,0.6
s3_y1_TotalRequestLatency_Flag,eventName,0.6
s3_y1_TotalRequestLatency_Flag,eventType,0.6
s3_y1_TotalRequestLatency_Flag,awsRegion,0.6
s3_y1_TotalRequestLatency_Flag,sourceIPAddress,0.6
s3_y1_TotalRequestLatency_Flag,errorCode,0.6
s3_y1_TotalRequestLatency_Flag,errorMessage,0.6
s3_y1_TotalRequestLatency_Flag,key,0.6
s3_y1_TotalRequestLatency_Flag,requestID,0.6
