[{
	"source": {},
	"ts": "2022-11-18 03:40:00",
	"jobs" : [{
        "job_name": "bigtable_export_221208-1305-Table1",
		"job_id": "2022-12-08_05_05_05-6956236118744705736",
        "job_billable_shuffle_data_processed": 45 ,
		"job_current_num_vcpus": 1 ,
		"job_current_shuffle_slots": 0 ,
		"job_disk_space_capacity": 26843545600
	},
	{
		"job_name": "import_avro",
		"job_id": "2022-12-08_06_24_46-6029969653789793735",
        "job_billable_shuffle_data_processed": 135 ,
		"job_current_num_vcpus": 1 ,
		"job_current_shuffle_slots": 0 ,
		"job_disk_space_capacity": 107374182400,
		"job_elapsed_time": 270,
		"job_memory_capacity": 4026531840,
		"job_thread_time": 25515 ,
		"job_total_memory_usage_time": 407,
		"job_total_pd_usage_time": 2715,
		"pubsub" : [{
			"topic_id": "12080624-cet1-harness-7p73",
			"job_pubsub_write_latencies" : 19296010240 ,
			"job_pubsub_write_count" : 799375360,
			"job_pubsub_read_count" : 3859202048
		}],
		"worker" : [{
			"worker_id": "import-avro-12080624-cet1-harness-7p73",
			"worker_memory_container_limit" : 19296010240 ,
			"worker_memory_bytes_used" : 799375360,
			"worker_memory_total_limit" : 3859202048
		}]
	}],
	"endpoints" : [{
        "endpoint": "shuffle-deployment-10",
        "quota_region_endpoint_shuffle_slot_limit" : 640,
        "quota_region_endpoint_shuffle_slot_usage" : 0
       },
       {
        "endpoint": "shuffle-deployment-3",
        "quota_region_endpoint_shuffle_slot_limit" : 1280,
        "quota_region_endpoint_shuffle_slot_usage" : 0
       }
    ]


}]