{
  "source": {
    "region": "us-east",
    "env": "prod",
    "service_provider": "Azure"
  },
  "time_stamp": "2022-09-22 13:55",
  "managed_clusters": [
    {
      "aks_name": "monitoring-test",
      "apiserver_current_inflight_requests": "5.0",
      "kube_node_status_allocatable_cpu_cores": "2.0",
      "kube_node_status_allocatable_memory_bytes": "5625032704.0",
      "kube_pod_status_ready": "24.0",
      "kube_node_status_condition": "20.0",
      "kube_pod_status_phase": "24.0",
      "node_cpu_usage_millicores": "183.6",
      "node_cpu_usage_percentage": "9.6",
      "node_memory_rss_bytes": "2104151244.8",
      "node_memory_rss_percentage": "37.0",
      "node_memory_working_set_bytes": "3606172467.2",
      "node_memory_working_set_percentage": "64.0",
      "node_disk_usage_bytes": "10319697510.4",
      "node_disk_usage_percentage": "9.0",
      "node_network_in_bytes": "59773.2",
      "node_network_out_bytes": "59703.8",
      "cpuThresholdViolated": "0.0",
      "memoryRssThresholdViolated": "0.0",
      "memoryWorkingSetThresholdViolated": "0.0",
      "podCount": "24.0",
      "completedJobsCount": "0.0",
      "restartingContainerCount": "1.0",
      "oomKilledContainerCount": "0.0",
      "podReadyPercentage": "95.23809523809524",
      "cpuUsageMillicores": "189.2935703333333",
      "cpuUsagePercentage": "9.464678516666666",
      "cpuUsageAllocatablePercentage": "9.962819491228071",
      "memoryRssBytes": "2102580838.4",
      "memoryRssPercentage": "25.19874508310069",
      "memoryRssAllocatablePercentage": "37.5460864",
      "memoryWorkingSetBytes": "3604344832.0",
      "memoryWorkingSetPercentage": "43.196896382958776",
      "nodesCount": "1.0",
      "diskUsedPercentage": "2.084255927873557",
      "pvUsageThresholdViolated": "0.0",
      "Avgnodecpuusage": "9.109726583333352",
      "Avgnodememoryusage": "25.223034430690188",
      "TotalCount": "24",
      "PendingCount": "0",
      "RunningCount": "24",
      "SucceededCount": "0",
      "FailedCount": "0",
      "UnknownCount": "0",
      "MaxNodeDiskUsage": "23.0500954864437",
      "Computer": [
        {
          "Computer": "aks-agentpool-95135675-vmss00000l",
          "Avgdiskioreads": "91564",
          "Avgdiskioread_bytes": "1450288128",
          "Avgdiskioread_time": "237591",
          "Avgdiskiowrites": "1295885.0",
          "Avgdiskiowrite_bytes": "23765140480.0",
          "Avgdiskiowrite_time": "1347762.0",
          "Avgdiskio_time": "1302482.4",
          "Avgdiskiops_in_progress": "0",
          "Avgdiskfree": "7129298118.4",
          "Avgdiskused": "1919304633.6",
          "Avgdiskusedpercent": "2.084216234255619",
          "Avgbytes_recv": "3662400563.6",
          "Avgbytes_sent": "322226684.8",
          "Avgerr_in": "0",
          "Avgerr_out": "0",
          "AvgpvUsedBytes": "152598528",
          "ReadyCount": "1",
          "NotReadyCount": "0"
        }
      ],
      "Container": [
        {
          "ShortInstanceName": "autoscaler",
          "AvgcpuRequestNanoCores": "20000000",
          "AvgcpuLimitNanoCores": "200000000",
          "AvgcpuUsageNanoCores": "155343.8",
          "AvgmemoryRequestBytes": "10485760",
          "AvgmemoryLimitBytes": "524288000",
          "AvgmemoryRssBytes": "10915840.0",
          "AvgmemoryWorkingSetBytes": "15646720.0",
          "AvgrestartTimeEpoch": "1668492284"
        }
      ],
      "Node": [
        {
          "ShortInstanceName": "aks-agentpool-95135675-vmss00000l",
          "AvgcpuAllocatableNanoCores": "1900000000",
          "AvgcpuUsageNanoCores": "182194531.666667",
          "AvgcpuCapacityNanoCores": "2000000000",
          "AvgmemoryAllocatableBytes": "5625032704",
          "AvgmemoryCapacityBytes": "8343990272",
          "AvgmemoryRssBytes": "2104607539.2",
          "AvgmemoryWorkingSetBytes": "3606297804.8",
          "AvgrestartTimeEpoch": "1668492125.7280002"
        }
      ]
    },
    {
      "aks_name": "monitoring-test1",
      "Avgnodecpuusage": "9.109726583333352",
      "Avgnodememoryusage": "25.223034430690188",
      "TotalCount": "24",
      "PendingCount": "0",
      "RunningCount": "24",
      "SucceededCount": "0",
      "FailedCount": "0",
      "UnknownCount": "0",
      "MaxNodeDiskUsage": "23.0500954864437",
      "Computer": [
        {
          "Computer": "aks-agentpool-95135675-vmss00000l",
          "Avgdiskioreads": "91564",
          "Avgdiskioread_bytes": "1450288128",
          "Avgdiskioread_time": "237591",
          "Avgdiskiowrites": "1295885.0",
          "Avgdiskiowrite_bytes": "23765140480.0",
          "Avgdiskiowrite_time": "1347762.0",
          "Avgdiskio_time": "1302482.4",
          "Avgdiskiops_in_progress": "0",
          "Avgdiskfree": "7129298118.4",
          "Avgdiskused": "1919304633.6",
          "Avgdiskusedpercent": "2.084216234255619",
          "Avgbytes_recv": "3662400563.6",
          "Avgbytes_sent": "322226684.8",
          "Avgerr_in": "0",
          "Avgerr_out": "0",
          "AvgpvUsedBytes": "152598528",
          "ReadyCount": "1",
          "NotReadyCount": "0"
        }
      ],
      "Container": [
        {
          "ShortInstanceName": "autoscaler",
          "AvgcpuRequestNanoCores": "20000000",
          "AvgcpuLimitNanoCores": "200000000",
          "AvgcpuUsageNanoCores": "155343.8",
          "AvgmemoryRequestBytes": "10485760",
          "AvgmemoryLimitBytes": "524288000",
          "AvgmemoryRssBytes": "10915840.0",
          "AvgmemoryWorkingSetBytes": "15646720.0",
          "AvgrestartTimeEpoch": "1668492284"
        }
      ],
      "Node": [
        {
          "ShortInstanceName": "aks-agentpool-95135675-vmss00000l",
          "AvgcpuAllocatableNanoCores": "1900000000",
          "AvgcpuUsageNanoCores": "182194531.666667",
          "AvgcpuCapacityNanoCores": "2000000000",
          "AvgmemoryAllocatableBytes": "5625032704",
          "AvgmemoryCapacityBytes": "8343990272",
          "AvgmemoryRssBytes": "2104607539.2",
          "AvgmemoryWorkingSetBytes": "3606297804.8",
          "AvgrestartTimeEpoch": "1668492125.7280002"
        }
      ]
    },
    {
      "aks_name": "monitoring-test2",
      "apiserver_current_inflight_requests": "5.0",
      "kube_node_status_allocatable_cpu_cores": "2.0",
      "kube_node_status_allocatable_memory_bytes": "5625032704.0",
      "kube_pod_status_ready": "24.0",
      "kube_node_status_condition": "20.0",
      "kube_pod_status_phase": "24.0",
      "node_cpu_usage_millicores": "183.6",
      "node_cpu_usage_percentage": "9.6",
      "node_memory_rss_bytes": "2104151244.8",
      "node_memory_rss_percentage": "37.0",
      "node_memory_working_set_bytes": "3606172467.2",
      "node_memory_working_set_percentage": "64.0",
      "node_disk_usage_bytes": "10319697510.4",
      "node_disk_usage_percentage": "9.0",
      "node_network_in_bytes": "59773.2",
      "node_network_out_bytes": "59703.8",
      "cpuThresholdViolated": "0.0",
      "memoryRssThresholdViolated": "0.0",
      "memoryWorkingSetThresholdViolated": "0.0",
      "podCount": "24.0",
      "completedJobsCount": "0.0",
      "restartingContainerCount": "1.0",
      "oomKilledContainerCount": "0.0",
      "podReadyPercentage": "95.23809523809524",
      "cpuUsageMillicores": "189.2935703333333",
      "cpuUsagePercentage": "9.464678516666666",
      "cpuUsageAllocatablePercentage": "9.962819491228071",
      "memoryRssBytes": "2102580838.4",
      "memoryRssPercentage": "25.19874508310069",
      "memoryRssAllocatablePercentage": "37.5460864",
      "memoryWorkingSetBytes": "3604344832.0",
      "memoryWorkingSetPercentage": "43.196896382958776",
      "nodesCount": "1.0",
      "diskUsedPercentage": "2.084255927873557",
      "pvUsageThresholdViolated": "0.0"
    }
  ]
}