{
	"source": {
		"region": "eastus",
		"env": "prod",
		"service_provider": "Azure"
	},
	"ts": "2023-06-16 10:30",
	"azure_redis_cache": [
		{
			"name": "orechestrai-appops-poc",
			"id": "7a1bde2cb12e342f94c6e775c0eb28eac1f839a81680bf254254721a",
			"location": "East US",
			"host_name": "orechestrai-appops-poc.redis.cache.windows.net",
			"port": 6379,
			"public_network_access": "Enabled",
			"maxclients": 256,
			"maxfragmentationmemory_reserved": 30,
			"maxmemory_delta": 30,
			"maxmemory_policy": "volatile-lru",
			"maxmemory_reserved": 30,
			"redis_version": 6.0,
			"SKUName": "Standard_C0",
			"ssl_port": 6380,
			"allcachehits": 0.0,
			"allcachemisses": 0.0,
			"allcacheRead": 27263.85,
			"allcacheWrite": 27285.8,
			"allconnectedclients": 2.5,
			"allevictedkeys": 0.0,
			"allexpiredkeys": 0.0,
			"allgetcommands": 0.0,
			"alloperationsPerSecond": 7.65,
			"allpercentprocessortime": 2.85,
			"allserverLoad": 0.4,
			"allsetcommands": 0.0,
			"alltotalcommandsprocessed": 353.6,
			"alltotalkeys": 0.0,
			"allusedmemory": 21369135.2,
			"allusedmemorypercentage": 2.0,
			"allusedmemoryRss": 1056768.0,
			"allConnectionsClosedPerSecond": 1.192,
			"allConnectionsCreatedPerSecond": 1.192,
			"cacheLatency": 2098.785,
			"cachemissrate": 0.0,
			"errors": 0.0,
			"LatencyP99": 4869.2,
			"cachehitrate": 0.0
		}
	]
}