{
    "JobName": "job_name",
    "values":[
        {"MetricDate": "Timestamp",
		"JobId": "run_id",
		"ExecutionTime": "execution_time",
		"JobRunState": "job_run_status",
        "glue.driver.aggregate.bytesRead": "Driver_Bytes_Read",
        "glue.driver.aggregate.elapsedTime": "Driver_Elapsed_Time",
        "DriverNumCompletedStages": "Driver_NumCompleted_Stages",
        "glue.driver.aggregate.numCompletedTasks": "Driver_NumCompleted_Tasks",
        "glue.driver.aggregate.numFailedTasks": "Driver_NumFailed_Tasks",
        "DriverNumKilledTasks": "Driver_NumKilled_Tasks",
        "glue.driver.aggregate.recordsRead": "Driver_RecordsRead",
        "glue.driver.aggregate.shuffleBytesWritten": "Driver_ShuffleBytes_Written",
        "glue.driver.aggregate.shuffleLocalBytesRead": "Driver_ShuffleLocal_BytesRead",
        "DriverBlockManagerDiskSpaceUsed_MB": "Driver_BlockManager_DiskSpaceUsed_MB",
        "DriverNumberAllExecutors": "Driver_NumberAll_Executors",
        "DriverMaxNeededExecutors": "Driver_MaxNeeded_Executors",
        "DriverJvmHeapUsage": "Driver_Jvm_HeapUsage",
        "glue.executorId.jvm.heap.usage": "Executor_IdJvm_HeapUsage",
        "glue.ALL.jvm.heap.usage": "Jvm_HeapUsage_All",
        "glue.driver.jvm.heap.used": "Driver_Jvm_HeapUsed",
        "glue.executorId.jvm.heap.used": "ExecutorId_JvmHeapUsed",
        "glue.ALL.jvm.heap.used": "Jvm_HeapUsed_All",
        "glue.driver.s3.filesystem.read_bytes": "S3_Driver_ReadBytes",
        "glue.executorId.s3.filesystem.read_bytes": "S3_ExecutorId_ReadBytes",
        "glue.ALL.s3.filesystem.read_bytes": "S3_ReadBytes_All",
        "glue.driver.s3.filesystem.write_bytes": "S3_Driver_WriteBytes",
        "glue.executorId.s3.filesystem.write_bytes": "S3_ExecutorId_WriteBytes",
        "glue.ALL.s3.filesystem.write_bytes": "S3_WriteBytes_All",
        "glue.driver.system.cpuSystemLoad": "Driver_SystemCpu_SystemLoad",
        "glue.executorId.system.cpuSystemLoad": "ExecutorId_SystemCpu_SystemLoad",
        "glue.ALL.system.cpuSystemLoad": "Cpu_SystemLoad_All",
        "DriverNumRecords": "Driver_NumRecords",
        "DriverBatchProcessingTimeinMs": "DriverBatch_Processing_TimeinMs",
        "AllocatedCapacity": "allocated_capacity",
        "MaxCapacity": "Max_Capacity",
        "WorkerType": "Worker_Type",
        "NumberOfWorkers": "Number_Of_Workers"
    }]
}
