{
    "JobName": "job_name",
    "values":[
        {"MetricDate": "Timestamp",
		"AllRequests": "All_Requests",
		"PutRequests": "Put_Requests",
        "DeleteRequests": "Delete_Requests",
        "HeadRequests": "Head_Requests",
		"SelectRequests": "Select_Requests",
        "4xxErrors": "four_Errors",
        "5xxErrors": "five_Errors",
		"FirstByteLatency": "First_Byte_Latency",
        "TotalRequestLatency": "Total_Request_Latency",
        "BucketSizeBytes": "Bucket_Size_Bytes",
		"NumberOfObjects": "NumberOf_Objects",
        "GetRequests": "Get_Requests",
        "PostRequests": "Post_Requests"
    }]
}
