{
    "JobName": "job_name",
    "values":[
        {"MetricDate": "Timestamp",
		"Invocations": "Invoc_",
		"ModelLatency": "Model_Latency",
		"ModelLoadingWaitTime": "Model_Loading_WaitTime",
        "ModelLoadingTime": "Model_LoadingTime",
        "LoadedModelCount": "Loaded_ModelCount",
        "CPUUtilization": "CPU_Utilization",
        "MemoryUtilization": "Memory_Utilization",
        "GPUUtilization": "GPU_Utilization",
        "GPUMemoryUtilization": "GPU_MemoryUtilization",
        "DiskUtilization": "Disk_Utilization",
        "ActiveWorkers": "Active_Workers",
        "DatasetObjectsLabelingFailed": "DatasetObjects_LabelingFailed",
        "JobsFailed": "Jobs_Failed",
        "JobsSucceeded": "Jobs_Succeeded",
        "TasksAccepted": "Tasks_Accepted",
        "TasksDeclined": "Tasks_Declined",
        "TasksReturned": "Tasks_Returned",
        "TasksSubmitted": "Tasks_Submitted",
        "TimeSpent": "Time_Spent",
        "Latency": "lat_",
        "ExecutionFailed": "Execution_Failed",
        "ExecutionSucceeded": "Execution_Succeeded",
        "ExecutionDuration": "Execution_Duration",
        "StepFailed": "Step_Failed",
        "StepSucceeded": "Step_Succeeded",
        "StepDuration": "Step_Duration"
    }]
}
