{
  "ts": {
    "$date": {
      "$numberLong": "1679995380000"
    }
  },
  "source": {
    "env": "prod",
    "region": "N.A.",
    "service_provider": "thirdparty"
  },
  "_id": {
    "$oid": "6422b21343ae66f1ecbc4e1b"
  },
  "instances": [
    {
      "nodename": "ip-10-253-164-68",
      "sysname": "Linux",
      "release": "3.10.0-1160.76.1.el7.x86_64",
      "machine": "x86_64",
      "number-of-cpus": 2,
      "statistics": [
        {
          "avg-cpu": {
            "user": 0.61,
            "nice": 0.07,
            "system": 1.09,
            "iowait": 0.15,
            "steal": 0,
            "idle": 98.08
          },
          "sadf_metrics": {
            "CPU": -1,
            "%user": 0.66,
            "%nice": 0,
            "%system": 1.21,
            "%iowait": 0.12,
            "%steal": 0,
            "%idle": 98.02,
            "proc/s": 0.22,
            "cswch/s": 1400.31,
            "pswpin/s": 0,
            "pswpout/s": 0,
            "pgpgin/s": 0,
            "pgpgout/s": 50.04,
            "fault/s": 470.06,
            "majflt/s": 0,
            "pgfree/s": 488.97,
            "pgscank/s": 0,
            "pgscand/s": 0,
            "pgsteal/s": 0,
            "%vmeff": 0,
            "tps": 10.74,
            "rtps": 0,
            "wtps": 10.74,
            "dtps": 0,
            "bread/s": 0,
            "bwrtn/s": 100.08,
            "bdscd/s": 0,
            "kbmemfree": 2025084,
            "kbavail": 13822376,
            "kbmemused": 850768,
            "%memused": 5.3,
            "kbbuffers": 2072,
            "kbcached": 12190952,
            "kbcommit": 2464400,
            "%commit": 15.36,
            "kbactive": 10469952,
            "kbinact": 2173252,
            "kbdirty": 64,
            "kbswpfree": 0,
            "kbswpused": 0,
            "%swpused": 0,
            "kbswpcad": 0,
            "%swpcad": 0,
            "dentunusd": 871344,
            "file-nr": 1920,
            "inode-nr": 326786,
            "pty-nr": 1,
            "runq-sz": 0,
            "plist-sz": 321,
            "ldavg-1": 0,
            "ldavg-5": 0.01,
            "ldavg-15": 0.06,
            "blocked": 0
          },
          "disk": [
            {
              "disk_device": "dm-0",
              "tps": 0.49,
              "kB_read/s": 0.02,
              "kB_wrtn/s": 4.47,
              "kB_dscd/s": 0,
              "kB_read": 313019,
              "kB_wrtn": 58398645,
              "kB_dscd": 0
            },
            {
              "disk_device": "dm-1",
              "tps": 0,
              "kB_read/s": 0,
              "kB_wrtn/s": 0,
              "kB_dscd/s": 0,
              "kB_read": 3482,
              "kB_wrtn": 14989,
              "kB_dscd": 0
            },
            {
              "disk_device": "dm-2",
              "tps": 0.13,
              "kB_read/s": 0,
              "kB_wrtn/s": 0.94,
              "kB_dscd/s": 0,
              "kB_read": 4794,
              "kB_wrtn": 12212735,
              "kB_dscd": 0
            },
            {
              "disk_device": "dm-3",
              "tps": 10.08,
              "kB_read/s": 0,
              "kB_wrtn/s": 45.1,
              "kB_dscd/s": 0,
              "kB_read": 15151,
              "kB_wrtn": 588755504,
              "kB_dscd": 0
            },
            {
              "disk_device": "dm-4",
              "tps": 0.02,
              "kB_read/s": 0,
              "kB_wrtn/s": 0.11,
              "kB_dscd/s": 0,
              "kB_read": 3554,
              "kB_wrtn": 1430917,
              "kB_dscd": 0
            },
            {
              "disk_device": "dm-5",
              "tps": 0.01,
              "kB_read/s": 0.01,
              "kB_wrtn/s": 0.19,
              "kB_dscd/s": 0,
              "kB_read": 162878,
              "kB_wrtn": 2460162,
              "kB_dscd": 0
            },
            {
              "disk_device": "nvme0n1",
              "tps": 10.79,
              "kB_read/s": 0.45,
              "kB_wrtn/s": 51.94,
              "kB_dscd/s": 0,
              "kB_read": 5937712,
              "kB_wrtn": 677981401,
              "kB_dscd": 0
            },
            {
              "disk_device": "nvme1n1",
              "tps": 0,
              "kB_read/s": 0.03,
              "kB_wrtn/s": 0.31,
              "kB_dscd/s": 0,
              "kB_read": 340644,
              "kB_wrtn": 4105235,
              "kB_dscd": 0
            }
          ]
        }
      ],
      "processes": [
        {
          "pid": 19643,
          "Command": "/home/aipuser/R/x86_64-pc-linux-gnu-library/3.5/Rserve/libs//Rserve",
          "elapsed": "20-23:59:08",
          "user": "aipuser",
          "per_usr": 0,
          "per_system": 0,
          "per_guest": 0,
          "per_cpu": 0,
          "cpu": 0,
          "minflt_s": 0,
          "majflt_s": 0,
          "vsz": 595780,
          "rss": 40216,
          "per_mem": 0.25,
          "kB_rd_s": 0,
          "kB_wr_s": 0,
          "kB_ccwr_s": 0,
          "iodelay": 0
        }
      ]
    }
  ]
}