job_id,job_run_id,task,task_details
375302503150265,405935308,spark_jar_task,main_class_name: com.bcbsm.ie.etl.main.ADHIKAMemHealthStatusDim
228,405934665,spark_jar_task,main_class_name: com.bcbsm.ie.etl.main.EasyETL
158078806106050,405934343,spark_jar_task,main_class_name: com.bcbsm.ie.extracts.main.WshdExt
665346382055216,405934305,spark_jar_task,main_class_name: com.bcbsm.ie.etl.main.IBUADHSFAgencyAccountObject
49070487659336,405934096,spark_jar_task,main_class_name: cmcx.cust_ztam0210_grp_cvg_stg.load_cust_ztam0210_grp_cvg_stg
16397,405934012,spark_python_task,python_file: dbfs:/FileStore/data01/refresh_script/refreshTableupdated.py
16397,405933320,spark_python_task,python_file: dbfs:/FileStore/data01/refresh_script/refreshTableupdated.py
331256165251991,405932860,spark_jar_task,main_class_name: com.bcbsm.ie.etl.main.PostgresToPostgres
741198179718086,405932780,spark_jar_task,main_class_name: com.bcbsm.ie.etl.main.PostgresToPostgresProv
17557547771021,405932597,spark_jar_task,main_class_name: com.bcbsm.ie.etl.main.PostgresToPostgresEpi
214364005513253,405931876,spark_jar_task,main_class_name: com.bcbsm.ie.etl.main.ErrorHandling
16397,405931047,spark_python_task,python_file: dbfs:/FileStore/data01/refresh_script/refreshTableupdated.py
228,405930251,spark_jar_task,main_class_name: com.bcbsm.ie.etl.main.EasyETL
228,405929758,spark_jar_task,main_class_name: com.bcbsm.ie.etl.main.EasyETL
228,405929600,spark_jar_task,main_class_name: com.bcbsm.ie.etl.main.EasyETL
228,405928442,spark_jar_task,main_class_name: com.bcbsm.ie.etl.main.EasyETL
16397,405928256,spark_python_task,python_file: dbfs:/FileStore/data01/refresh_script/refreshTableupdated.py
228,405926737,spark_jar_task,main_class_name: com.bcbsm.ie.etl.main.EasyETL
228,405925513,spark_jar_task,main_class_name: com.bcbsm.ie.etl.main.EasyETL
228,405924335,spark_jar_task,main_class_name: com.bcbsm.ie.etl.main.EasyETL
