{
  "_id": {
    "$oid": "6399d872a3ec871dd0ef711c"
  },
  "source": {},
  "ts": {
    "$date": {
      "$numberLong": "1669857000000"
    }
  },
  "buckets": [
    {
      "bucket_name": "aicms-databricks-logging",
      "start_time": "2023-01-31 08:05:00+00:00",
      "end_time": "2023-01-31 08:05:00+00:00",
      "authentication_count": "",
      "acl_based_object_access_count": "",
      "acl_operations_count": "",
      "object_specific_acl_mutation_count": "",
      "transition_operation_count": "",
      "transitioned_bytes_count": "",
      "received_bytes_count": "",
      "sent_bytes_count": "",
      "missing_rpo_minutes_last_30d": "",
      "time_since_metrics_updated": "",
      "acl_based_object_access_count": "",
      "object_count": "",
      "total_byte_seconds": "",
      "total_bytes": "",
      "has_errors": true,
      "response": [
        {
          "start_time": "2023-01-31 08:05",
          "end_time": "2023-01-31 08:05",
          "request_count": "5",
          "response_code": "NOT_FOUND"
        },
        {
          "start_time": "2023-01-31 08:05",
          "end_time": "2023-01-31 08:05",
          "request_count": "4",
          "response_code": "OUT_OF_RANGE"
        },
        {
          "start_time": "2023-01-31 08:05",
          "end_time": "2023-01-31 08:05",
          "request_count": "3",
          "response_code": "UNAUTHENTICATED"
        }
      ]
    },
    {
      "bucket_name": "aicms-databricks-logging",
      "start_time": "2023-01-31 08:05:00+00:00",
      "end_time": "2023-01-31 08:05:00+00:00",
      "authentication_count": "",
      "acl_based_object_access_count": "",
      "acl_operations_count": "",
      "object_specific_acl_mutation_count": "",
      "transition_operation_count": "",
      "transitioned_bytes_count": "",
      "received_bytes_count": "",
      "sent_bytes_count": "",
      "missing_rpo_minutes_last_30d": "",
      "time_since_metrics_updated": "",
      "acl_based_object_access_count": "",
      "object_count": "",
      "total_byte_seconds": "",
      "total_bytes": "",
      "has_errors": false
    }
  ]
}