{
  "service_provider": "",
  "env_name": null,
  "account_id": "",
  "start_time": "None",
  "end_time": "None",
  "metrics": {
    "dimension": [
      "ip"
    ],
    "metric_name": [
      "ip",
      "redis_version",
      "redis_build_id",
      "redis_mode",
      "process_id",
      "process_supervised",
      "run_id",
      "io_threads_active",
      "connected_clients",
      "cluster_connections",
      "maxclients",
      "client_recent_max_input_buffer",
      "client_recent_max_output_buffer",
      "blocked_clients",
      "tracking_clients",
      "clients_in_timeout_table",
      "used_memory",
      "used_memory_human",
      "used_memory_rss",
      "used_memory_rss_human",
      "used_memory_peak",
      "used_memory_peak_human",
      "used_memory_peak_perc",
      "used_memory_overhead",
      "used_memory_startup",
      "used_memory_dataset",
      "used_memory_dataset_perc",
      "total_system_memory",
      "total_system_memory_human",
      "used_memory_lua",
      "used_memory_lua_human",
      "used_memory_scripts",
      "used_memory_scripts_human",
      "maxmemory",
      "mem_clients_slaves",
      "mem_clients_normal",
      "mem_cluster_links",
      "mem_aof_buffer",
      "mem_replication_backlog",
      "mem_total_replication_buffers",
      "mem_allocator",
      "total_connections_received",
      "total_commands_processed",
      "rejected_connections",
      "used_cpu_sys",
      "used_cpu_user",
      "used_cpu_sys_children",
      "used_cpu_user_children",
      "used_cpu_sys_main_thread",
      "used_cpu_user_main_thread",
      "errorstat_ERR",
      "cluster_enabled",
      "latency_percentiles_usec_hello_p50",
      "latency_percentiles_usec_hello_p99",
      "latency_percentiles_usec_hello_p999",
      "latency_percentiles_usec_ping_p50",
      "latency_percentiles_usec_ping_p99",
      "latency_percentiles_usec_ping_p999",
      "latency_percentiles_usec_command_docs_p50",
      "latency_percentiles_usec_command_docs_p99",
      "latency_percentiles_usec_command_docs_p999",
      "latency_percentiles_usec_memory_stats_p50",
      "latency_percentiles_usec_memory_stats_p99",
      "latency_percentiles_usec_memory_stats_p999",
      "latency_percentiles_usec_memory_doctor_p50",
      "latency_percentiles_usec_memory_doctor_p99",
      "latency_percentiles_usec_memory_doctor_p999",
      "latency_percentiles_usec_info_p50",
      "latency_percentiles_usec_info_p99",
      "latency_percentiles_usec_info_p999",
      "latency_percentiles_usec_latency_graph_p50",
      "latency_percentiles_usec_latency_graph_p99",
      "latency_percentiles_usec_latency_graph_p999",
      "latency_percentiles_usec_latency_latest_p50",
      "latency_percentiles_usec_latency_latest_p99",
      "latency_percentiles_usec_latency_latest_p999",
      "latency_percentiles_usec_latency_history_p50",
      "latency_percentiles_usec_latency_history_p99",
      "latency_percentiles_usec_latency_history_p999",
      "latency_percentiles_usec_slowlog_get_p50",
      "latency_percentiles_usec_slowlog_get_p99",
      "latency_percentiles_usec_slowlog_get_p999",
      "latency_percentiles_usec_slowlog_help_p50",
      "latency_percentiles_usec_slowlog_help_p99",
      "latency_percentiles_usec_slowlog_help_p999"
    ]
  },
  "metric_records": [
    {
      "timestamp": "2023-05-16 06:06:00",
      "metric_value": [
        "10.253.164.68",
        "7.0.11",
        "a361dbfaf99c0584",
        "standalone",
        6547,
        "no",
        "6a716bd329a0811ed11cb60e849de912bd485ced",
        0,
        1,
        0,
        4064,
        0,
        0,
        0,
        0,
        0,
        892328,
        "871.41K",
        8822784,
        "8.41M",
        1029944,
        "1005.80K",
        "86.64%",
        580352,
        580168,
        311976,
        "99.94%",
        16427261952,
        "15.30G",
        31744,
        "31.00K",
        184,
        "184B",
        0,
        0,
        0,
        0,
        0,
        0,
        0,
        "jemalloc-5.2.1",
        285,
        20142,
        0,
        593.296,
        626.738,
        0,
        0,
        593.283,
        626.737,
        "count=22",
        0,
        7,
        11,
        11.007,
        1,
        2,
        13.055,
        1400.83,
        1744.89,
        1744.895,
        21.11,
        37.11,
        37.119,
        7,
        7,
        7.007,
        74.23,
        227.32,
        257.023,
        8.03,
        9.02,
        9.023,
        2,
        2,
        2.007,
        5.02,
        5.02,
        5.023,
        3,
        6.01,
        6.015,
        23.03,
        23.03,
        23.039
      ]
    }
  ]
}