{
  "_id": "6458fe56f5e08957693ed668",
  "source": {
    "region": "N.A.",
    "env": "prod",
    "service_provider": "thirdparty"
  },
  "ts": "2023-05-05T12:08:00.000Z",
  "instances": [
    {
      "ip": "10.253.164.68",
      "redis_version": "7.0.11",
      "redis_build_id": "a361dbfaf99c0584",
      "redis_mode": "standalone",
      "process_id": 6547,
      "process_supervised": "no",
      "run_id": "6a716bd329a0811ed11cb60e849de912bd485ced",
      "io_threads_active": 0,
      "connected_clients": 1,
      "cluster_connections": 0,
      "maxclients": 4064,
      "client_recent_max_input_buffer": 0,
      "client_recent_max_output_buffer": 0,
      "blocked_clients": 0,
      "tracking_clients": 0,
      "clients_in_timeout_table": 0,
      "used_memory": 892328,
      "used_memory_human": "871.41K",
      "used_memory_rss": 8839168,
      "used_memory_rss_human": "8.43M",
      "used_memory_peak": 1029944,
      "used_memory_peak_human": "1005.80K",
      "used_memory_peak_perc": "86.64%",
      "used_memory_overhead": 580352,
      "used_memory_startup": 580168,
      "used_memory_dataset": 311976,
      "used_memory_dataset_perc": "99.94%",
      "total_system_memory": 16427261952,
      "total_system_memory_human": "15.30G",
      "used_memory_lua": 31744,
      "used_memory_lua_human": "31.00K",
      "used_memory_scripts": 184,
      "used_memory_scripts_human": "184B",
      "maxmemory": 0,
      "mem_clients_slaves": 0,
      "mem_clients_normal": 0,
      "mem_cluster_links": 0,
      "mem_aof_buffer": 0,
      "mem_replication_backlog": 0,
      "mem_total_replication_buffers": 0,
      "mem_allocator": "jemalloc-5.2.1",
      "total_connections_received": 196,
      "total_commands_processed": 20053,
      "rejected_connections": 0,
      "used_cpu_sys": 276.455,
      "used_cpu_user": 288.976,
      "used_cpu_sys_children": 0,
      "used_cpu_user_children": 0,
      "used_cpu_sys_main_thread": 276.445,
      "used_cpu_user_main_thread": 288.978,
      "errorstat_ERR": "count=22",
      "cluster_enabled": 0,
      "latency_percentiles_usec_hello_p50": 7,
      "latency_percentiles_usec_hello_p99": 11,
      "latency_percentiles_usec_hello_p999": 11.007,
      "latency_percentiles_usec_ping_p50": 1,
      "latency_percentiles_usec_ping_p99": 2,
      "latency_percentiles_usec_ping_p999": 13.055,
      "latency_percentiles_usec_command_docs_p50": 1400.83,
      "latency_percentiles_usec_command_docs_p99": 1744.89,
      "latency_percentiles_usec_command_docs_p999": 1744.895,
      "latency_percentiles_usec_memory_stats_p50": 21.11,
      "latency_percentiles_usec_memory_stats_p99": 37.11,
      "latency_percentiles_usec_memory_stats_p999": 37.119,
      "latency_percentiles_usec_memory_doctor_p50": 7,
      "latency_percentiles_usec_memory_doctor_p99": 7,
      "latency_percentiles_usec_memory_doctor_p999": 7.007,
      "latency_percentiles_usec_info_p50": 72.19,
      "latency_percentiles_usec_info_p99": 227.32,
      "latency_percentiles_usec_info_p999": 257.023,
      "latency_percentiles_usec_latency_graph_p50": 8.03,
      "latency_percentiles_usec_latency_graph_p99": 9.02,
      "latency_percentiles_usec_latency_graph_p999": 9.023,
      "latency_percentiles_usec_latency_latest_p50": 2,
      "latency_percentiles_usec_latency_latest_p99": 2,
      "latency_percentiles_usec_latency_latest_p999": 2.007,
      "latency_percentiles_usec_latency_history_p50": 5.02,
      "latency_percentiles_usec_latency_history_p99": 5.02,
      "latency_percentiles_usec_latency_history_p999": 5.023,
      "latency_percentiles_usec_slowlog_get_p50": 3,
      "latency_percentiles_usec_slowlog_get_p99": 6.01,
      "latency_percentiles_usec_slowlog_get_p999": 6.015,
      "latency_percentiles_usec_slowlog_help_p50": 23.03,
      "latency_percentiles_usec_slowlog_help_p99": 23.03,
      "latency_percentiles_usec_slowlog_help_p999": 23.039
    }
  ]
}