{   
    "source":{region:"us-east", env:"prod", service_provider:"" },
    "ts":"8/12/2022  4:28:38 AM",
    "functions":[
        {
            "function_name": "CDI_IWL_Chatbot_Router_V2",
            "runs": [
                {
                    "unique_id": "88ca61b8ef14310afeed1493b0c56571833e36492890eb67022d0c34",
                    "bill_duration": 111,
                    "memory_size": 222,
                    "max_memory_used": 333
                }
            ]
			"Duration":"",
			"PostRuntimeExtensionsDuration":"",
			"ProvisionedConcurrencyUtilization":"",
			"ConcurrentExecutions":"",
			"Throttles":"",
			"Invocations":"",
			"Errors":""

        }
    ]
}