{
  "ts": {
    "$date": {
      "$numberLong": "1674111300000"
    }
  },
  "workspaces": [
    {
      "workspaceName": "test-workspace",
      "timeGenerated": "2023-01-19 06:55",
      "cluster": [
        {
          "ClusterId": "0118-124245-28tw6m0t",
          "ClusterName": "Cluster1-test-workspace",
          "MemoryUsedForShuffling": "16124",
          "NumberOfNodes": "3",
          "RuntimeRatioForCluster": "7.92",
          "UsedHeapMemoryForCluster": "0",
          "jobs": [
            {
              "job_id": "337313882624985",
              "runs": [
                {
                  "run_id": "4",
                  "creator_user_name": "souvik.c.roy@accenture.com",
                  "number_in_job": "4",
                  "original_attempt_run_id": "4",
                  "life_cycle_state": "TERMINATED",
                  "result_state": "SUCCESS",
                  "user_cancelled_or_timedout": "False",
                  "start_time": "1674111441188",
                  "setup_duration": "3000",
                  "execution_duration": "22000",
                  "cleanup_duration": "0",
                  "end_time": "1674111466477",
                  "trigger": "ONE_TIME",
                  "run_name": "test-job-1",
                  "run_page_url": "https://adb-969036875264825.5.azuredatabricks.net/?o=969036875264825#job/337313882624985/run/4",
                  "run_type": "JOB_RUN",
                  "format": "MULTI_TASK",
                  "tasks": [
                    {
                      "task_run_id": "774",
                      "task_key": "test-job-1",
                      "task_start_time": "1674111441204",
                      "task_execution_duration": "22000",
                      "task_end_time": "1674111466361",
                      "task_life_cycle_state": "TERMINATED",
                      "task_result_state": "SUCCESS",
                      "task_user_cancelled_or_timedout": "False"
                    }
                  ]
                },
                {
                  "run_id": "1966",
                  "creator_user_name": "souvik.c.roy@accenture.com",
                  "number_in_job": "1966",
                  "original_attempt_run_id": "1966",
                  "life_cycle_state": "INTERNAL_ERROR",
                  "result_state": "FAILED",
                  "state_message": "Task clone-of-test-job-1 failed. This caused all downstream tasks to get skipped.",
                  "user_cancelled_or_timedout": "False",
                  "start_time": "1674111543923",
                  "setup_duration": "0",
                  "execution_duration": "0",
                  "cleanup_duration": "0",
                  "end_time": "1674111566952",
                  "run_duration": "23029.0",
                  "trigger": "ONE_TIME",
                  "run_name": "test-job-1",
                  "run_page_url": "https://adb-969036875264825.5.azuredatabricks.net/?o=969036875264825#job/337313882624985/run/1966",
                  "run_type": "JOB_RUN",
                  "format": "MULTI_TASK",
                  "tasks": [
                    {
                      "task_run_id": "2093",
                      "task_key": "clone-of-test-job-1",
                      "task_start_time": "1674111543940",
                      "task_execution_duration": "16000",
                      "task_end_time": "1674111560303",
                      "task_life_cycle_state": "TERMINATED",
                      "task_result_state": "FAILED",
                      "task_user_cancelled_or_timedout": "False"
                    },
                    {
                      "task_run_id": "2245",
                      "task_key": "test-job-1",
                      "task_start_time": "1674111543949",
                      "task_execution_duration": "22000",
                      "task_end_time": "1674111566659",
                      "task_life_cycle_state": "TERMINATED",
                      "task_result_state": "SUCCESS",
                      "task_user_cancelled_or_timedout": "False"
                    }
                  ]
                }
              ]
            }
          ],
          "executor": [
            {
              "executor": "app-20230119064829-0000.0",
              "ActiveTasksPerExecutor": "0",
              "CPUTimeAndRuntimeRatio": "23.868",
              "Deserializetime": "7.725",
              "DiskBytesSpilledInShuffling": "0",
              "FileSystemBytesRead": "0",
              "FileSystemBytesWritten": "0",
              "percentageOfJvmGCTime": "1.707",
              "MemoryBytesSpilledInShuffling": "0",
              "Resultserializationtime": "0.026",
              "BytesWrittenInShuffling": "6841",
              "usedHeapMemory": "0",
              "BytesReadToDiskInShuffling": "0",
              "BytesReadInShuffling": "1292",
              "CodeGenerator.generatedClassSize": "3000",
              "CodeGenerator.generatedMethodSize": "16589",
              "CodeGenerator.sourceCodeSize": "1500",
              "CodeGenerator.compilationTime": "1500",
              "ExternalShuffle.shuffle-client.usedHeapMemory": "0",
              "executor.filesystem.file.largeRead_ops": "0",
              "executor.filesystem.file.read_bytes": "0",
              "executor.filesystem.file.read_ops": "0",
              "executor.filesystem.file.write_bytes": "0",
              "executor.filesystem.hdfs.largeRead_ops": "0",
              "executor.filesystem.hdfs.read_bytes": "0",
              "executor.filesystem.hdfs.read_ops": "0",
              "executor.filesystem.hdfs.write_bytes": "0",
              "executor.filesystem.hdfs.write_ops": "0",
              "executor.threadpool.activeTasks": "4",
              "executor.threadpool.completeTasks": "17252",
              "executor.threadpool.currentPool_size": "200",
              "executor.threadpool.maxPool_size": "130996502467",
              "executor.bytesRead": "418705880",
              "executor.bytesWritten": "30293829",
              "executor.cpuTime": "955315009954",
              "executor.deserializeCpuTime": "133845601249",
              "executor.deserializeTime": "301112",
              "executor.diskBytesSpilled": "0",
              "executor.jvmGCTime": "67692",
              "executor.memoryBytesSpilled": "0",
              "executor.recordsRead": "11583856",
              "executor.recordsWritten": "5336000",
              "executor.resultSerializationTime": "976",
              "executor.resultSize": "0",
              "executor.runTime": "4580872",
              "executor.shuffleBytesWritten": "325254",
              "executor.shuffleFetchWaitTime": "362",
              "executor.shuffleLocalBytesRead": "77165",
              "executor.shuffleRecordsRead": "309",
              "executor.shuffleRecordsWritten": "924",
              "executor.shuffleRemoteBytesRead": "33055",
              "executor.shuffleRemoteBytesReadToDisk": "0",
              "executor.shuffleTotalBytesRead": "110220",
              "executor.shuffleWriteTime": "2044196827"
            },
            {
              "executor": "app-20230119064829-0000.1",
              "ActiveTasksPerExecutor": "0",
              "CPUTimeAndRuntimeRatio": "21.386",
              "Deserializetime": "11.831",
              "DiskBytesSpilledInShuffling": "0",
              "FileSystemBytesRead": "0",
              "FileSystemBytesWritten": "0",
              "percentageOfJvmGCTime": "2.437",
              "MemoryBytesSpilledInShuffling": "0",
              "Resultserializationtime": "0.054",
              "BytesWrittenInShuffling": "7201",
              "usedHeapMemory": "0",
              "BytesReadToDiskInShuffling": "0",
              "BytesReadInShuffling": "16124",
              "CodeGenerator.compilationTime": "1364",
              "CodeGenerator.generatedClassSize": "2728",
              "CodeGenerator.generatedMethodSize": "15907",
              "CodeGenerator.sourceCodeSize": "1386",
              "executor.bytesRead": "328197026",
              "executor.bytesWritten": "24136007",
              "executor.cpuTime": "802685813581",
              "executor.deserializeCpuTime": "148988253356",
              "executor.deserializeTime": "424300",
              "executor.diskBytesSpilled": "0",
              "executor.jvmGCTime": "85260",
              "executor.memoryBytesSpilled": "0",
              "executor.recordsRead": "8994000",
              "executor.recordsWritten": "4220000",
              "executor.resultSerializationTime": "1860",
              "executor.resultSize": "0",
              "executor.runTime": "4199430",
              "executor.shuffleBytesWritten": "304915",
              "executor.shuffleFetchWaitTime": "0",
              "executor.shuffleLocalBytesRead": "272733",
              "executor.shuffleRecordsRead": "1397",
              "executor.shuffleRecordsWritten": "790",
              "executor.shuffleRemoteBytesRead": "243943",
              "executor.shuffleRemoteBytesReadToDisk": "0",
              "executor.shuffleTotalBytesRead": "516676",
              "executor.shuffleWriteTime": "1185303188",
              "ExternalShuffle.shuffle-client.usedHeapMemory": "0",
              "executor.filesystem.file.largeRead_ops": "0",
              "executor.filesystem.file.read_bytes": "0",
              "executor.filesystem.file.read_ops": "0",
              "executor.filesystem.file.write_bytes": "0",
              "executor.filesystem.hdfs.largeRead_ops": "0",
              "executor.filesystem.hdfs.read_bytes": "0",
              "executor.filesystem.hdfs.read_ops": "0",
              "executor.filesystem.hdfs.write_bytes": "0",
              "executor.filesystem.hdfs.write_ops": "0",
              "executor.threadpool.activeTasks": "3",
              "executor.threadpool.completeTasks": "11071",
              "executor.threadpool.currentPool_size": "182",
              "executor.threadpool.maxPool_size": "128849018820"
            },
            {
              "executor": "app-20230119064829-0000.driver",
              "RunningExecutorsInApplication": "1",
              "BlockManager.memory.diskSpaceUsed_MB": "0",
              "BlockManager.memory.maxMem_MB": "660569",
              "BlockManager.memory.maxOffHeapMem_MB": "0",
              "BlockManager.memory.maxOnHeapMem_MB": "660569",
              "BlockManager.memory.memUsed_MB": "36",
              "BlockManager.memory.offHeapMemUsed_MB": "0",
              "BlockManager.memory.onHeapMemUsed_MB": "36",
              "BlockManager.memory.remainingMem_MB": "660531",
              "BlockManager.memory.remainingOffHeapMem_MB": "0",
              "BlockManager.memory.remainingOnHeapMem_MB": "660531",
              "CodeGenerator.compilationTime": "2101",
              "CodeGenerator.generatedClassSize": "4202",
              "CodeGenerator.generatedMethodSize": "38774",
              "CodeGenerator.sourceCodeSize": "2101",
              "DAGScheduler.job.activeJobs": "6",
              "DAGScheduler.job.allJobs": "986",
              "DAGScheduler.stage.failedStages": "0",
              "DAGScheduler.stage.runningStages": "6",
              "DAGScheduler.stage.waitingStages": "0",
              "DAGScheduler.messageProcessingTime": "29499",
              "HiveExternalCatalog.fileCacheHits": "0",
              "HiveExternalCatalog.filesDiscovered": "5400",
              "HiveExternalCatalog.hiveClientCalls": "3165",
              "HiveExternalCatalog.parallelListingJobCount": "111",
              "HiveExternalCatalog.partitionsFetched": "0",
              "jvm.PS-MarkSweep.count": "366.0",
              "jvm.PS-MarkSweep.time": "77104.0",
              "jvm.PS-Scavenge.count": "585.0",
              "jvm.PS-Scavenge.time": "31197.0",
              "jvm.direct.capacity": "74912958.0",
              "jvm.direct.count": "3626.0",
              "jvm.direct.used": "74913019.0",
              "jvm.heap.committed": "391926775808.0",
              "jvm.heap.init": "400409231360.0",
              "jvm.heap.max": "391926775808.0",
              "jvm.heap.usage": "10.428",
              "jvm.heap.used": "67004072936.0",
              "jvm.mapped.capacity": "0.0",
              "jvm.mapped.count": "0.0",
              "jvm.mapped.used": "0.0",
              "jvm.non-heap.committed": "26268205056.0",
              "jvm.non-heap.init": "155910144.0",
              "jvm.non-heap.max": "-61.0",
              "jvm.non-heap.usage": "-24179318200.0",
              "jvm.non-heap.used": "24179318200.0",
              "jvm.pools.Code-Cache.committed": "5412290560.0",
              "jvm.pools.Code-Cache.init": "155910144.0",
              "jvm.pools.Code-Cache.max": "15351152640.0",
              "jvm.pools.Code-Cache.usage": "21.326",
              "jvm.pools.Code-Cache.used": "5366880704.0",
              "jvm.pools.Compressed-Class-Space.committed": "2303328256.0",
              "jvm.pools.Compressed-Class-Space.init": "0.0",
              "jvm.pools.Compressed-Class-Space.max": "65498251264.0",
              "jvm.pools.Compressed-Class-Space.usage": "2.027",
              "jvm.pools.Compressed-Class-Space.used": "2176120440.0",
              "jvm.pools.Metaspace.committed": "18552586240.0",
              "jvm.pools.Metaspace.init": "0.0",
              "jvm.pools.Metaspace.max": "-61.0",
              "jvm.pools.Metaspace.usage": "54.699",
              "jvm.pools.Metaspace.used": "16636322336.0",
              "jvm.pools.PS-Eden-Space.committed": "117293711360.0",
              "jvm.pools.PS-Eden-Space.init": "100134289408.0",
              "jvm.pools.PS-Eden-Space.max": "117725200384.0",
              "jvm.pools.PS-Eden-Space.usage": "28.282",
              "jvm.pools.PS-Eden-Space.used": "54579113248.0",
              "jvm.pools.PS-Eden-Space.used-after-gc": "0.0",
              "jvm.pools.PS-Old-Gen.committed": "266950148096.0",
              "jvm.pools.PS-Old-Gen.init": "266950148096.0",
              "jvm.pools.PS-Old-Gen.max": "266950148096.0",
              "jvm.pools.PS-Old-Gen.usage": "1.595",
              "jvm.pools.PS-Old-Gen.used": "6979118008.0",
              "jvm.pools.PS-Old-Gen.used-after-gc": "6978323384.0",
              "jvm.pools.PS-Survivor-Space.committed": "7682916352.0",
              "jvm.pools.PS-Survivor-Space.init": "16662396928.0",
              "jvm.pools.PS-Survivor-Space.max": "7682916352.0",
              "jvm.pools.PS-Survivor-Space.usage": "43.762",
              "jvm.pools.PS-Survivor-Space.used": "5453689984.0",
              "jvm.pools.PS-Survivor-Space.used-after-gc": "5453689984.0",
              "jvm.total.committed": "418194980864.0",
              "jvm.total.init": "400565141504.0",
              "jvm.total.max": "391926775747.0",
              "jvm.total.used": "91200411232.0",
              "LiveListenerBus.listenerProcessingTime.com.databricks.backend.daemon.driver.DBCEventLoggingListener": "57664",
              "LiveListenerBus.listenerProcessingTime.org.apache.spark.listeners.UnifiedSparkListener": "57668",
              "LiveListenerBus.listenerProcessingTime.org.apache.spark.status.AppStatusListener": "55853",
              "LiveListenerBus.listenerProcessingTime.org.apache.spark.util.ProfilerEnv$$anon$1": "55853",
              "LiveListenerBus.queue.appStatus.listenerProcessingTime": "55855",
              "LiveListenerBus.queue.executorManagement.listenerProcessingTime": "55855",
              "LiveListenerBus.queue.shared.listenerProcessingTime": "55858",
              "LiveListenerBus.numEventsPosted": "57664",
              "LiveListenerBus.queue.appStatus.numDroppedEvents": "0",
              "LiveListenerBus.queue.executorManagement.numDroppedEvents": "0",
              "LiveListenerBus.queue.shared.numDroppedEvents": "0"
            }
          ]
        }
      ]
    }
  ],
  "_id": {
    "$oid": "63c9716ffd347299854b88a2"
  },
  "source": {
    "region": "eastus",
    "env": "prod",
    "service_provider": "Azure"
  }
}