{
    "source": {
        "region": "us-east",
        "env": "prod",
        "service_provider": "AWS"
    },
    "time_stamp": "2022-09-22 13:55",
    "jobs": [
        {
            "Host": "pipelines-1ig67eoay8dz-Aba-ProfilerReport-1664879937-bde9ce4b/algo-1",
            "ProcessingJobs.CPUUtilization": "81",
            "ProcessingJobs.MemoryUtilization": "9",
            "ProcessingJobs.DiskUtilization": "45"
        },
        {
            "Host": "object2vec-2022-09-20-12-1-ProfilerReport-1663675819-4937b990/algo-1",
            "ProcessingJobs.CPUUtilization": "42",
            "ProcessingJobs.MemoryUtilization": "79",
            "ProcessingJobs.DiskUtilization": "20"
        },
        {
            "Host": "GPUUtilization",
            "TrainingJobs.GPUUtilization": "44"
        },
        {
            "Host": "pipelines-1ig67eoay8dz-AbaloneTrain-8HcGen4VSx/algo-1",
            "TrainingJobs.CPUUtilization": "12",
            "TrainingJobs.MemoryUtilization": "29",
            "TrainingJobs.DiskUtilization": "5"
        },
        {
            "Host": "GPUMemoryUtilization",
            "TrainingJobs.GPUMemoryUtilization": "97"
        },
        {
            "Host": "object2vec-2022-09-20-12-10-19-438/algo-1",
            "TrainingJobs.CPUUtilization": "83",
            "TrainingJobs.MemoryUtilization": "89",
            "TrainingJobs.DiskUtilization": "9"
        },
        {
            "Host": "MemoryUtilization",
            "TransformJobs.MemoryUtilization": "89"
        },
        {
            "Host": "CPUUtilization",
            "TransformJobs.CPUUtilization": "99"
        }
    ],
    "endpoints": [
        {
            "EndpointName": "xgboost-biketrain-v1",
            "Endpoint.Invocations": "0.0",
            "Endpoint.InvocationsPerInstance": "0.0",
            "Endpoint.CPUUtilization": "0.08349839999999999",
            "Endpoint.MemoryUtilization": "0.991263",
            "Endpoint.DiskUtilization": "0.00569693"
        },
        {
            "EndpointName": "object2vec-2022-09-20-12-48-23-803",
            "Endpoint.Invocations": "0.0",
            "Endpoint.InvocationsPerInstance": "0.0",
            "Endpoint.CPUUtilization": "0.10121759999999998",
            "Endpoint.MemoryUtilization": "1.7736899999999998",
            "Endpoint.DiskUtilization": "0.193016"
        }
    ],
    "GroundTruth": [
        {
            "LabelingJobName": "DatasetObjectsAutoAnnotated"
        },
        {
            "LabelingJobName": "DatasetObjectsLabelingFailed"
        },
        {
            "LabelingJobName": "TotalDatasetObjectsLabeled"
        },
        {
            "LabelingJobName": "DatasetObjectsHumanAnnotated"
        }
    ],
    "Pipeline": [
        {
            "PipelineName": "AbaloneCreateModel-CreateModel"
        },
        {
            "PipelineName": "AbaloneRegisterModel-RegisterModel"
        },
        {
            "PipelineName": "ExecutionSucceeded"
        },
        {
            "PipelineName": "AbaloneMSECond"
        },
        {
            "PipelineName": "ExecutionDuration"
        },
        {
            "PipelineName": "AbaloneEval"
        },
        {
            "PipelineName": "AbaloneTrain"
        },
        {
            "PipelineName": "AbaloneProcess"
        },
        {
            "PipelineName": "AbaloneTransform"
        },
        {
            "PipelineName": "ExecutionStarted"
        },
        {
            "PipelineName": "ExecutionStopped"
        },
        {
            "PipelineName": "ExecutionFailed"
        }
    ],
    "Workteam": [
        {
            "LabelingJob": "arn:aws:sagemaker:us-east-1:070142951572:labeling-job/aip-aicms-labelling"
        }
    ]
}