{
    "ts" : ISODate("2022-10-03T10:24:52.303Z"),
    "jobs" : [{
        "Host": "test/i-0eb65d9c76d11bfcb",
        "TransformJobs.CPUUtilization" : 0.0,
        "TransformJobs.MemoryUtilization" : 0.0,
        "TransformJobs.GPUUtilization" : 0.0,
        "TransformJobs.GPUMemoryUtilization" : 0.0
        },
        {
        "Host": "test1/i-0cc5ec4b6910aac29",
        "TransformJobs.CPUUtilization" : 0.0,
        "TransformJobs.MemoryUtilization" : 0.0,
        "TransformJobs.GPUUtilization" : 0.0,
        "TransformJobs.GPUMemoryUtilization" : 0.0
        },
        {
        "Host": "object2vec-2022-09-20-12-10-19-438/algo-1",
        "TrainingJobs.CPUUtilization" : 0.0,
        "TrainingJobs.MemoryUtilization" : 0.0,
        "TrainingJobs.DiskUtilization" : 0.0,
        "TrainingJobs.GPUUtilization" : 0.0,
        "TrainingJobs.GPUMemoryUtilizatio" : 0.0
       },
       {
        "Host": "xgboost-biketrain-v1-2022-09-07-13-46-24-734/algo-1",
        "TrainingJobs.CPUUtilization" : 0.0,
        "TrainingJobs.MemoryUtilization" : 0.0,
        "TrainingJobs.DiskUtilization" : 0.0,
        "TrainingJobs.GPUUtilization" : 0.0,
        "TrainingJobs.GPUMemoryUtilizatio" : 0.0
       },
       {
        "Host": "object2vec-2022-09-15-15-1-ProfilerReport-1663254790-21381305/algo-1",
        "ProcessingJobs.CPUUtilization" : 0.0,
        "ProcessingJobs.MemoryUtilization" : 0.0,
        "ProcessingJobs.DiskUtilization" : 0.0,
        "ProcessingJobs.GPUUtilization" : 0.0,
        "ProcessingJobs.GPUMemoryUtilization": 0.0
       },
       {
        "Host": "xgboost-biketrain-v1-2022--ProfilerReport-1662558384-d087bc62/algo-1",
        "ProcessingJobs.CPUUtilization" : 0.0,
        "ProcessingJobs.MemoryUtilization" : 0.0,
        "ProcessingJobs.DiskUtilization" : 0.0,
        "ProcessingJobs.GPUUtilization" : 0.0,
        "ProcessingJobs.GPUMemoryUtilization": 0.0
       }
    ],
    "endpoints" : [{
        "EndpointName": "object2vec-2022-09-20-12-48-23-803",
        "Invocations" : 0.0,
        "InvocationsPerInstance" : 0.0,
        "CPUUtilization" : 0.10023743999999998,
        "MemoryUtilization" : 1.44344,
        "DiskUtilization" : 0.192964,
        "Invocation4XXErrors" : 0.0,
        "Invocation5XXErrors" : 0.0,
        "ModelLatency" : 0.0,
        "OverheadLatency" : 0.0,
        "ModelSetupTime" : 0.0,
        "ModelLoadingWaitTime" : 0.0,
        "ModelUnloadingTime" : 0.0,
        "ModelDownloadingTime" : 0.0,
        "ModelLoadingTime" : 0.0,
        "ModelCacheHit" : 0.0,
        "LoadedModelCount" : 0.0
       },
       {
        "EndpointName": "xgboost-biketrain-v1",
        "Invocations" : 0.0,
        "InvocationsPerInstance" : 0.0,
        "CPUUtilization" : 0.08729816,
        "MemoryUtilization" : 0.982952,
        "DiskUtilization" : 0.00569693,
        "Invocation4XXErrors" : 0.0,
        "Invocation5XXErrors" : 0.0,
        "ModelLatency" : 0.0,
        "OverheadLatency" : 0.0,
        "ModelSetupTime" : 0.0,
        "ModelLoadingWaitTime" : 0.0,
        "ModelUnloadingTime" : 0.0,
        "ModelDownloadingTime" : 0.0,
        "ModelLoadingTime" : 0.0,
        "ModelCacheHit" : 0.0,
        "LoadedModelCount" : 0.0
       }
    ],
    "groundtruths" : [{
        "LabelingJobName": "DatasetObjectsAutoAnnotated",
        "DatasetObjectsAutoAnnotated" :0
       },
       {
        "LabelingJobName": "TotalDatasetObjectsLabeled",
        "TotalDatasetObjectsLabeled" :0.7343
       },
       {
        "LabelingJobName": "DatasetObjectsHumanAnnotated",
        "DatasetObjectsHumanAnnotated" :0.7343
       },
       {
        "LabelingJobName": "DatasetObjectsLabelingFailed",
        "DatasetObjectsLabelingFailed" :0
       },
       {
        "LabelingJobName": "JobsFailed",
        "JobsFailed" :0
       },
       {
        "LabelingJobName": "JobsSucceeded",
        "JobsSucceeded" :1
       },
       {
        "LabelingJobName": "JobsStopped",
        "JobsStopped" :0
       }
    ],
    "pipelines" : [{
        "PipelineName": "AbaloneMSECond",
        "StepStarted" :0,
        "StepFailed" :0,
        "StepSucceeded" :0,
        "StepStoped" :0,
        "StepDuration" :0
       },
       {
        "PipelineName": "AbaloneEval",
        "StepStarted" :0,
        "StepFailed" :0,
        "StepSucceeded" :0,
        "StepStoped" :0,
        "StepDuration" :0
       }
    ],
    "workteams" : [{
        "LabelingJob": "arn:aws:sagemaker:us-east-1:070142951572:labeling-job/aip-aicms-labelling",
        "ActiveWorkers" :0,
        "TasksAccepted" :1,
        "TasksSubmitted" :1,
        "TimeSpent" :1,
        "TasksDeclined":0,
        "TasksReturned":0
       }
    ]
    
 }