{
    "source": {
        "region": "us-east",
        "env": "prod",
        "service_provider": "AWS"
    },
    "time_stamp": "2022-09-22 12:00",
    "jobs": [
        {
            "Host": "pipelines-1ig67eoay8dz-Aba-ProfilerReport-1664879937-bde9ce4b/algo-1",
            "ProcessingJobs.CPUUtilization": "66",
            "ProcessingJobs.MemoryUtilization": "6",
            "ProcessingJobs.DiskUtilization": "14"
        },
        {
            "Host": "object2vec-2022-09-20-12-1-ProfilerReport-1663675819-4937b990/algo-1",
            "ProcessingJobs.CPUUtilization": "52",
            "ProcessingJobs.MemoryUtilization": "84",
            "ProcessingJobs.DiskUtilization": "52"
        },
        {
            "Host": "GPUUtilization",
            "TrainingJobs.GPUUtilization": "21"
        },
        {
            "Host": "pipelines-1ig67eoay8dz-AbaloneTrain-8HcGen4VSx/algo-1",
            "TrainingJobs.CPUUtilization": "47",
            "TrainingJobs.MemoryUtilization": "55",
            "TrainingJobs.DiskUtilization": "75"
        },
        {
            "Host": "GPUMemoryUtilization",
            "TrainingJobs.GPUMemoryUtilization": "42"
        },
        {
            "Host": "object2vec-2022-09-20-12-10-19-438/algo-1",
            "TrainingJobs.CPUUtilization": "54",
            "TrainingJobs.MemoryUtilization": "32",
            "TrainingJobs.DiskUtilization": "68"
        },
        {
            "Host": "MemoryUtilization",
            "TransformJobs.MemoryUtilization": "46"
        },
        {
            "Host": "CPUUtilization",
            "TransformJobs.CPUUtilization": "44"
        }
    ],
    "endpoints": [
        {
            "EndpointName": "xgboost-biketrain-v1",
            "Endpoint.Invocations": "0.0",
            "Endpoint.InvocationsPerInstance": "0.0",
            "Endpoint.CPUUtilization": "0.08384048",
            "Endpoint.MemoryUtilization": "0.991263",
            "Endpoint.DiskUtilization": "0.00569693"
        },
        {
            "EndpointName": "object2vec-2022-09-20-12-48-23-803",
            "Endpoint.Invocations": "0.0",
            "Endpoint.InvocationsPerInstance": "0.0",
            "Endpoint.CPUUtilization": "0.1013146",
            "Endpoint.MemoryUtilization": "1.7736899999999998",
            "Endpoint.DiskUtilization": "0.193016"
        }
    ],
    "GroundTruth": [
        {
            "LabelingJobName": "DatasetObjectsAutoAnnotated",
            "Groundtruth.DatasetObjectsAutoAnnotated": "0.0"
        },
        {
            "LabelingJobName": "DatasetObjectsLabelingFailed",
            "Groundtruth.DatasetObjectsLabelingFailed": "0.0"
        },
        {
            "LabelingJobName": "TotalDatasetObjectsLabeled",
            "Groundtruth.TotalDatasetObjectsLabeled": "0.0"
        },
        {
            "LabelingJobName": "DatasetObjectsHumanAnnotated",
            "Groundtruth.DatasetObjectsHumanAnnotated": "0.0"
        }
    ],
    "Pipeline": [
        {
            "PipelineName": "AbaloneCreateModel-CreateModel"
        },
        {
            "PipelineName": "AbaloneRegisterModel-RegisterModel"
        },
        {
            "PipelineName": "ExecutionSucceeded"
        },
        {
            "PipelineName": "AbaloneMSECond"
        },
        {
            "PipelineName": "ExecutionDuration"
        },
        {
            "PipelineName": "AbaloneEval"
        },
        {
            "PipelineName": "AbaloneTrain"
        },
        {
            "PipelineName": "AbaloneProcess"
        },
        {
            "PipelineName": "AbaloneTransform"
        },
        {
            "PipelineName": "ExecutionStarted"
        },
        {
            "PipelineName": "ExecutionStopped"
        },
        {
            "PipelineName": "ExecutionFailed"
        }
    ],
    "Workteam": [
        {
            "LabelingJob": "arn:aws:sagemaker:us-east-1:070142951572:labeling-job/aip-aicms-labelling"
        }
    ]
}