{
  "ts": {
    "$date": {
      "$numberLong": "1680169980000"
    }
  },
  "source": {
    "env": "prod",
    "region": "N.A.",
    "service_provider": "thirdparty"
  },
  "_id": {
    "$oid": "64255c2319920c309887fea8"
  },
  "instances": [
    {
      "nodename": "ip-10-253-164-68",
      "sysname": "Linux",
      "release": "3.10.0-1160.76.1.el7.x86_64",
      "machine": "x86_64",
      "number-of-cpus": 2,
      "statistics": [
        {
          "avg-cpu": {
            "user": 0.61,
            "nice": 0.07,
            "system": 1.09,
            "iowait": 0.15,
            "steal": 0,
            "idle": 98.08
          },
          "sadf_metrics": {
            "CPU": -1,
            "%user": 0.69,
            "%nice": 0,
            "%system": 1.34,
            "%iowait": 0.12,
            "%steal": 0,
            "%idle": 97.84,
            "proc/s": 0.33,
            "cswch/s": 1458.05,
            "pswpin/s": 0,
            "pswpout/s": 0,
            "pgpgin/s": 0,
            "pgpgout/s": 51.97,
            "fault/s": 593.17,
            "majflt/s": 0,
            "pgfree/s": 602,
            "pgscank/s": 0,
            "pgscand/s": 0,
            "pgsteal/s": 0,
            "%vmeff": 0,
            "tps": 11.27,
            "rtps": 0,
            "wtps": 11.27,
            "dtps": 0,
            "bread/s": 0,
            "bwrtn/s": 103.94,
            "bdscd/s": 0,
            "kbmemfree": 1972244,
            "kbavail": 13819800,
            "kbmemused": 861196,
            "%memused": 5.37,
            "kbbuffers": 2072,
            "kbcached": 12231688,
            "kbcommit": 2471664,
            "%commit": 15.41,
            "kbactive": 10523540,
            "kbinact": 2168528,
            "kbdirty": 64,
            "kbswpfree": 0,
            "kbswpused": 0,
            "%swpused": 0,
            "kbswpcad": 0,
            "%swpcad": 0,
            "dentunusd": 876373,
            "file-nr": 2176,
            "inode-nr": 327262,
            "pty-nr": 2,
            "runq-sz": 0,
            "plist-sz": 328,
            "ldavg-1": 0.04,
            "ldavg-5": 0.04,
            "ldavg-15": 0.11,
            "blocked": 0
          },
          "disk": [
            {
              "disk_device": "dm-0",
              "tps": 0.49,
              "kB_read/s": 0.02,
              "kB_wrtn/s": 4.47,
              "kB_dscd/s": 0,
              "kB_read": 313019,
              "kB_wrtn": 59114306,
              "kB_dscd": 0
            },
            {
              "disk_device": "dm-1",
              "tps": 0,
              "kB_read/s": 0,
              "kB_wrtn/s": 0,
              "kB_dscd/s": 0,
              "kB_read": 3482,
              "kB_wrtn": 15227,
              "kB_dscd": 0
            },
            {
              "disk_device": "dm-2",
              "tps": 0.14,
              "kB_read/s": 0,
              "kB_wrtn/s": 0.94,
              "kB_dscd/s": 0,
              "kB_read": 4794,
              "kB_wrtn": 12452563,
              "kB_dscd": 0
            },
            {
              "disk_device": "dm-3",
              "tps": 10.08,
              "kB_read/s": 0,
              "kB_wrtn/s": 45.11,
              "kB_dscd/s": 0,
              "kB_read": 15151,
              "kB_wrtn": 596636726,
              "kB_dscd": 0
            },
            {
              "disk_device": "dm-4",
              "tps": 0.02,
              "kB_read/s": 0,
              "kB_wrtn/s": 0.11,
              "kB_dscd/s": 0,
              "kB_read": 3554,
              "kB_wrtn": 1458039,
              "kB_dscd": 0
            },
            {
              "disk_device": "dm-5",
              "tps": 0.01,
              "kB_read/s": 0.01,
              "kB_wrtn/s": 0.19,
              "kB_dscd/s": 0,
              "kB_read": 164738,
              "kB_wrtn": 2467603,
              "kB_dscd": 0
            },
            {
              "disk_device": "nvme0n1",
              "tps": 10.79,
              "kB_read/s": 0.45,
              "kB_wrtn/s": 51.94,
              "kB_dscd/s": 0,
              "kB_read": 5939572,
              "kB_wrtn": 687068165,
              "kB_dscd": 0
            },
            {
              "disk_device": "nvme1n1",
              "tps": 0,
              "kB_read/s": 0.03,
              "kB_wrtn/s": 0.31,
              "kB_dscd/s": 0,
              "kB_read": 340644,
              "kB_wrtn": 4105884,
              "kB_dscd": 0
            }
          ]
        }
      ],
      "processes": [
        {
          "pid": 4083,
          "Command": "/usr/sbin/httpd -DFOREGROUND",
          "elapsed": "78-01:21:43",
          "UID": 0,
          "user": "root",
          "per_usr": 0,
          "per_system": 0,
          "per_guest": 0,
          "per_cpu": 0,
          "cpu": 0,
          "minflt_s": 0,
          "majflt_s": 0,
          "vsz": 228312,
          "rss": 5188,
          "per_mem": 0.03,
          "kB_rd_s": -1,
          "kB_wr_s": -1,
          "kB_ccwr_s": -1,
          "iodelay": 0,
          "threads": 1,
          "fd-nr": -1
        },
        {
          "pid": 30972,
          "Command": "/usr/sbin/httpd -DFOREGROUND",
          "elapsed": "4-06:18:11",
          "UID": 48,
          "user": "apache",
          "per_usr": 0,
          "per_system": 0,
          "per_guest": 0,
          "per_cpu": 0,
          "cpu": 0,
          "minflt_s": 0,
          "majflt_s": 0,
          "vsz": 230396,
          "rss": 3116,
          "per_mem": 0.02,
          "kB_rd_s": -1,
          "kB_wr_s": -1,
          "kB_ccwr_s": -1,
          "iodelay": 0,
          "threads": 1,
          "fd-nr": -1
        },
        {
          "pid": 30973,
          "Command": "/usr/sbin/httpd -DFOREGROUND",
          "elapsed": "4-06:18:11",
          "UID": 48,
          "user": "apache",
          "per_usr": 0,
          "per_system": 0,
          "per_guest": 0,
          "per_cpu": 0,
          "cpu": 1,
          "minflt_s": 0,
          "majflt_s": 0,
          "vsz": 230396,
          "rss": 3116,
          "per_mem": 0.02,
          "kB_rd_s": -1,
          "kB_wr_s": -1,
          "kB_ccwr_s": -1,
          "iodelay": 0,
          "threads": 1,
          "fd-nr": -1
        },
        {
          "pid": 30975,
          "Command": "/usr/sbin/httpd -DFOREGROUND",
          "elapsed": "4-06:18:11",
          "UID": 48,
          "user": "apache",
          "per_usr": 0,
          "per_system": 0,
          "per_guest": 0,
          "per_cpu": 0,
          "cpu": 0,
          "minflt_s": 0,
          "majflt_s": 0,
          "vsz": 230396,
          "rss": 3116,
          "per_mem": 0.02,
          "kB_rd_s": -1,
          "kB_wr_s": -1,
          "kB_ccwr_s": -1,
          "iodelay": 0,
          "threads": 1,
          "fd-nr": -1
        },
        {
          "pid": 30977,
          "Command": "/usr/sbin/httpd -DFOREGROUND",
          "elapsed": "4-06:18:11",
          "UID": 48,
          "user": "apache",
          "per_usr": 0,
          "per_system": 0,
          "per_guest": 0,
          "per_cpu": 0,
          "cpu": 0,
          "minflt_s": 0,
          "majflt_s": 0,
          "vsz": 230396,
          "rss": 3116,
          "per_mem": 0.02,
          "kB_rd_s": -1,
          "kB_wr_s": -1,
          "kB_ccwr_s": -1,
          "iodelay": 0,
          "threads": 1,
          "fd-nr": -1
        },
        {
          "pid": 30978,
          "Command": "/usr/sbin/httpd -DFOREGROUND",
          "elapsed": "4-06:18:11",
          "UID": 48,
          "user": "apache",
          "per_usr": 0,
          "per_system": 0,
          "per_guest": 0,
          "per_cpu": 0,
          "cpu": 0,
          "minflt_s": 0,
          "majflt_s": 0,
          "vsz": 230396,
          "rss": 3116,
          "per_mem": 0.02,
          "kB_rd_s": -1,
          "kB_wr_s": -1,
          "kB_ccwr_s": -1,
          "iodelay": 0,
          "threads": 1,
          "fd-nr": -1
        }
      ]
    }
  ]
}