,causal_x_metric,Coefficient
0,AllocatedCapacity,257.69568625966394
1,GlueVersion,20.859919484713878
2,NumberOfWorkers,0.0
3,glue.ALL.jvm.heap.usage,0.42517832715620596
4,glue.ALL.jvm.heap.used,1.3369988622344888
5,glue.ALL.s3.filesystem.read_bytes,74.85464328947378
6,glue.ALL.s3.filesystem.write_bytes,0.0
7,glue.ALL.system.cpuSystemLoad,0.0
8,glue.driver.BlockManager.disk.diskSpaceUsed_MB,0.0
9,glue.driver.aggregate.bytesRead,0.0
10,glue.driver.aggregate.elapsedTime,0.0
11,glue.driver.aggregate.numCompletedStages,0.0
12,glue.driver.aggregate.numCompletedTasks,0.0
13,glue.driver.aggregate.numFailedTasks,0.0
14,glue.driver.aggregate.numKilledTasks,0.0
15,glue.driver.aggregate.recordsRead,0.0
16,glue.driver.aggregate.shuffleBytesWritten,0.0
17,glue.driver.aggregate.shuffleLocalBytesRead,0.0
18,glue.driver.jvm.heap.usage,0.0
19,glue.driver.jvm.heap.used,0.0
20,glue.driver.s3.filesystem.read_bytes,0.0
21,glue.driver.s3.filesystem.write_bytes,0.0
22,glue.driver.system.cpuSystemLoad,0.0
23,glue.executorId.jvm.heap.usage,0.0
24,glue.executorId.system.cpuSystemLoad,0.0
