{
    "ts": {
      "$date": {
        "$numberLong": "1684916700000"
      }
    },
    "source": {
      "region": "us-east",
      "env": "prod",
      "service_provider": "AWS"
    },
    "clusters": [
      {
        "cluster_id": "0112-044005-3b5c99ce",
        "insert_timestamp": {
          "$date": {
            "$numberLong": "1684916739000"
          }
        },
        "creator_user_name": "IE.BCBSMI.Support@accenture.com",
        "start_timestamp": "2023-01-12 10:10:07",
        "cluster_name": "job-945631526162908-run-422810245",
        "availability": "ON_DEMAND",
        "disk_count": "1",
        "disk_size": "100",
        "cluster_memory_mb": "524288.0",
        "cluster_cores": "64.0",
        "start_time": "2023-01-12 10:10:05",
        "last_activity_time": "2023-01-12 10:10:22",
        "last_restarted_time": "2023-01-12 10:10:35",
        "state": "RUNNING",
        "terminated_time": "",
        "termination_reason": "",
        "termination_status": "",
        "cluster_run_time": "2997.774"
      },
      {
        "cluster_id": "0111-222704-ndq8b0zi",
        "insert_timestamp": {
          "$date": {
            "$numberLong": "1684916739000"
          }
        },
        "creator_user_name": "databricksadmprod@bcbsm.com",
        "start_timestamp": "2023-01-12 03:57:05",
        "cluster_name": "job-1074106273712397-run-422268464",
        "availability": "ON_DEMAND",
        "disk_count": "1",
        "disk_size": "100",
        "cluster_memory_mb": "262144.0",
        "cluster_cores": "32.0",
        "start_time": "2023-01-12 03:57:04",
        "last_activity_time": "2023-01-12 03:57:20",
        "last_restarted_time": "2023-01-12 03:57:32",
        "state": "RUNNING",
        "terminated_time": "",
        "termination_reason": "",
        "termination_status": "",
        "cluster_run_time": "3003.991",
        "Jobs": [
          {
            "job_id": "228",
            "job_run_id": "405934665",
            "job_creator_user_name": "databricksadmprod@bcbsm.com",
            "life_cycle_state": "PENDING",
            "result_state": "",
            "state_message": "Waiting for cluster",
            "ebs_volume_type": "GENERAL_PURPOSE_SSD",
            "ebs_volume_count": "1",
            "ebs_volume_size": "100",
            "job_start_time": "2023-01-06 18:15:07",
            "job_end_time": "",
            "setup_duration": "0",
            "execution_duration": "0",
            "cleanup_duration": "0",
            "run_duration": "25842.0"
          }
        ]
      },
      {
        "cluster_id": "0112-044605-csfvn6ja",
        "insert_timestamp": {
          "$date": {
            "$numberLong": "1684916739000"
          }
        },
        "creator_user_name": "databricksadmprod@bcbsm.com",
        "start_timestamp": "2023-01-12 10:16:07",
        "cluster_name": "job-228-run-422822372",
        "availability": "ON_DEMAND",
        "disk_count": "1",
        "disk_size": "100",
        "cluster_memory_mb": "262144.0",
        "cluster_cores": "32.0",
        "start_time": "2023-01-12 10:16:05",
        "last_activity_time": "2023-01-12 10:16:22",
        "last_restarted_time": "2023-01-12 10:16:35",
        "state": "RUNNING",
        "terminated_time": "",
        "termination_reason": "",
        "termination_status": "",
        "cluster_run_time": "2999.674",
        "Jobs": [
          {
            "job_id": "375302503150265",
            "job_run_id": "405935308",
            "job_creator_user_name": "databricksadmprod@bcbsm.com",
            "life_cycle_state": "RUNNING",
            "result_state": "",
            "state_message": "",
            "ebs_volume_type": "GENERAL_PURPOSE_SSD",
            "ebs_volume_count": "1",
            "ebs_volume_size": "100",
            "job_start_time": "2023-01-06 18:15:19",
            "job_end_time": "",
            "setup_duration": "0",
            "execution_duration": "0",
            "cleanup_duration": "0",
            "run_duration": "",
            "Tasks": [
              {
                "task": "spark_jar_task",
                "task_details": "main_class_name: com.bcbsm.ie.etl.main.ADHIKAMemHealthStatusDim"
              },
              {
                "task": "spark_jar_task",
                "task_details": "main_class_name: com.bcbsm.ie.etl.main.EasyETL"
              },
              {
                "task": "spark_jar_task",
                "task_details": "main_class_name: com.bcbsm.ie.extracts.main.WshdExt"
              }
            ]
          }
        ]
      }
    ],
    "_id": {
      "$oid": "646dca03a1bb6cdf5f43126f"
    }
  }