{
  "_id": {
    "$oid": "63a1c842c07b30432f5d050d"
  },
  "source": {
    "region": "eastus",
    "env": "prod",
    "service_provider": "Azure"
  },
  "ts": {
    "$date": {
      "$numberLong": "1670421600000"
    }
  },
  "adls1": [
    {
      "account_name": "adls1testtyperfeng",
      "timestamp": "2022-12-07 14:00",
      "start_time": "2022-12-07 14:00:00+00:00",
      "end_time": "2022-12-07 15:00:00+00:00",
      "hasFailure": true,
      "error_events": [
        {
          "event_time": "2022-12-07 15:00:00+00:00",
          "UID": "04845009-7db4-433d-8d12-d519252f3bda",
          "OperationName": "getaclstatus",
          "StatusCode": "404"
        }
      ],
      "TotalStorage": 1048576
    }
  ],
  "adls2": [
    {
      "account_name": "adls2testtyperfeng",
      "timestamp": "2022-12-07 14:00",
      "start_time": "2022-12-07 14:00:00+00:00",
      "end_time": "2022-12-07 15:00:00+00:00",
      "hasFailure": false,
      "BlobCapacity": 49420,
      "BlobCount": 10,
      "BlobProvisionedSize": 0,
      "ContainerCount": 4,
      "Egress": 0,
      "IndexCapacity": 96241,
      "Ingress": 0,
      "Transactions": 0
    },
    {
      "account_name": "testingnsg",
      "timestamp": "2022-12-07 14:00",
      "start_time": "2022-12-07 14:00:00+00:00",
      "end_time": "2022-12-07 15:00:00+00:00",
      "Availability": 100,
      "hasFailure": false,
      "BlobCapacity": 0,
      "BlobCount": 0,
      "ContainerCount": 0,
      "Egress": 1932,
      "IndexCapacity": 0,
      "Ingress": 8496,
      "SuccessE2ELatency": 40.833,
      "SuccessServerLatency": 40.667,
      "Transactions": 6
    },
    {
      "account_name": "appopstestingmetrics",
      "timestamp": "2022-12-07 14:00",
      "start_time": "2022-12-07 14:00:00+00:00",
      "end_time": "2022-12-07 15:00:00+00:00",
      "Availability": 100,
      "hasFailure": true,
      "error_events": [
        {
          "event_time": "2022-12-07 15:00:00+00:00",
          "UID": "a68ad438-1174-4adb-a4b9-fdd5d69913f2",
          "OperationName": "ListContainers",
          "StatusCode": "403"
        }
      ],
      "BlobCapacity": 187,
      "BlobCount": 0,
      "ContainerCount": 2,
      "Egress": 13164,
      "IndexCapacity": 0,
      "Ingress": 12636,
      "SuccessE2ELatency": 4.417,
      "SuccessServerLatency": 4.333,
      "Transactions": 18
    },
    {
      "account_name": "vostoragegen2",
      "timestamp": "2022-12-07 14:00",
      "start_time": "2022-12-07 14:00:00+00:00",
      "end_time": "2022-12-07 15:00:00+00:00",
      "hasFailure": false,
      "BlobCapacity": 1043558,
      "BlobCount": 3,
      "ContainerCount": 1,
      "Egress": 0,
      "IndexCapacity": 27445,
      "Ingress": 0,
      "Transactions": 0
    },
    {
      "account_name": "aippeemprdev",
      "timestamp": "2022-12-07 14:00",
      "start_time": "2022-12-07 14:00:00+00:00",
      "end_time": "2022-12-07 15:00:00+00:00",
      "hasFailure": true,
      "error_events": [
        {
          "event_time": "2022-12-07 15:00:00+00:00",
          "UID": "f6f4bcf7-8620-44e6-97c1-276b799eeb2f",
          "OperationName": "ListContainers",
          "StatusCode": "403"
        }
      ],
      "BlobCapacity": 4575601379,
      "BlobCount": 164,
      "ContainerCount": 2,
      "Egress": 0,
      "IndexCapacity": 172893,
      "Ingress": 0,
      "Transactions": 0
    },
    {
      "account_name": "azuremltest1902081920",
      "timestamp": "2022-12-07 14:00",
      "start_time": "2022-12-07 14:00:00+00:00",
      "end_time": "2022-12-07 15:00:00+00:00",
      "Availability": 100,
      "hasFailure": false,
      "BlobCapacity": 724831538,
      "BlobCount": 3153,
      "ContainerCount": 7,
      "Egress": 29082,
      "IndexCapacity": 0,
      "Ingress": 10770,
      "SuccessE2ELatency": 59.083,
      "SuccessServerLatency": 58,
      "Transactions": 12
    },
    {
      "account_name": "perfengstandardstorage",
      "timestamp": "2022-12-07 14:00",
      "start_time": "2022-12-07 14:00:00+00:00",
      "end_time": "2022-12-07 15:00:00+00:00",
      "Availability": 100,
      "hasFailure": false,
      "BlobCapacity": 9174393,
      "BlobCount": 89,
      "ContainerCount": 17,
      "Egress": 65592,
      "IndexCapacity": 0,
      "Ingress": 10806,
      "SuccessE2ELatency": 31.75,
      "SuccessServerLatency": 30.417,
      "Transactions": 12
    },
    {
      "account_name": "synapsedmtest",
      "timestamp": "2022-12-07 14:00",
      "start_time": "2022-12-07 14:00:00+00:00",
      "end_time": "2022-12-07 15:00:00+00:00",
      "hasFailure": false,
      "BlobCapacity": 78,
      "BlobCount": 0,
      "ContainerCount": 1,
      "Egress": 0,
      "IndexCapacity": 26560,
      "Ingress": 0,
      "Transactions": 0
    },
    {
      "account_name": "flowlogstoragejbeat",
      "timestamp": "2022-12-07 14:00",
      "start_time": "2022-12-07 14:00:00+00:00",
      "end_time": "2022-12-07 15:00:00+00:00",
      "Availability": 100,
      "hasFailure": false,
      "BlobCapacity": 35515147,
      "BlobCount": 111,
      "ContainerCount": 1,
      "Egress": 10465,
      "IndexCapacity": 0,
      "Ingress": 10208,
      "SuccessE2ELatency": 61.545,
      "SuccessServerLatency": 61.273,
      "Transactions": 13
    },
    {
      "account_name": "walgreensdemo3878532171",
      "timestamp": "2022-12-07 14:00",
      "start_time": "2022-12-07 14:00:00+00:00",
      "end_time": "2022-12-07 15:00:00+00:00",
      "Availability": 100,
      "hasFailure": false,
      "BlobCapacity": 7177347120,
      "BlobCount": 154586,
      "ContainerCount": 13,
      "Egress": 50868,
      "IndexCapacity": 0,
      "Ingress": 12804,
      "SuccessE2ELatency": 12,
      "SuccessServerLatency": 5.917,
      "Transactions": 18
    }
  ]
}