{
    "_id" : ObjectId("63cfce5e8dfca3a651678b6f"),
    "source" : {
        "region" : "us-east1",
        "env" : "prod",
        "service_provider" : "GCP"
    },
    "ts" : ISODate("2023-01-18T22:00:00.000Z"),
    "jobs" : [
        {
            "job_id" : "Job1",
            "log_bytes": 1.0,
            "log_entries": 1.0,
            "logs_based_metric_errors": 1.0,
            "istio_request_duration_in_milliseconds": 1.0,
            "istio_requests_number": 1.0,
            "job_start_count" : 60.0,
            "job_failure_count" : 0.0,
            "job_failure_rate" : 0.0
        },
        {
            "job_id" : "Job2",
            "log_bytes": 1.0,
            "log_entries": 1.0,
            "logs_based_metric_errors": 1.0,
            "istio_request_duration_in_milliseconds": 1.0,
            "istio_requests_number": 1.0,
            "job_start_count" : 10.0,
            "job_failure_count" : 1.0,
            "job_failure_rate" : 10.0
        }
    ]
}