{"learner":{"attributes":{"best_iteration":"99","best_ntree_limit":"100","scikit_learn":"{\"use_label_encoder\": false, \"n_estimators\": 100, \"objective\": \"binary:logistic\", \"max_depth\": null, \"max_leaves\": null, \"max_bin\": null, \"grow_policy\": null, \"learning_rate\": null, \"verbosity\": null, \"booster\": null, \"tree_method\": null, \"gamma\": null, \"min_child_weight\": null, \"max_delta_step\": null, \"subsample\": null, \"sampling_method\": null, \"colsample_bytree\": null, \"colsample_bylevel\": null, \"colsample_bynode\": null, \"reg_alpha\": null, \"reg_lambda\": null, \"scale_pos_weight\": null, \"base_score\": null, \"missing\": NaN, \"num_parallel_tree\": null, \"random_state\": null, \"n_jobs\": null, \"monotone_constraints\": null, \"interaction_constraints\": null, \"importance_type\": null, \"gpu_id\": null, \"validate_parameters\": null, \"predictor\": null, \"enable_categorical\": false, \"max_cat_to_onehot\": null, \"eval_metric\": null, \"early_stopping_rounds\": null, \"callbacks\": null, \"classes_\": [0, 1], \"n_classes_\": 2, \"_estimator_type\": \"classifier\"}"},"feature_names":["glue.executorId.system.cpuSystemLoad_mean","glue.driver.aggregate.numFailedTasks_mean","glue.driver.s3.filesystem.read_bytes_mean","glue.driver.aggregate.elapsedTime_mean","glue.driver.system.cpuSystemLoad_mean","glue.executorId.jvm.heap.usage_mean","glue.ALL.system.cpuSystemLoad_mean","glue.driver.aggregate.numFailedTasks_max","glue.driver.aggregate.elapsedTime_max","glue.driver.s3.filesystem.read_bytes_max","glue.executorId.jvm.heap.usage_max","glue.driver.system.cpuSystemLoad_max","glue.executorId.system.cpuSystemLoad_max","glue.ALL.system.cpuSystemLoad_max","glue.driver.aggregate.numFailedTasks_min","glue.driver.aggregate.elapsedTime_min","glue.driver.s3.filesystem.read_bytes_min","glue.executorId.jvm.heap.usage_min","glue.driver.system.cpuSystemLoad_min","glue.executorId.system.cpuSystemLoad_min","glue.ALL.system.cpuSystemLoad_min","glue.driver.aggregate.numFailedTasks_median","glue.driver.aggregate.elapsedTime_median","glue.driver.s3.filesystem.read_bytes_median","glue.executorId.jvm.heap.usage_median","glue.driver.system.cpuSystemLoad_median","glue.executorId.system.cpuSystemLoad_median","glue.ALL.system.cpuSystemLoad_median"],"feature_types":["float","float","float","float","float","float","float","float","float","int","int","int","int","int","int","int","int","int","int","int","int","float","float","float","float","float","float","float"],"gradient_booster":{"model":{"gbtree_model_param":{"num_parallel_tree":"1","num_trees":"100","size_leaf_vector":"0"},"tree_info":[0,0,0,0,0,0,0,0,0,0,0,0,0,0,0,0,0,0,0,0,0,0,0,0,0,0,0,0,0,0,0,0,0,0,0,0,0,0,0,0,0,0,0,0,0,0,0,0,0,0,0,0,0,0,0,0,0,0,0,0,0,0,0,0,0,0,0,0,0,0,0,0,0,0,0,0,0,0,0,0,0,0,0,0,0,0,0,0,0,0,0,0,0,0,0,0,0,0,0,0],"trees":[{"base_weights":[-1.5890411E0,-1.969697E0,1.75E0],"categories":[],"categories_nodes":[],"categories_segments":[],"categories_sizes":[],"default_left":[1,0,0],"id":0,"left_children":[1,-1,-1],"loss_changes":[9.623184E1,0E0,0E0],"parents":[2147483647,0,0],"right_children":[2,-1,-1],"split_conditions":[1.6122867E2,-5.909091E-1,5.2500004E-1],"split_indices":[1,0,0],"split_type":[0,0,0],"sum_hessian":[7.2E1,6.5E1,7E0],"tree_param":{"num_deleted":"0","num_feature":"28","num_nodes":"3","size_leaf_vector":"0"}},{"base_weights":[-1.2245356E0,-1.5281999E0,1.3804452E0],"categories":[],"categories_nodes":[],"categories_segments":[],"categories_sizes":[],"default_left":[1,0,0],"id":1,"left_children":[1,-1,-1],"loss_changes":[5.5251244E1,0E0,0E0],"parents":[2147483647,0,0],"right_children":[2,-1,-1],"split_conditions":[1.6122867E2,-4.5846E-1,4.1413358E-1],"split_indices":[1,0,0],"split_type":[0,0,0],"sum_hessian":[6.61795E1,5.9640514E1,6.538979E0],"tree_param":{"num_deleted":"0","num_feature":"28","num_nodes":"3","size_leaf_vector":"0"}},{"base_weights":[-1.0522895E0,-1.3236549E0,1.1820503E0],"categories":[],"categories_nodes":[],"categories_segments":[],"categories_sizes":[],"default_left":[1,0,0],"id":2,"left_children":[1,-1,-1],"loss_changes":[3.5882675E1,0E0,0E0],"parents":[2147483647,0,0],"right_children":[2,-1,-1],"split_conditions":[1.6122867E2,-3.9709648E-1,3.5461512E-1],"split_indices":[1,0,0],"split_type":[0,0,0],"sum_hessian":[5.560032E1,4.9942307E1,5.6580157E0],"tree_param":{"num_deleted":"0","num_feature":"28","num_nodes":"3","size_leaf_vector":"0"}},{"base_weights":[-9.494821E-1,-1.2053437E0,1.0518289E0],"categories":[],"categories_nodes":[],"categories_segments":[],"categories_sizes":[],"default_left":[1,0,0],"id":3,"left_children":[1,-1,-1],"loss_changes":[2.4736053E1,0E0,0E0],"parents":[2147483647,0,0],"right_children":[2,-1,-1],"split_conditions":[1.6122867E2,-3.6160314E-1,3.1554866E-1],"split_indices":[1,0,0],"split_type":[0,0,0],"sum_hessian":[4.483115E1,4.010196E1,4.729193E0],"tree_param":{"num_deleted":"0","num_feature":"28","num_nodes":"3","size_leaf_vector":"0"}},{"base_weights":[-8.790631E-1,-1.1281196E0,9.5458615E-1],"categories":[],"categories_nodes":[],"categories_segments":[],"categories_sizes":[],"default_left":[1,0,0],"id":4,"left_children":[1,-1,-1],"loss_changes":[1.7680132E1,0E0,0E0],"parents":[2147483647,0,0],"right_children":[2,-1,-1],"split_conditions":[1.6122867E2,-3.384359E-1,2.8637585E-1],"split_indices":[1,0,0],"split_type":[0,0,0],"sum_hessian":[3.5356236E1,3.1466982E1,3.889253E0],"tree_param":{"num_deleted":"0","num_feature":"28","num_nodes":"3","size_leaf_vector":"0"}},{"base_weights":[-8.2523954E-1,-1.0728562E0,8.7499297E-1],"categories":[],"categories_nodes":[],"categories_segments":[],"categories_sizes":[],"default_left":[1,0,0],"id":5,"left_children":[1,-1,-1],"loss_changes":[1.2955299E1,0E0,0E0],"parents":[2147483647,0,0],"right_children":[2,-1,-1],"split_conditions":[1.6122867E2,-3.2185686E-1,2.624979E-1],"split_indices":[1,0,0],"split_type":[0,0,0],"sum_hessian":[2.7542484E1,2.4363285E1,3.1792004E0],"tree_param":{"num_deleted":"0","num_feature":"28","num_nodes":"3","size_leaf_vector":"0"}},{"base_weights":[-7.798748E-1,-1.0297214E0,8.0563176E-1],"categories":[],"categories_nodes":[],"categories_segments":[],"categories_sizes":[],"default_left":[1,0,0],"id":6,"left_children":[1,-1,-1],"loss_changes":[9.671693E0,0E0,0E0],"parents":[2147483647,0,0],"right_children":[2,-1,-1],"split_conditions":[1.6122867E2,-3.0891642E-1,2.4168953E-1],"split_indices":[1,0,0],"split_type":[0,0,0],"sum_hessian":[2.1321062E1,1.8721449E1,2.5996134E0],"tree_param":{"num_deleted":"0","num_feature":"28","num_nodes":"3","size_leaf_vector":"0"}},{"base_weights":[-7.3825604E-1,-9.929408E-1,7.428531E-1],"categories":[],"categories_nodes":[],"categories_segments":[],"categories_sizes":[],"default_left":[1,0,0],"id":7,"left_children":[1,-1,-1],"loss_changes":[7.3277225E0,0E0,0E0],"parents":[2147483647,0,0],"right_children":[2,-1,-1],"split_conditions":[1.6122867E2,-2.9788226E-1,2.2285594E-1],"split_indices":[1,0,0],"split_type":[0,0,0],"sum_hessian":[1.6470402E1,1.4335015E1,2.1353872E0],"tree_param":{"num_deleted":"0","num_feature":"28","num_nodes":"3","size_leaf_vector":"0"}},{"base_weights":[-6.97495E-1,-9.5878685E-1,6.8496925E-1],"categories":[],"categories_nodes":[],"categories_segments":[],"categories_sizes":[],"default_left":[1,0,0],"id":8,"left_children":[1,-1,-1],"loss_changes":[5.619172E0,0E0,0E0],"parents":[2147483647,0,0],"right_children":[2,-1,-1],"split_conditions":[1.6122867E2,-2.8763607E-1,2.0549078E-1],"split_indices":[1,0,0],"split_type":[0,0,0],"sum_hessian":[1.2737724E1,1.0970682E1,1.767042E0],"tree_param":{"num_deleted":"0","num_feature":"28","num_nodes":"3","size_leaf_vector":"0"}},{"base_weights":[-6.55864E-1,-9.247227E-1,6.313105E-1],"categories":[],"categories_nodes":[],"categories_segments":[],"categories_sizes":[],"default_left":[1,0,0],"id":9,"left_children":[1,-1,-1],"loss_changes":[4.3520236E0,0E0,0E0],"parents":[2147483647,0,0],"right_children":[2,-1,-1],"split_conditions":[1.6122867E2,-2.7741683E-1,1.8939316E-1],"split_indices":[1,0,0],"split_type":[0,0,0],"sum_hessian":[9.888717E0,8.413031E0,1.4756856E0],"tree_param":{"num_deleted":"0","num_feature":"28","num_nodes":"3","size_leaf_vector":"0"}},{"base_weights":[-6.125039E-1,-8.890399E-1,5.8168113E-1],"categories":[],"categories_nodes":[],"categories_segments":[],"categories_sizes":[],"default_left":[1,0,0],"id":10,"left_children":[1,-1,-1],"loss_changes":[3.3982718E0,0E0,0E0],"parents":[2147483647,0,0],"right_children":[2,-1,-1],"split_conditions":[1.6122867E2,-2.6671198E-1,1.7450434E-1],"split_indices":[1,0,0],"split_type":[0,0,0],"sum_hessian":[7.724494E0,6.479557E0,1.2449372E0],"tree_param":{"num_deleted":"0","num_feature":"28","num_nodes":"3","size_leaf_vector":"0"}},{"base_weights":[-5.6727767E-1,-8.507236E-1,5.3604275E-1],"categories":[],"categories_nodes":[],"categories_segments":[],"categories_sizes":[],"default_left":[1,0,0],"id":11,"left_children":[1,-1,-1],"loss_changes":[2.6714153E0,0E0,0E0],"parents":[2147483647,0,0],"right_children":[2,-1,-1],"split_conditions":[1.6122867E2,-2.552171E-1,1.6081282E-1],"split_indices":[1,0,0],"split_type":[0,0,0],"sum_hessian":[6.0839977E0,5.0226164E0,1.0613815E0],"tree_param":{"num_deleted":"0","num_feature":"28","num_nodes":"3","size_leaf_vector":"0"}},{"base_weights":[-5.2064407E-1,-8.055468E-1,4.261236E-1],"categories":[],"categories_nodes":[],"categories_segments":[],"categories_sizes":[],"default_left":[1,0,0],"id":12,"left_children":[1,-1,-1],"loss_changes":[1.9186443E0,0E0,0E0],"parents":[2147483647,0,0],"right_children":[2,-1,-1],"split_conditions":[1.5735416E2,-2.4166405E-1,1.2783708E-1],"split_indices":[1,0,0],"split_type":[0,0,0],"sum_hessian":[4.840443E0,3.8354383E0,1.005005E0],"tree_param":{"num_deleted":"0","num_feature":"28","num_nodes":"3","size_leaf_vector":"0"}},{"base_weights":[-4.7256538E-1,-7.5574934E-1,3.2208186E-1],"categories":[],"categories_nodes":[],"categories_segments":[],"categories_sizes":[],"default_left":[1,0,0],"id":13,"left_children":[1,-1,-1],"loss_changes":[1.3563609E0,0E0,0E0],"parents":[2147483647,0,0],"right_children":[2,-1,-1],"split_conditions":[2.475E2,-2.2672482E-1,9.662456E-2],"split_indices":[7,0,0],"split_type":[0,0,0],"sum_hessian":[3.9457448E0,2.9451485E0,1.0005963E0],"tree_param":{"num_deleted":"0","num_feature":"28","num_nodes":"3","size_leaf_vector":"0"}},{"base_weights":[-4.253416E-1,-7.0458883E-1,2.4780609E-1],"categories":[],"categories_nodes":[],"categories_segments":[],"categories_sizes":[],"default_left":[1,0,0],"id":14,"left_children":[1,-1,-1],"loss_changes":[9.84391E-1,0E0,0E0],"parents":[2147483647,0,0],"right_children":[2,-1,-1],"split_conditions":[2.235E2,-2.1137665E-1,7.4341826E-2],"split_indices":[8,0,0],"split_type":[0,0,0],"sum_hessian":[3.3079727E0,2.3050451E0,1.0029278E0],"tree_param":{"num_deleted":"0","num_feature":"28","num_nodes":"3","size_leaf_vector":"0"}},{"base_weights":[-3.811553E-1,-6.5398455E-1,1.9745702E-1],"categories":[],"categories_nodes":[],"categories_segments":[],"categories_sizes":[],"default_left":[1,0,0],"id":15,"left_children":[1,-1,-1],"loss_changes":[7.3618907E-1,0E0,0E0],"parents":[2147483647,0,0],"right_children":[2,-1,-1],"split_conditions":[1.5166666E2,-1.9619538E-1,5.9237108E-2],"split_indices":[1,0,0],"split_type":[0,0,0],"sum_hessian":[2.8454719E0,1.8451682E0,1.0003037E0],"tree_param":{"num_deleted":"0","num_feature":"28","num_nodes":"3","size_leaf_vector":"0"}},{"base_weights":[-3.412856E-1,-6.040424E-1,1.5706074E-1],"categories":[],"categories_nodes":[],"categories_segments":[],"categories_sizes":[],"default_left":[1,0,0],"id":16,"left_children":[1,-1,-1],"loss_changes":[5.5343795E-1,0E0,0E0],"parents":[2147483647,0,0],"right_children":[2,-1,-1],"split_conditions":[1.5146875E2,-1.8121272E-1,4.7118224E-2],"split_indices":[1,0,0],"split_type":[0,0,0],"sum_hessian":[2.5020082E0,1.4993639E0,1.0026444E0],"tree_param":{"num_deleted":"0","num_feature":"28","num_nodes":"3","size_leaf_vector":"0"}},{"base_weights":[-3.061886E-1,-5.57364E-1,1.2833217E-1],"categories":[],"categories_nodes":[],"categories_segments":[],"categories_sizes":[],"default_left":[1,0,0],"id":17,"left_children":[1,-1,-1],"loss_changes":[4.256056E-1,0E0,0E0],"parents":[2147483647,0,0],"right_children":[2,-1,-1],"split_conditions":[1.5133334E2,-1.6720921E-1,3.8499653E-2],"split_indices":[1,0,0],"split_type":[0,0,0],"sum_hessian":[2.2442267E0,1.2429994E0,1.0012273E0],"tree_param":{"num_deleted":"0","num_feature":"28","num_nodes":"3","size_leaf_vector":"0"}},{"base_weights":[-2.7576777E-1,-5.1476246E-1,1.064336E-1],"categories":[],"categories_nodes":[],"categories_segments":[],"categories_sizes":[],"default_left":[1,0,0],"id":18,"left_children":[1,-1,-1],"loss_changes":[3.330825E-1,0E0,0E0],"parents":[2147483647,0,0],"right_children":[2,-1,-1],"split_conditions":[1.297396E2,-1.5442875E-1,3.193008E-2],"split_indices":[3,0,0],"split_type":[0,0,0],"sum_hessian":[2.0466604E0,1.0458457E0,1.0008147E0],"tree_param":{"num_deleted":"0","num_feature":"28","num_nodes":"3","size_leaf_vector":"0"}},{"base_weights":[-2.496053E-1],"categories":[],"categories_nodes":[],"categories_segments":[],"categories_sizes":[],"default_left":[0],"id":19,"left_children":[-1],"loss_changes":[0E0],"parents":[2147483647],"right_children":[-1],"split_conditions":[-7.488159E-2],"split_indices":[0],"split_type":[0],"sum_hessian":[1.8935072E0],"tree_param":{"num_deleted":"0","num_feature":"28","num_nodes":"1","size_leaf_vector":"0"}},{"base_weights":[-2.0483191E-1],"categories":[],"categories_nodes":[],"categories_segments":[],"categories_sizes":[],"default_left":[0],"id":20,"left_children":[-1],"loss_changes":[0E0],"parents":[2147483647],"right_children":[-1],"split_conditions":[-6.1449576E-2],"split_indices":[0],"split_type":[0],"sum_hessian":[1.8432599E0],"tree_param":{"num_deleted":"0","num_feature":"28","num_nodes":"1","size_leaf_vector":"0"}},{"base_weights":[-1.673763E-1],"categories":[],"categories_nodes":[],"categories_segments":[],"categories_sizes":[],"default_left":[0],"id":21,"left_children":[-1],"loss_changes":[0E0],"parents":[2147483647],"right_children":[-1],"split_conditions":[-5.021289E-2],"split_indices":[0],"split_type":[0],"sum_hessian":[1.8092462E0],"tree_param":{"num_deleted":"0","num_feature":"28","num_nodes":"1","size_leaf_vector":"0"}},{"base_weights":[-1.3636948E-1],"categories":[],"categories_nodes":[],"categories_segments":[],"categories_sizes":[],"default_left":[0],"id":22,"left_children":[-1],"loss_changes":[0E0],"parents":[2147483647],"right_children":[-1],"split_conditions":[-4.0910847E-2],"split_indices":[0],"split_type":[0],"sum_hessian":[1.7861714E0],"tree_param":{"num_deleted":"0","num_feature":"28","num_nodes":"1","size_leaf_vector":"0"}},{"base_weights":[-1.1088701E-1],"categories":[],"categories_nodes":[],"categories_segments":[],"categories_sizes":[],"default_left":[0],"id":23,"left_children":[-1],"loss_changes":[0E0],"parents":[2147483647],"right_children":[-1],"split_conditions":[-3.3266105E-2],"split_indices":[0],"split_type":[0],"sum_hessian":[1.7704494E0],"tree_param":{"num_deleted":"0","num_feature":"28","num_nodes":"1","size_leaf_vector":"0"}},{"base_weights":[-9.0045325E-2],"categories":[],"categories_nodes":[],"categories_segments":[],"categories_sizes":[],"default_left":[0],"id":24,"left_children":[-1],"loss_changes":[0E0],"parents":[2147483647],"right_children":[-1],"split_conditions":[-2.7013598E-2],"split_indices":[0],"split_type":[0],"sum_hessian":[1.7596767E0],"tree_param":{"num_deleted":"0","num_feature":"28","num_nodes":"1","size_leaf_vector":"0"}},{"base_weights":[-7.305395E-2],"categories":[],"categories_nodes":[],"categories_segments":[],"categories_sizes":[],"default_left":[0],"id":25,"left_children":[-1],"loss_changes":[0E0],"parents":[2147483647],"right_children":[-1],"split_conditions":[-2.1916185E-2],"split_indices":[0],"split_type":[0],"sum_hessian":[1.7522444E0],"tree_param":{"num_deleted":"0","num_feature":"28","num_nodes":"1","size_leaf_vector":"0"}},{"base_weights":[-5.9233993E-2],"categories":[],"categories_nodes":[],"categories_segments":[],"categories_sizes":[],"default_left":[0],"id":26,"left_children":[-1],"loss_changes":[0E0],"parents":[2147483647],"right_children":[-1],"split_conditions":[-1.77702E-2],"split_indices":[0],"split_type":[0],"sum_hessian":[1.74707E0],"tree_param":{"num_deleted":"0","num_feature":"28","num_nodes":"1","size_leaf_vector":"0"}},{"base_weights":[-4.8007827E-2],"categories":[],"categories_nodes":[],"categories_segments":[],"categories_sizes":[],"default_left":[0],"id":27,"left_children":[-1],"loss_changes":[0E0],"parents":[2147483647],"right_children":[-1],"split_conditions":[-1.4402349E-2],"split_indices":[0],"split_type":[0],"sum_hessian":[1.743438E0],"tree_param":{"num_deleted":"0","num_feature":"28","num_nodes":"1","size_leaf_vector":"0"}},{"base_weights":[-3.8897924E-2],"categories":[],"categories_nodes":[],"categories_segments":[],"categories_sizes":[],"default_left":[0],"id":28,"left_children":[-1],"loss_changes":[0E0],"parents":[2147483647],"right_children":[-1],"split_conditions":[-1.1669378E-2],"split_indices":[0],"split_type":[0],"sum_hessian":[1.7408627E0],"tree_param":{"num_deleted":"0","num_feature":"28","num_nodes":"1","size_leaf_vector":"0"}},{"base_weights":[-3.1511948E-2],"categories":[],"categories_nodes":[],"categories_segments":[],"categories_sizes":[],"default_left":[0],"id":29,"left_children":[-1],"loss_changes":[0E0],"parents":[2147483647],"right_children":[-1],"split_conditions":[-9.453584E-3],"split_indices":[0],"split_type":[0],"sum_hessian":[1.7390138E0],"tree_param":{"num_deleted":"0","num_feature":"28","num_nodes":"1","size_leaf_vector":"0"}},{"base_weights":[-2.552441E-2],"categories":[],"categories_nodes":[],"categories_segments":[],"categories_sizes":[],"default_left":[0],"id":30,"left_children":[-1],"loss_changes":[0E0],"parents":[2147483647],"right_children":[-1],"split_conditions":[-7.657323E-3],"split_indices":[0],"split_type":[0],"sum_hessian":[1.7376744E0],"tree_param":{"num_deleted":"0","num_feature":"28","num_nodes":"1","size_leaf_vector":"0"}},{"base_weights":[-2.0672387E-2],"categories":[],"categories_nodes":[],"categories_segments":[],"categories_sizes":[],"default_left":[0],"id":31,"left_children":[-1],"loss_changes":[0E0],"parents":[2147483647],"right_children":[-1],"split_conditions":[-6.201716E-3],"split_indices":[0],"split_type":[0],"sum_hessian":[1.7366931E0],"tree_param":{"num_deleted":"0","num_feature":"28","num_nodes":"1","size_leaf_vector":"0"}},{"base_weights":[-1.6742691E-2],"categories":[],"categories_nodes":[],"categories_segments":[],"categories_sizes":[],"default_left":[0],"id":32,"left_children":[-1],"loss_changes":[0E0],"parents":[2147483647],"right_children":[-1],"split_conditions":[-5.0228075E-3],"split_indices":[0],"split_type":[0],"sum_hessian":[1.7359633E0],"tree_param":{"num_deleted":"0","num_feature":"28","num_nodes":"1","size_leaf_vector":"0"}},{"base_weights":[-1.3558251E-2],"categories":[],"categories_nodes":[],"categories_segments":[],"categories_sizes":[],"default_left":[0],"id":33,"left_children":[-1],"loss_changes":[0E0],"parents":[2147483647],"right_children":[-1],"split_conditions":[-4.0674754E-3],"split_indices":[0],"split_type":[0],"sum_hessian":[1.7354192E0],"tree_param":{"num_deleted":"0","num_feature":"28","num_nodes":"1","size_leaf_vector":"0"}},{"base_weights":[-1.0979934E-2],"categories":[],"categories_nodes":[],"categories_segments":[],"categories_sizes":[],"default_left":[0],"id":34,"left_children":[-1],"loss_changes":[0E0],"parents":[2147483647],"right_children":[-1],"split_conditions":[-3.2939801E-3],"split_indices":[0],"split_type":[0],"sum_hessian":[1.7350056E0],"tree_param":{"num_deleted":"0","num_feature":"28","num_nodes":"1","size_leaf_vector":"0"}},{"base_weights":[-8.891623E-3],"categories":[],"categories_nodes":[],"categories_segments":[],"categories_sizes":[],"default_left":[0],"id":35,"left_children":[-1],"loss_changes":[0E0],"parents":[2147483647],"right_children":[-1],"split_conditions":[-2.667487E-3],"split_indices":[0],"split_type":[0],"sum_hessian":[1.73469E0],"tree_param":{"num_deleted":"0","num_feature":"28","num_nodes":"1","size_leaf_vector":"0"}},{"base_weights":[-7.200196E-3],"categories":[],"categories_nodes":[],"categories_segments":[],"categories_sizes":[],"default_left":[0],"id":36,"left_children":[-1],"loss_changes":[0E0],"parents":[2147483647],"right_children":[-1],"split_conditions":[-2.1600588E-3],"split_indices":[0],"split_type":[0],"sum_hessian":[1.7344474E0],"tree_param":{"num_deleted":"0","num_feature":"28","num_nodes":"1","size_leaf_vector":"0"}},{"base_weights":[-5.831461E-3],"categories":[],"categories_nodes":[],"categories_segments":[],"categories_sizes":[],"default_left":[0],"id":37,"left_children":[-1],"loss_changes":[0E0],"parents":[2147483647],"right_children":[-1],"split_conditions":[-1.7494384E-3],"split_indices":[0],"split_type":[0],"sum_hessian":[1.7342564E0],"tree_param":{"num_deleted":"0","num_feature":"28","num_nodes":"1","size_leaf_vector":"0"}},{"base_weights":[-4.721416E-3],"categories":[],"categories_nodes":[],"categories_segments":[],"categories_sizes":[],"default_left":[0],"id":38,"left_children":[-1],"loss_changes":[0E0],"parents":[2147483647],"right_children":[-1],"split_conditions":[-1.4164249E-3],"split_indices":[0],"split_type":[0],"sum_hessian":[1.7341105E0],"tree_param":{"num_deleted":"0","num_feature":"28","num_nodes":"1","size_leaf_vector":"0"}},{"base_weights":[-3.8231467E-3],"categories":[],"categories_nodes":[],"categories_segments":[],"categories_sizes":[],"default_left":[0],"id":39,"left_children":[-1],"loss_changes":[0E0],"parents":[2147483647],"right_children":[-1],"split_conditions":[-1.146944E-3],"split_indices":[0],"split_type":[0],"sum_hessian":[1.7339952E0],"tree_param":{"num_deleted":"0","num_feature":"28","num_nodes":"1","size_leaf_vector":"0"}},{"base_weights":[-3.095453E-3],"categories":[],"categories_nodes":[],"categories_segments":[],"categories_sizes":[],"default_left":[0],"id":40,"left_children":[-1],"loss_changes":[0E0],"parents":[2147483647],"right_children":[-1],"split_conditions":[-9.286359E-4],"split_indices":[0],"split_type":[0],"sum_hessian":[1.7339048E0],"tree_param":{"num_deleted":"0","num_feature":"28","num_nodes":"1","size_leaf_vector":"0"}},{"base_weights":[-2.5069958E-3],"categories":[],"categories_nodes":[],"categories_segments":[],"categories_sizes":[],"default_left":[0],"id":41,"left_children":[-1],"loss_changes":[0E0],"parents":[2147483647],"right_children":[-1],"split_conditions":[-7.520988E-4],"split_indices":[0],"split_type":[0],"sum_hessian":[1.7338316E0],"tree_param":{"num_deleted":"0","num_feature":"28","num_nodes":"1","size_leaf_vector":"0"}},{"base_weights":[-2.0305892E-3],"categories":[],"categories_nodes":[],"categories_segments":[],"categories_sizes":[],"default_left":[0],"id":42,"left_children":[-1],"loss_changes":[0E0],"parents":[2147483647],"right_children":[-1],"split_conditions":[-6.0917676E-4],"split_indices":[0],"split_type":[0],"sum_hessian":[1.7337725E0],"tree_param":{"num_deleted":"0","num_feature":"28","num_nodes":"1","size_leaf_vector":"0"}},{"base_weights":[-1.6442803E-3],"categories":[],"categories_nodes":[],"categories_segments":[],"categories_sizes":[],"default_left":[0],"id":43,"left_children":[-1],"loss_changes":[0E0],"parents":[2147483647],"right_children":[-1],"split_conditions":[-4.932841E-4],"split_indices":[0],"split_type":[0],"sum_hessian":[1.733726E0],"tree_param":{"num_deleted":"0","num_feature":"28","num_nodes":"1","size_leaf_vector":"0"}},{"base_weights":[-1.3309394E-3],"categories":[],"categories_nodes":[],"categories_segments":[],"categories_sizes":[],"default_left":[0],"id":44,"left_children":[-1],"loss_changes":[0E0],"parents":[2147483647],"right_children":[-1],"split_conditions":[-3.9928182E-4],"split_indices":[0],"split_type":[0],"sum_hessian":[1.7336907E0],"tree_param":{"num_deleted":"0","num_feature":"28","num_nodes":"1","size_leaf_vector":"0"}},{"base_weights":[-1.0784521E-3],"categories":[],"categories_nodes":[],"categories_segments":[],"categories_sizes":[],"default_left":[0],"id":45,"left_children":[-1],"loss_changes":[0E0],"parents":[2147483647],"right_children":[-1],"split_conditions":[-3.2353564E-4],"split_indices":[0],"split_type":[0],"sum_hessian":[1.7336595E0],"tree_param":{"num_deleted":"0","num_feature":"28","num_nodes":"1","size_leaf_vector":"0"}},{"base_weights":[-8.7224174E-4],"categories":[],"categories_nodes":[],"categories_segments":[],"categories_sizes":[],"default_left":[0],"id":46,"left_children":[-1],"loss_changes":[0E0],"parents":[2147483647],"right_children":[-1],"split_conditions":[-2.6167254E-4],"split_indices":[0],"split_type":[0],"sum_hessian":[1.7336378E0],"tree_param":{"num_deleted":"0","num_feature":"28","num_nodes":"1","size_leaf_vector":"0"}},{"base_weights":[-7.067677E-4],"categories":[],"categories_nodes":[],"categories_segments":[],"categories_sizes":[],"default_left":[0],"id":47,"left_children":[-1],"loss_changes":[0E0],"parents":[2147483647],"right_children":[-1],"split_conditions":[-2.1203033E-4],"split_indices":[0],"split_type":[0],"sum_hessian":[1.7336173E0],"tree_param":{"num_deleted":"0","num_feature":"28","num_nodes":"1","size_leaf_vector":"0"}},{"base_weights":[-5.7193823E-4],"categories":[],"categories_nodes":[],"categories_segments":[],"categories_sizes":[],"default_left":[0],"id":48,"left_children":[-1],"loss_changes":[0E0],"parents":[2147483647],"right_children":[-1],"split_conditions":[-1.7158147E-4],"split_indices":[0],"split_type":[0],"sum_hessian":[1.7336025E0],"tree_param":{"num_deleted":"0","num_feature":"28","num_nodes":"1","size_leaf_vector":"0"}},{"base_weights":[-4.6297075E-4],"categories":[],"categories_nodes":[],"categories_segments":[],"categories_sizes":[],"default_left":[0],"id":49,"left_children":[-1],"loss_changes":[0E0],"parents":[2147483647],"right_children":[-1],"split_conditions":[-1.3889124E-4],"split_indices":[0],"split_type":[0],"sum_hessian":[1.7335904E0],"tree_param":{"num_deleted":"0","num_feature":"28","num_nodes":"1","size_leaf_vector":"0"}},{"base_weights":[-3.7437322E-4],"categories":[],"categories_nodes":[],"categories_segments":[],"categories_sizes":[],"default_left":[0],"id":50,"left_children":[-1],"loss_changes":[0E0],"parents":[2147483647],"right_children":[-1],"split_conditions":[-1.1231197E-4],"split_indices":[0],"split_type":[0],"sum_hessian":[1.7335818E0],"tree_param":{"num_deleted":"0","num_feature":"28","num_nodes":"1","size_leaf_vector":"0"}},{"base_weights":[-3.0397717E-4],"categories":[],"categories_nodes":[],"categories_segments":[],"categories_sizes":[],"default_left":[0],"id":51,"left_children":[-1],"loss_changes":[0E0],"parents":[2147483647],"right_children":[-1],"split_conditions":[-9.119316E-5],"split_indices":[0],"split_type":[0],"sum_hessian":[1.7335712E0],"tree_param":{"num_deleted":"0","num_feature":"28","num_nodes":"1","size_leaf_vector":"0"}},{"base_weights":[-2.459949E-4],"categories":[],"categories_nodes":[],"categories_segments":[],"categories_sizes":[],"default_left":[0],"id":52,"left_children":[-1],"loss_changes":[0E0],"parents":[2147483647],"right_children":[-1],"split_conditions":[-7.379847E-5],"split_indices":[0],"split_type":[0],"sum_hessian":[1.7335652E0],"tree_param":{"num_deleted":"0","num_feature":"28","num_nodes":"1","size_leaf_vector":"0"}},{"base_weights":[-1.9962122E-4],"categories":[],"categories_nodes":[],"categories_segments":[],"categories_sizes":[],"default_left":[0],"id":53,"left_children":[-1],"loss_changes":[0E0],"parents":[2147483647],"right_children":[-1],"split_conditions":[-5.988637E-5],"split_indices":[0],"split_type":[0],"sum_hessian":[1.7335587E0],"tree_param":{"num_deleted":"0","num_feature":"28","num_nodes":"1","size_leaf_vector":"0"}},{"base_weights":[-1.6075793E-4],"categories":[],"categories_nodes":[],"categories_segments":[],"categories_sizes":[],"default_left":[0],"id":54,"left_children":[-1],"loss_changes":[0E0],"parents":[2147483647],"right_children":[-1],"split_conditions":[-4.8227383E-5],"split_indices":[0],"split_type":[0],"sum_hessian":[1.7335563E0],"tree_param":{"num_deleted":"0","num_feature":"28","num_nodes":"1","size_leaf_vector":"0"}},{"base_weights":[-1.3062118E-4],"categories":[],"categories_nodes":[],"categories_segments":[],"categories_sizes":[],"default_left":[0],"id":55,"left_children":[-1],"loss_changes":[0E0],"parents":[2147483647],"right_children":[-1],"split_conditions":[-3.9186354E-5],"split_indices":[0],"split_type":[0],"sum_hessian":[1.7335517E0],"tree_param":{"num_deleted":"0","num_feature":"28","num_nodes":"1","size_leaf_vector":"0"}},{"base_weights":[-1.0645921E-4],"categories":[],"categories_nodes":[],"categories_segments":[],"categories_sizes":[],"default_left":[0],"id":56,"left_children":[-1],"loss_changes":[0E0],"parents":[2147483647],"right_children":[-1],"split_conditions":[-3.1937765E-5],"split_indices":[0],"split_type":[0],"sum_hessian":[1.7335474E0],"tree_param":{"num_deleted":"0","num_feature":"28","num_nodes":"1","size_leaf_vector":"0"}},{"base_weights":[-8.579198E-5],"categories":[],"categories_nodes":[],"categories_segments":[],"categories_sizes":[],"default_left":[0],"id":57,"left_children":[-1],"loss_changes":[0E0],"parents":[2147483647],"right_children":[-1],"split_conditions":[-2.5737596E-5],"split_indices":[0],"split_type":[0],"sum_hessian":[1.7335461E0],"tree_param":{"num_deleted":"0","num_feature":"28","num_nodes":"1","size_leaf_vector":"0"}},{"base_weights":[-6.9579764E-5],"categories":[],"categories_nodes":[],"categories_segments":[],"categories_sizes":[],"default_left":[0],"id":58,"left_children":[-1],"loss_changes":[0E0],"parents":[2147483647],"right_children":[-1],"split_conditions":[-2.087393E-5],"split_indices":[0],"split_type":[0],"sum_hessian":[1.733544E0],"tree_param":{"num_deleted":"0","num_feature":"28","num_nodes":"1","size_leaf_vector":"0"}},{"base_weights":[-5.5500437E-5],"categories":[],"categories_nodes":[],"categories_segments":[],"categories_sizes":[],"default_left":[0],"id":59,"left_children":[-1],"loss_changes":[0E0],"parents":[2147483647],"right_children":[-1],"split_conditions":[-1.6650132E-5],"split_indices":[0],"split_type":[0],"sum_hessian":[1.7335445E0],"tree_param":{"num_deleted":"0","num_feature":"28","num_nodes":"1","size_leaf_vector":"0"}},{"base_weights":[-4.586623E-5],"categories":[],"categories_nodes":[],"categories_segments":[],"categories_sizes":[],"default_left":[0],"id":60,"left_children":[-1],"loss_changes":[0E0],"parents":[2147483647],"right_children":[-1],"split_conditions":[-1.3759869E-5],"split_indices":[0],"split_type":[0],"sum_hessian":[1.7335409E0],"tree_param":{"num_deleted":"0","num_feature":"28","num_nodes":"1","size_leaf_vector":"0"}},{"base_weights":[-3.6545385E-5],"categories":[],"categories_nodes":[],"categories_segments":[],"categories_sizes":[],"default_left":[0],"id":61,"left_children":[-1],"loss_changes":[0E0],"parents":[2147483647],"right_children":[-1],"split_conditions":[-1.0963616E-5],"split_indices":[0],"split_type":[0],"sum_hessian":[1.7335414E0],"tree_param":{"num_deleted":"0","num_feature":"28","num_nodes":"1","size_leaf_vector":"0"}},{"base_weights":[-2.9955803E-5],"categories":[],"categories_nodes":[],"categories_segments":[],"categories_sizes":[],"default_left":[0],"id":62,"left_children":[-1],"loss_changes":[0E0],"parents":[2147483647],"right_children":[-1],"split_conditions":[-8.986742E-6],"split_indices":[0],"split_type":[0],"sum_hessian":[1.7335396E0],"tree_param":{"num_deleted":"0","num_feature":"28","num_nodes":"1","size_leaf_vector":"0"}},{"base_weights":[-2.3381433E-5],"categories":[],"categories_nodes":[],"categories_segments":[],"categories_sizes":[],"default_left":[0],"id":63,"left_children":[-1],"loss_changes":[0E0],"parents":[2147483647],"right_children":[-1],"split_conditions":[-7.01443E-6],"split_indices":[0],"split_type":[0],"sum_hessian":[1.733541E0],"tree_param":{"num_deleted":"0","num_feature":"28","num_nodes":"1","size_leaf_vector":"0"}},{"base_weights":[-1.986192E-5],"categories":[],"categories_nodes":[],"categories_segments":[],"categories_sizes":[],"default_left":[0],"id":64,"left_children":[-1],"loss_changes":[0E0],"parents":[2147483647],"right_children":[-1],"split_conditions":[-5.9585764E-6],"split_indices":[0],"split_type":[0],"sum_hessian":[1.7335379E0],"tree_param":{"num_deleted":"0","num_feature":"28","num_nodes":"1","size_leaf_vector":"0"}},{"base_weights":[-1.617825E-5],"categories":[],"categories_nodes":[],"categories_segments":[],"categories_sizes":[],"default_left":[0],"id":65,"left_children":[-1],"loss_changes":[0E0],"parents":[2147483647],"right_children":[-1],"split_conditions":[-4.8534753E-6],"split_indices":[0],"split_type":[0],"sum_hessian":[1.7335376E0],"tree_param":{"num_deleted":"0","num_feature":"28","num_nodes":"1","size_leaf_vector":"0"}},{"base_weights":[-1.344037E-5],"categories":[],"categories_nodes":[],"categories_segments":[],"categories_sizes":[],"default_left":[0],"id":66,"left_children":[-1],"loss_changes":[0E0],"parents":[2147483647],"right_children":[-1],"split_conditions":[-4.032111E-6],"split_indices":[0],"split_type":[0],"sum_hessian":[1.7335366E0],"tree_param":{"num_deleted":"0","num_feature":"28","num_nodes":"1","size_leaf_vector":"0"}},{"base_weights":[-1.0987228E-5],"categories":[],"categories_nodes":[],"categories_segments":[],"categories_sizes":[],"default_left":[0],"id":67,"left_children":[-1],"loss_changes":[0E0],"parents":[2147483647],"right_children":[-1],"split_conditions":[-3.2961686E-6],"split_indices":[0],"split_type":[0],"sum_hessian":[1.7335364E0],"tree_param":{"num_deleted":"0","num_feature":"28","num_nodes":"1","size_leaf_vector":"0"}},{"base_weights":[-8.693619E-6],"categories":[],"categories_nodes":[],"categories_segments":[],"categories_sizes":[],"default_left":[0],"id":68,"left_children":[-1],"loss_changes":[0E0],"parents":[2147483647],"right_children":[-1],"split_conditions":[-2.6080857E-6],"split_indices":[0],"split_type":[0],"sum_hessian":[1.7335366E0],"tree_param":{"num_deleted":"0","num_feature":"28","num_nodes":"1","size_leaf_vector":"0"}},{"base_weights":[-6.693693E-6],"categories":[],"categories_nodes":[],"categories_segments":[],"categories_sizes":[],"default_left":[0],"id":69,"left_children":[-1],"loss_changes":[0E0],"parents":[2147483647],"right_children":[-1],"split_conditions":[-2.0081081E-6],"split_indices":[0],"split_type":[0],"sum_hessian":[1.7335377E0],"tree_param":{"num_deleted":"0","num_feature":"28","num_nodes":"1","size_leaf_vector":"0"}},{"base_weights":[-4.8735733E-6],"categories":[],"categories_nodes":[],"categories_segments":[],"categories_sizes":[],"default_left":[0],"id":70,"left_children":[-1],"loss_changes":[0E0],"parents":[2147483647],"right_children":[-1],"split_conditions":[-1.4620721E-6],"split_indices":[0],"split_type":[0],"sum_hessian":[1.7335391E0],"tree_param":{"num_deleted":"0","num_feature":"28","num_nodes":"1","size_leaf_vector":"0"}},{"base_weights":[-4.404599E-6],"categories":[],"categories_nodes":[],"categories_segments":[],"categories_sizes":[],"default_left":[0],"id":71,"left_children":[-1],"loss_changes":[0E0],"parents":[2147483647],"right_children":[-1],"split_conditions":[-1.3213798E-6],"split_indices":[0],"split_type":[0],"sum_hessian":[1.7335379E0],"tree_param":{"num_deleted":"0","num_feature":"28","num_nodes":"1","size_leaf_vector":"0"}},{"base_weights":[-3.9395422E-6],"categories":[],"categories_nodes":[],"categories_segments":[],"categories_sizes":[],"default_left":[0],"id":72,"left_children":[-1],"loss_changes":[0E0],"parents":[2147483647],"right_children":[-1],"split_conditions":[-1.1818627E-6],"split_indices":[0],"split_type":[0],"sum_hessian":[1.7335366E0],"tree_param":{"num_deleted":"0","num_feature":"28","num_nodes":"1","size_leaf_vector":"0"}},{"base_weights":[-2.4307394E-6],"categories":[],"categories_nodes":[],"categories_segments":[],"categories_sizes":[],"default_left":[0],"id":73,"left_children":[-1],"loss_changes":[0E0],"parents":[2147483647],"right_children":[-1],"split_conditions":[-7.292219E-7],"split_indices":[0],"split_type":[0],"sum_hessian":[1.733539E0],"tree_param":{"num_deleted":"0","num_feature":"28","num_nodes":"1","size_leaf_vector":"0"}},{"base_weights":[-2.1189123E-6],"categories":[],"categories_nodes":[],"categories_segments":[],"categories_sizes":[],"default_left":[0],"id":74,"left_children":[-1],"loss_changes":[0E0],"parents":[2147483647],"right_children":[-1],"split_conditions":[-6.356737E-7],"split_indices":[0],"split_type":[0],"sum_hessian":[1.7335382E0],"tree_param":{"num_deleted":"0","num_feature":"28","num_nodes":"1","size_leaf_vector":"0"}},{"base_weights":[-1.9558015E-6],"categories":[],"categories_nodes":[],"categories_segments":[],"categories_sizes":[],"default_left":[0],"id":75,"left_children":[-1],"loss_changes":[0E0],"parents":[2147483647],"right_children":[-1],"split_conditions":[-5.867405E-7],"split_indices":[0],"split_type":[0],"sum_hessian":[1.7335377E0],"tree_param":{"num_deleted":"0","num_feature":"28","num_nodes":"1","size_leaf_vector":"0"}},{"base_weights":[-1.8061484E-6],"categories":[],"categories_nodes":[],"categories_segments":[],"categories_sizes":[],"default_left":[0],"id":76,"left_children":[-1],"loss_changes":[0E0],"parents":[2147483647],"right_children":[-1],"split_conditions":[-5.4184454E-7],"split_indices":[0],"split_type":[0],"sum_hessian":[1.7335373E0],"tree_param":{"num_deleted":"0","num_feature":"28","num_nodes":"1","size_leaf_vector":"0"}},{"base_weights":[-1.65641E-6],"categories":[],"categories_nodes":[],"categories_segments":[],"categories_sizes":[],"default_left":[0],"id":77,"left_children":[-1],"loss_changes":[0E0],"parents":[2147483647],"right_children":[-1],"split_conditions":[-4.96923E-7],"split_indices":[0],"split_type":[0],"sum_hessian":[1.7335368E0],"tree_param":{"num_deleted":"0","num_feature":"28","num_nodes":"1","size_leaf_vector":"0"}},{"base_weights":[-2.779277E-7],"categories":[],"categories_nodes":[],"categories_segments":[],"categories_sizes":[],"default_left":[0],"id":78,"left_children":[-1],"loss_changes":[0E0],"parents":[2147483647],"right_children":[-1],"split_conditions":[-8.337832E-8],"split_indices":[0],"split_type":[0],"sum_hessian":[1.7335396E0],"tree_param":{"num_deleted":"0","num_feature":"28","num_nodes":"1","size_leaf_vector":"0"}},{"base_weights":[-2.779277E-7],"categories":[],"categories_nodes":[],"categories_segments":[],"categories_sizes":[],"default_left":[0],"id":79,"left_children":[-1],"loss_changes":[0E0],"parents":[2147483647],"right_children":[-1],"split_conditions":[-8.337832E-8],"split_indices":[0],"split_type":[0],"sum_hessian":[1.7335396E0],"tree_param":{"num_deleted":"0","num_feature":"28","num_nodes":"1","size_leaf_vector":"0"}},{"base_weights":[-2.779277E-7],"categories":[],"categories_nodes":[],"categories_segments":[],"categories_sizes":[],"default_left":[0],"id":80,"left_children":[-1],"loss_changes":[0E0],"parents":[2147483647],"right_children":[-1],"split_conditions":[-8.337832E-8],"split_indices":[0],"split_type":[0],"sum_hessian":[1.7335396E0],"tree_param":{"num_deleted":"0","num_feature":"28","num_nodes":"1","size_leaf_vector":"0"}},{"base_weights":[-2.779277E-7],"categories":[],"categories_nodes":[],"categories_segments":[],"categories_sizes":[],"default_left":[0],"id":81,"left_children":[-1],"loss_changes":[0E0],"parents":[2147483647],"right_children":[-1],"split_conditions":[-8.337832E-8],"split_indices":[0],"split_type":[0],"sum_hessian":[1.7335396E0],"tree_param":{"num_deleted":"0","num_feature":"28","num_nodes":"1","size_leaf_vector":"0"}},{"base_weights":[-2.779277E-7],"categories":[],"categories_nodes":[],"categories_segments":[],"categories_sizes":[],"default_left":[0],"id":82,"left_children":[-1],"loss_changes":[0E0],"parents":[2147483647],"right_children":[-1],"split_conditions":[-8.337832E-8],"split_indices":[0],"split_type":[0],"sum_hessian":[1.7335396E0],"tree_param":{"num_deleted":"0","num_feature":"28","num_nodes":"1","size_leaf_vector":"0"}},{"base_weights":[-2.779277E-7],"categories":[],"categories_nodes":[],"categories_segments":[],"categories_sizes":[],"default_left":[0],"id":83,"left_children":[-1],"loss_changes":[0E0],"parents":[2147483647],"right_children":[-1],"split_conditions":[-8.337832E-8],"split_indices":[0],"split_type":[0],"sum_hessian":[1.7335396E0],"tree_param":{"num_deleted":"0","num_feature":"28","num_nodes":"1","size_leaf_vector":"0"}},{"base_weights":[-2.779277E-7],"categories":[],"categories_nodes":[],"categories_segments":[],"categories_sizes":[],"default_left":[0],"id":84,"left_children":[-1],"loss_changes":[0E0],"parents":[2147483647],"right_children":[-1],"split_conditions":[-8.337832E-8],"split_indices":[0],"split_type":[0],"sum_hessian":[1.7335396E0],"tree_param":{"num_deleted":"0","num_feature":"28","num_nodes":"1","size_leaf_vector":"0"}},{"base_weights":[-2.779277E-7],"categories":[],"categories_nodes":[],"categories_segments":[],"categories_sizes":[],"default_left":[0],"id":85,"left_children":[-1],"loss_changes":[0E0],"parents":[2147483647],"right_children":[-1],"split_conditions":[-8.337832E-8],"split_indices":[0],"split_type":[0],"sum_hessian":[1.7335396E0],"tree_param":{"num_deleted":"0","num_feature":"28","num_nodes":"1","size_leaf_vector":"0"}},{"base_weights":[-2.779277E-7],"categories":[],"categories_nodes":[],"categories_segments":[],"categories_sizes":[],"default_left":[0],"id":86,"left_children":[-1],"loss_changes":[0E0],"parents":[2147483647],"right_children":[-1],"split_conditions":[-8.337832E-8],"split_indices":[0],"split_type":[0],"sum_hessian":[1.7335396E0],"tree_param":{"num_deleted":"0","num_feature":"28","num_nodes":"1","size_leaf_vector":"0"}},{"base_weights":[-2.779277E-7],"categories":[],"categories_nodes":[],"categories_segments":[],"categories_sizes":[],"default_left":[0],"id":87,"left_children":[-1],"loss_changes":[0E0],"parents":[2147483647],"right_children":[-1],"split_conditions":[-8.337832E-8],"split_indices":[0],"split_type":[0],"sum_hessian":[1.7335396E0],"tree_param":{"num_deleted":"0","num_feature":"28","num_nodes":"1","size_leaf_vector":"0"}},{"base_weights":[-2.779277E-7],"categories":[],"categories_nodes":[],"categories_segments":[],"categories_sizes":[],"default_left":[0],"id":88,"left_children":[-1],"loss_changes":[0E0],"parents":[2147483647],"right_children":[-1],"split_conditions":[-8.337832E-8],"split_indices":[0],"split_type":[0],"sum_hessian":[1.7335396E0],"tree_param":{"num_deleted":"0","num_feature":"28","num_nodes":"1","size_leaf_vector":"0"}},{"base_weights":[-2.779277E-7],"categories":[],"categories_nodes":[],"categories_segments":[],"categories_sizes":[],"default_left":[0],"id":89,"left_children":[-1],"loss_changes":[0E0],"parents":[2147483647],"right_children":[-1],"split_conditions":[-8.337832E-8],"split_indices":[0],"split_type":[0],"sum_hessian":[1.7335396E0],"tree_param":{"num_deleted":"0","num_feature":"28","num_nodes":"1","size_leaf_vector":"0"}},{"base_weights":[-2.779277E-7],"categories":[],"categories_nodes":[],"categories_segments":[],"categories_sizes":[],"default_left":[0],"id":90,"left_children":[-1],"loss_changes":[0E0],"parents":[2147483647],"right_children":[-1],"split_conditions":[-8.337832E-8],"split_indices":[0],"split_type":[0],"sum_hessian":[1.7335396E0],"tree_param":{"num_deleted":"0","num_feature":"28","num_nodes":"1","size_leaf_vector":"0"}},{"base_weights":[-2.779277E-7],"categories":[],"categories_nodes":[],"categories_segments":[],"categories_sizes":[],"default_left":[0],"id":91,"left_children":[-1],"loss_changes":[0E0],"parents":[2147483647],"right_children":[-1],"split_conditions":[-8.337832E-8],"split_indices":[0],"split_type":[0],"sum_hessian":[1.7335396E0],"tree_param":{"num_deleted":"0","num_feature":"28","num_nodes":"1","size_leaf_vector":"0"}},{"base_weights":[-2.779277E-7],"categories":[],"categories_nodes":[],"categories_segments":[],"categories_sizes":[],"default_left":[0],"id":92,"left_children":[-1],"loss_changes":[0E0],"parents":[2147483647],"right_children":[-1],"split_conditions":[-8.337832E-8],"split_indices":[0],"split_type":[0],"sum_hessian":[1.7335396E0],"tree_param":{"num_deleted":"0","num_feature":"28","num_nodes":"1","size_leaf_vector":"0"}},{"base_weights":[-2.779277E-7],"categories":[],"categories_nodes":[],"categories_segments":[],"categories_sizes":[],"default_left":[0],"id":93,"left_children":[-1],"loss_changes":[0E0],"parents":[2147483647],"right_children":[-1],"split_conditions":[-8.337832E-8],"split_indices":[0],"split_type":[0],"sum_hessian":[1.7335396E0],"tree_param":{"num_deleted":"0","num_feature":"28","num_nodes":"1","size_leaf_vector":"0"}},{"base_weights":[-2.779277E-7],"categories":[],"categories_nodes":[],"categories_segments":[],"categories_sizes":[],"default_left":[0],"id":94,"left_children":[-1],"loss_changes":[0E0],"parents":[2147483647],"right_children":[-1],"split_conditions":[-8.337832E-8],"split_indices":[0],"split_type":[0],"sum_hessian":[1.7335396E0],"tree_param":{"num_deleted":"0","num_feature":"28","num_nodes":"1","size_leaf_vector":"0"}},{"base_weights":[-2.779277E-7],"categories":[],"categories_nodes":[],"categories_segments":[],"categories_sizes":[],"default_left":[0],"id":95,"left_children":[-1],"loss_changes":[0E0],"parents":[2147483647],"right_children":[-1],"split_conditions":[-8.337832E-8],"split_indices":[0],"split_type":[0],"sum_hessian":[1.7335396E0],"tree_param":{"num_deleted":"0","num_feature":"28","num_nodes":"1","size_leaf_vector":"0"}},{"base_weights":[-2.779277E-7],"categories":[],"categories_nodes":[],"categories_segments":[],"categories_sizes":[],"default_left":[0],"id":96,"left_children":[-1],"loss_changes":[0E0],"parents":[2147483647],"right_children":[-1],"split_conditions":[-8.337832E-8],"split_indices":[0],"split_type":[0],"sum_hessian":[1.7335396E0],"tree_param":{"num_deleted":"0","num_feature":"28","num_nodes":"1","size_leaf_vector":"0"}},{"base_weights":[-2.779277E-7],"categories":[],"categories_nodes":[],"categories_segments":[],"categories_sizes":[],"default_left":[0],"id":97,"left_children":[-1],"loss_changes":[0E0],"parents":[2147483647],"right_children":[-1],"split_conditions":[-8.337832E-8],"split_indices":[0],"split_type":[0],"sum_hessian":[1.7335396E0],"tree_param":{"num_deleted":"0","num_feature":"28","num_nodes":"1","size_leaf_vector":"0"}},{"base_weights":[-2.779277E-7],"categories":[],"categories_nodes":[],"categories_segments":[],"categories_sizes":[],"default_left":[0],"id":98,"left_children":[-1],"loss_changes":[0E0],"parents":[2147483647],"right_children":[-1],"split_conditions":[-8.337832E-8],"split_indices":[0],"split_type":[0],"sum_hessian":[1.7335396E0],"tree_param":{"num_deleted":"0","num_feature":"28","num_nodes":"1","size_leaf_vector":"0"}},{"base_weights":[-2.779277E-7],"categories":[],"categories_nodes":[],"categories_segments":[],"categories_sizes":[],"default_left":[0],"id":99,"left_children":[-1],"loss_changes":[0E0],"parents":[2147483647],"right_children":[-1],"split_conditions":[-8.337832E-8],"split_indices":[0],"split_type":[0],"sum_hessian":[1.7335396E0],"tree_param":{"num_deleted":"0","num_feature":"28","num_nodes":"1","size_leaf_vector":"0"}}]},"name":"gbtree"},"learner_model_param":{"base_score":"5E-1","num_class":"0","num_feature":"28","num_target":"1"},"objective":{"name":"binary:logistic","reg_loss_param":{"scale_pos_weight":"1"}}},"version":[1,6,2]}