{"learner":{"attributes":{"best_iteration":"99","best_ntree_limit":"100","scikit_learn":"{\"use_label_encoder\": false, \"n_estimators\": 100, \"objective\": \"binary:logistic\", \"max_depth\": null, \"max_leaves\": null, \"max_bin\": null, \"grow_policy\": null, \"learning_rate\": null, \"verbosity\": null, \"booster\": null, \"tree_method\": null, \"gamma\": null, \"min_child_weight\": null, \"max_delta_step\": null, \"subsample\": null, \"sampling_method\": null, \"colsample_bytree\": null, \"colsample_bylevel\": null, \"colsample_bynode\": null, \"reg_alpha\": null, \"reg_lambda\": null, \"scale_pos_weight\": null, \"base_score\": null, \"missing\": NaN, \"num_parallel_tree\": null, \"random_state\": null, \"n_jobs\": null, \"monotone_constraints\": null, \"interaction_constraints\": null, \"importance_type\": null, \"gpu_id\": null, \"validate_parameters\": null, \"predictor\": null, \"enable_categorical\": false, \"max_cat_to_onehot\": null, \"eval_metric\": null, \"early_stopping_rounds\": null, \"callbacks\": null, \"classes_\": [0, 1], \"n_classes_\": 2, \"_estimator_type\": \"classifier\"}"},"feature_names":["ProvisionedConcurrencyUtilization_Flag_mean","Duration_mean","ProvisionedConcurrencyUtilization_mean","ConcurrentExecutions_mean","ConcurrentExecutions_Flag_mean","Duration_max","ConcurrentExecutions_max","ConcurrentExecutions_Flag_max","ProvisionedConcurrencyUtilization_max","ProvisionedConcurrencyUtilization_Flag_max","Duration_min","ConcurrentExecutions_min","ConcurrentExecutions_Flag_min","ProvisionedConcurrencyUtilization_min","ProvisionedConcurrencyUtilization_Flag_min","Duration_median","ConcurrentExecutions_median","ConcurrentExecutions_Flag_median","ProvisionedConcurrencyUtilization_median","ProvisionedConcurrencyUtilization_Flag_median"],"feature_types":["float","float","float","float","float","int","int","int","int","int","int","int","int","int","int","float","float","float","float","float"],"gradient_booster":{"model":{"gbtree_model_param":{"num_parallel_tree":"1","num_trees":"100","size_leaf_vector":"0"},"tree_info":[0,0,0,0,0,0,0,0,0,0,0,0,0,0,0,0,0,0,0,0,0,0,0,0,0,0,0,0,0,0,0,0,0,0,0,0,0,0,0,0,0,0,0,0,0,0,0,0,0,0,0,0,0,0,0,0,0,0,0,0,0,0,0,0,0,0,0,0,0,0,0,0,0,0,0,0,0,0,0,0,0,0,0,0,0,0,0,0,0,0,0,0,0,0,0,0,0,0,0,0],"trees":[{"base_weights":[1.6986301E0,1.7351916E0,-2.2222222E-1,5.4545456E-1,1.7571429E0,1.8015267E0,9.0909094E-1,1.827451E0,5.4545456E-1,1.25E0,-0E0],"categories":[],"categories_nodes":[],"categories_segments":[],"categories_sizes":[],"default_left":[1,1,0,0,1,1,1,0,0,0,0],"id":0,"left_children":[1,3,-1,-1,5,7,9,-1,-1,-1,-1],"loss_changes":[5.512329E0,9.1539E-1,0E0,0E0,9.970398E-1,1.1360626E0,1.7045455E0,0E0,0E0,0E0,0E0],"parents":[2147483647,0,0,1,1,4,4,5,5,6,6],"right_children":[2,4,-1,-1,6,8,10,-1,-1,-1,-1],"split_conditions":[6.0552086E1,3.645833E-1,-6.666667E-2,1.6363637E-1,7.5E0,5.575E1,1.15E1,5.482353E-1,1.6363637E-1,3.75E-1,-0E0],"split_indices":[1,4,0,0,13,16,11,0,0,0,0],"split_type":[0,0,0,0,0,0,0,0,0,0,0],"sum_hessian":[7.2E1,7.075E1,1.25E0,1.75E0,6.9E1,6.45E1,4.5E0,6.275E1,1.75E0,3E0,1.5E0],"tree_param":{"num_deleted":"0","num_feature":"20","num_nodes":"11","size_leaf_vector":"0"}},{"base_weights":[1.2990613E0,1.3294288E0,-1.8531317E-1,1.3494171E0,4.8767975E-1,1.3961143E0,7.431985E-1,4.4343472E-1,1.417209E0,-1.6338216E-1,1.0209508E0,1.2315167E0,2.7625006E-1],"categories":[],"categories_nodes":[],"categories_segments":[],"categories_sizes":[],"default_left":[1,1,0,1,0,1,1,0,0,0,1,0,0],"id":1,"left_children":[1,3,-1,5,-1,7,9,-1,-1,-1,11,-1,-1],"loss_changes":[3.328865E0,4.714737E-1,0E0,8.028183E-1,0E0,5.617523E-1,1.8760545E0,0E0,0E0,0E0,4.9621248E-1,0E0,0E0],"parents":[2147483647,0,0,1,1,3,3,5,5,6,6,10,10],"right_children":[2,4,-1,6,-1,8,10,-1,-1,-1,12,-1,-1],"split_conditions":[6.0552086E1,6.354166E-1,-5.5593953E-2,6.5E0,1.4630394E-1,3.645833E-1,5.3583336E1,1.3303041E-1,4.2516273E-1,-4.901465E-2,2.45E1,3.6945504E-1,8.287502E-2],"split_indices":[1,0,0,13,0,4,1,0,0,0,10,0,0],"split_type":[0,0,0,0,0,0,0,0,0,0,0,0,0],"sum_hessian":[6.738369E1,6.613508E1,1.2486122E0,6.4011925E1,2.1231554E0,5.8223934E1,5.7879925E0,1.7383372E0,5.6485596E1,1.4539814E0,4.334011E0,2.8690681E0,1.4649432E0],"tree_param":{"num_deleted":"0","num_feature":"20","num_nodes":"13","size_leaf_vector":"0"}},{"base_weights":[1.0812815E0,1.1101083E0,-1.5470444E-1,1.1301098E0,2.5713125E-1,3.6304885E-1,1.1472585E0,1.1819535E0,5.826719E-1,4.2520598E-2,1.0237756E0,-7.125192E-1,8.1753385E-1],"categories":[],"categories_nodes":[],"categories_segments":[],"categories_sizes":[],"default_left":[1,1,0,1,0,0,1,0,1,1,0,0,0],"id":2,"left_children":[1,3,-1,5,-1,-1,7,-1,9,11,-1,-1,-1],"loss_changes":[2.309784E0,7.119446E-1,0E0,3.34877E-1,0E0,0E0,3.9668274E-1,0E0,1.1907126E0,2.5556762E0,0E0,0E0,0E0],"parents":[2147483647,0,0,1,1,3,3,6,6,8,8,9,9],"right_children":[2,4,-1,6,-1,-1,8,-1,10,12,-1,-1,-1],"split_conditions":[6.0552086E1,5.575E1,-4.641133E-2,3.645833E-1,7.713938E-2,1.0891466E-1,7.5E0,3.5458606E-1,5.825E1,5.6E1,3.071327E-1,-2.1375577E-1,2.4526016E-1],"split_indices":[1,16,0,4,0,0,13,0,18,15,0,0,0],"split_type":[0,0,0,0,0,0,0,0,0,0,0,0,0],"sum_hessian":[5.9007767E1,5.7762424E1,1.2453405E0,5.612153E1,1.6408985E0,1.7120531E0,5.4409473E1,5.0229294E1,4.18018E0,2.3719804E0,1.8081999E0,1.2423165E0,1.1296638E0],"tree_param":{"num_deleted":"0","num_feature":"20","num_nodes":"13","size_leaf_vector":"0"}},{"base_weights":[9.3044674E-1,9.592892E-1,-1.292454E-1,1.1450729E0,7.839613E-1,3.736895E-1,1.1720668E0,8.2538277E-1,-7.54217E-2,3.5740882E-2,8.742399E-1,9.2640585E-1,1.2424788E-1,1.028132E0,3.384225E-1],"categories":[],"categories_nodes":[],"categories_segments":[],"categories_sizes":[],"default_left":[1,1,0,1,1,0,0,1,0,0,1,1,0,0,0],"id":3,"left_children":[1,3,-1,5,7,-1,-1,9,-1,-1,11,13,-1,-1,-1],"loss_changes":[1.692627E0,7.3363113E-1,0E0,2.3124695E-2,1.0923195E0,0E0,0E0,1.0370293E0,0E0,0E0,9.034519E-1,1.0987091E0,0E0,0E0,0E0],"parents":[2147483647,0,0,1,1,3,3,4,4,7,7,10,10,11,11],"right_children":[2,4,-1,6,8,-1,-1,10,-1,-1,12,14,-1,-1,-1],"split_conditions":[6.0552086E1,1.065E2,-3.8773622E-2,3.854167E-1,6.354166E-1,1.1210685E-1,3.5162005E-1,4.103125E1,-2.262651E-2,1.0722265E-2,6.575E1,6.5E0,3.7274364E-2,3.084396E-1,1.0152676E-1],"split_indices":[1,8,0,4,0,0,0,3,0,0,18,13,0,0,0],"split_type":[0,0,0,0,0,0,0,0,0,0,0,0,0,0,0],"sum_hessian":[5.0323086E1,4.9081936E1,1.2411513E0,2.1144945E1,2.793699E1,1.2168002E0,1.9928144E1,2.6690115E1,1.2468754E0,1.6560568E0,2.5034058E1,2.3186121E1,1.8479373E0,1.9128204E1,4.0579157E0],"tree_param":{"num_deleted":"0","num_feature":"20","num_nodes":"15","size_leaf_vector":"0"}},{"base_weights":[8.0728984E-1,-4.6969876E-3,8.4270626E-1,6.1151195E-1,1.0087832E0,7.897788E-1,-1.7116878E-2,1.0557475E0,2.699076E-1,9.3764824E-1,-4.003255E-1,-6.770717E-1,6.306109E-1,1.1680583E0,4.9904704E-1,1.0447458E0,9.9665746E-2,-1.3103946E0,2.7262855E-1,8.590091E-1,-1.5093361E-1,1.5210596E-1,1.1171297E0],"categories":[],"categories_nodes":[],"categories_segments":[],"categories_sizes":[],"default_left":[1,0,1,1,1,1,1,1,0,1,0,1,0,0,1,1,0,0,0,0,0,0,0],"id":4,"left_children":[1,-1,3,5,7,9,11,13,-1,15,-1,17,-1,-1,19,21,-1,-1,-1,-1,-1,-1,-1],"loss_changes":[1.2682533E0,0E0,1.0008163E0,2.2718601E0,5.124569E-1,3.1419935E0,2.7485719E0,7.4650955E-1,0E0,1.1777163E0,0E0,2.2653172E0,0E0,0E0,1.3733032E0,6.4154625E-1,0E0,0E0,0E0,0E0,0E0,0E0,0E0],"parents":[2147483647,0,0,2,2,3,3,4,4,5,5,6,6,7,7,9,9,11,11,14,14,15,15],"right_children":[2,-1,4,6,8,10,12,14,-1,16,-1,18,-1,-1,20,22,-1,-1,-1,-1,-1,-1,-1],"split_conditions":[3.645833E-1,-1.4090963E-3,4.575E1,4.496875E1,5.575E1,5.7822914E1,5.49375E1,2.45E1,8.0972284E-2,4.425E1,-1.2009766E-1,5.520834E-1,1.8918328E-1,3.504175E-1,1.075E2,4.8552086E1,2.9899726E-2,-3.931184E-1,8.178857E-2,2.5770274E-1,-4.5280084E-2,4.563179E-2,3.3513892E-1],"split_indices":[4,0,16,3,16,1,1,10,0,16,0,4,0,0,8,2,0,0,0,0,0,0,0],"split_type":[0,0,0,0,0,0,0,0,0,0,0,0,0,0,0,0,0,0,0,0,0,0,0],"sum_hessian":[4.2963802E1,1.8318818E0,4.113192E1,1.915229E1,2.197963E1,1.4721272E1,4.4310184E0,2.026283E1,1.716798E0,1.3283001E1,1.4382715E0,2.1723542E0,2.2586644E0,1.594737E1,4.3154616E0,1.1558977E1,1.724024E0,1.0754049E0,1.0969493E0,2.5703819E0,1.7450799E0,1.0996338E0,1.0459343E1],"tree_param":{"num_deleted":"0","num_feature":"20","num_nodes":"23","size_leaf_vector":"0"}},{"base_weights":[7.030623E-1,9.5266986E-1,4.974314E-1,2.7400512E-1,9.8342246E-1,1.7728443E-1,7.49828E-1,8.321892E-1,-5.6872915E-2,8.526664E-1,9.9222675E-2,-1.1072714E0,2.1007043E-1,9.567809E-1,2.4700946E-1,-8.127688E-1,5.295883E-1,1.0161813E0,2.6013264E-1,-3.007697E-1,8.479444E-1],"categories":[],"categories_nodes":[],"categories_segments":[],"categories_sizes":[],"default_left":[1,1,1,0,0,1,1,0,1,1,0,0,1,1,0,0,1,0,0,0,0],"id":5,"left_children":[1,3,5,-1,-1,7,9,-1,11,13,-1,-1,15,17,-1,-1,19,-1,-1,-1,-1],"loss_changes":[1.4801922E0,6.66399E-2,1.7229037E0,0E0,0E0,1.8007928E0,7.539301E-1,0E0,2.8567939E0,4.3778324E-1,0E0,0E0,3.143954E0,9.8750114E-2,0E0,0E0,2.0875266E0,0E0,0E0,0E0,0E0],"parents":[2147483647,0,0,1,1,2,2,5,5,6,6,8,8,9,9,12,12,13,13,16,16],"right_children":[2,4,6,-1,-1,8,10,-1,12,14,-1,-1,16,18,-1,-1,20,-1,-1,-1,-1],"split_conditions":[1.065E2,3.854167E-1,7.95E1,8.220154E-2,2.9502675E-1,5.2854164E1,5.729166E-1,2.4965677E-1,4.270833E-1,5.925E1,2.9766804E-2,-3.3218145E-1,5.275E1,4.9770836E1,7.410284E-2,-2.4383065E-1,4.925E1,3.0485442E-1,7.8039795E-2,-9.023091E-2,2.5438333E-1],"split_indices":[8,4,6,0,0,1,0,0,4,2,0,0,15,3,0,0,18,0,0,0,0],"split_type":[0,0,0,0,0,0,0,0,0,0,0,0,0,0,0,0,0,0,0,0,0],"sum_hessian":[3.7071175E1,1.5104041E1,2.1967133E1,1.0843358E0,1.4019705E1,1.0434333E1,1.15328E1,2.075495E0,8.358838E0,9.690492E0,1.842308E0,1.0559205E0,7.302918E0,7.7743187E0,1.9161731E0,1.3708436E0,5.932074E0,6.7408786E0,1.0334398E0,1.6593324E0,4.272742E0],"tree_param":{"num_deleted":"0","num_feature":"20","num_nodes":"21","size_leaf_vector":"0"}},{"base_weights":[6.102019E-1,3.6252323E-1,7.997439E-1,4.559565E-1,-4.965139E-1,9.201131E-1,1.8427046E-1,-1.6342352E-1,5.8526623E-1,9.7344846E-1,1.06767565E-1,7.3646814E-1,-4.611703E-1,7.3511213E-1,-1.0085403E0,8.9974415E-1,3.322007E-1,1.058102E0,2.989923E-1,4.5442227E-2,8.2217103E-1,5.085997E-1,-6.3257724E-1],"categories":[],"categories_nodes":[],"categories_segments":[],"categories_sizes":[],"default_left":[1,1,1,1,0,1,1,1,1,1,0,0,0,0,0,0,1,0,0,1,0,0,0],"id":6,"left_children":[1,3,5,7,-1,9,11,13,15,17,-1,-1,-1,-1,-1,-1,19,-1,-1,21,-1,-1,-1],"loss_changes":[1.2659492E0,1.5263863E0,1.159915E0,1.3073764E0,0E0,5.3633213E-1,1.8315461E0,3.3192644E0,7.1455956E-1,4.6743393E-1,0E0,0E0,0E0,0E0,0E0,0E0,1.1768047E0,0E0,0E0,2.3659706E0,0E0,0E0,0E0],"parents":[2147483647,0,0,1,1,2,2,3,3,5,5,6,6,7,7,8,8,9,9,16,16,19,19],"right_children":[2,4,6,8,-1,10,12,14,16,18,-1,-1,-1,-1,-1,-1,20,-1,-1,22,-1,-1,-1],"split_conditions":[7.95E1,5.9260414E1,5.729166E-1,4.270833E-1,-1.4895418E-1,6.1739582E1,5.2395832E1,5.4427086E1,1.065E2,6.5E0,3.203027E-2,2.2094046E-1,-1.383511E-1,2.2053365E-1,-3.025621E-1,2.6992327E-1,5.3125E-1,3.1743062E-1,8.9697696E-2,4.6875E-1,2.4665132E-1,1.5257992E-1,-1.8977319E-1],"split_indices":[6,1,0,4,0,2,2,1,8,13,0,0,0,0,0,0,0,0,0,0,0,0,0],"split_type":[0,0,0,0,0,0,0,0,0,0,0,0,0,0,0,0,0,0,0,0,0,0,0],"sum_hessian":[3.214215E1,1.5196796E1,1.6945354E1,1.41292515E1,1.0675454E0,1.3759432E1,3.1859236E0,2.394765E0,1.1734487E1,1.2727947E1,1.0314845E0,1.6409773E0,1.5449463E0,1.2237879E0,1.170977E0,4.0929294E0,7.6415567E0,1.0803178E1,1.9247693E0,5.509708E0,2.131849E0,3.4220014E0,2.0877066E0],"tree_param":{"num_deleted":"0","num_feature":"20","num_nodes":"23","size_leaf_vector":"0"}},{"base_weights":[5.316634E-1,7.991213E-1,3.4000543E-1,8.329173E-1,2.3450376E-1,8.749746E-1,1.6583163E-1,8.921506E-1,1.3786171E-1,-3.1212103E-1,4.7633684E-1,9.764094E-1,2.4244805E-1,1.8951407E-1,-1.0676008E0,7.505164E-1,3.533378E-2,-5.79363E-1,6.3035095E-1,1.9702516E-1,9.461329E-1,6.949275E-1,-4.7623044E-1,-1.0083703E0,2.5498608E-1],"categories":[],"categories_nodes":[],"categories_segments":[],"categories_sizes":[],"default_left":[1,1,1,1,0,0,1,1,0,1,1,0,0,1,0,1,1,0,0,0,0,0,1,0,0],"id":7,"left_children":[1,3,5,7,-1,-1,9,11,-1,13,15,-1,-1,17,-1,19,21,-1,-1,-1,-1,-1,23,-1,-1],"loss_changes":[1.2308426E0,2.4036884E-2,1.6081581E0,3.0742884E-1,0E0,0E0,2.438389E0,2.806425E-1,0E0,2.7339325E0,1.1522112E0,0E0,0E0,2.013772E0,0E0,4.5908523E-1,1.9460912E0,0E0,0E0,0E0,0E0,0E0,1.5369868E0,0E0,0E0],"parents":[2147483647,0,0,1,1,2,2,3,3,6,6,7,7,9,9,10,10,13,13,15,15,16,16,22,22],"right_children":[2,4,6,8,-1,-1,10,12,-1,14,16,-1,-1,18,-1,20,22,-1,-1,-1,-1,-1,24,-1,-1],"split_conditions":[1.065E2,5.8854164E1,5.2864586E1,5.325E1,7.035113E-2,2.624924E-1,4.509375E1,5.729166E-1,4.1358516E-2,4.3916664E1,5.75E1,2.9292282E-1,7.2734416E-2,5.125E1,-3.2028025E-1,1.075E2,1.15E1,-1.738089E-1,1.8910529E-1,5.9107553E-2,2.8383988E-1,2.0847826E-1,5.6E1,-3.025111E-1,7.6495826E-2],"split_indices":[8,1,1,16,0,0,3,0,0,3,18,0,0,18,0,8,11,0,0,0,0,0,15,0,0],"split_type":[0,0,0,0,0,0,0,0,0,0,0,0,0,0,0,0,0,0,0,0,0,0,0,0,0],"sum_hessian":[2.8312035E1,1.0495748E1,1.7816288E1,9.454639E0,1.0411081E0,3.387652E0,1.4428636E1,8.45088E0,1.0037599E0,5.6801395E0,8.748496E0,7.0355906E0,1.4152894E0,3.8637648E0,1.8163745E0,4.9618096E0,3.7866867E0,1.2934992E0,2.5702658E0,1.819836E0,3.1419735E0,1.4974667E0,2.2892199E0,1.1055958E0,1.183624E0],"tree_param":{"num_deleted":"0","num_feature":"20","num_nodes":"25","size_leaf_vector":"0"}},{"base_weights":[4.6430165E-1,5.1294E-1,-3.054862E-1,8.367821E-1,3.5051322E-1,1.0104951E-1,9.380903E-1,-6.110275E-1,4.855418E-1,5.982173E-1,-5.7231303E-2,7.5596005E-1,6.3238395E-3,6.456279E-1,-6.734207E-1,8.891214E-1,2.1439442E-2,4.2833784E-1,-4.2336944E-1],"categories":[],"categories_nodes":[],"categories_segments":[],"categories_sizes":[],"default_left":[1,1,0,1,1,0,0,0,1,1,1,1,1,0,0,0,0,0,0],"id":8,"left_children":[1,3,-1,5,7,-1,-1,-1,9,11,13,15,17,-1,-1,-1,-1,-1,-1],"loss_changes":[1.1385474E0,1.0237427E0,0E0,4.74864E-1,2.6851153E0,0E0,0E0,0E0,1.0548208E0,1.2936206E0,2.0724945E0,1.0540805E0,8.948517E-1,0E0,0E0,0E0,0E0,0E0,0E0],"parents":[2147483647,0,0,1,1,3,3,4,4,8,8,9,9,10,10,11,11,12,12],"right_children":[2,4,-1,6,8,-1,-1,-1,10,12,14,16,18,-1,-1,-1,-1,-1,-1],"split_conditions":[6.0552086E1,5.246875E1,-9.164587E-2,4.7427082E1,5.3229164E1,3.0314855E-2,2.8142712E-1,-1.8330824E-1,5.729166E-1,6.5E0,4.4958332E1,6.575E1,2.35E1,1.9368838E-1,-2.0202623E-1,2.6673645E-1,6.431833E-3,1.2850136E-1,-1.2701084E-1],"split_indices":[1,2,0,2,2,0,0,0,0,13,3,18,10,0,0,0,0,0,0],"split_type":[0,0,0,0,0,0,0,0,0,0,0,0,0,0,0,0,0,0,0],"sum_hessian":[2.5223804E1,2.4038609E1,1.1851972E0,6.6427402E0,1.7395868E1,1.0457339E0,5.5970063E0,1.7079996E0,1.5687868E1,1.290644E1,2.781428E0,9.971731E0,2.9347084E0,1.2770174E0,1.5044107E0,8.263214E0,1.7085178E0,1.4821757E0,1.4525328E0],"tree_param":{"num_deleted":"0","num_feature":"20","num_nodes":"19","size_leaf_vector":"0"}},{"base_weights":[3.955931E-1,1.4385317E-1,6.128357E-1,4.4393188E-1,-3.2743752E-1,-2.12727E-1,7.0662135E-1,6.8121916E-1,-4.2159247E-1,-6.596509E-1,4.218116E-1,7.881517E-1,2.7206108E-2,1.9636172E-1,8.579515E-1,2.9663962E-1,-1.0947084E0,9.6741337E-1,1.6273122E-1,-2.9159167E-1,5.829539E-1,-3.768359E-1,6.186716E-1],"categories":[],"categories_nodes":[],"categories_segments":[],"categories_sizes":[],"default_left":[1,1,1,1,1,0,1,1,0,1,0,1,0,1,0,0,0,0,1,0,0,0,0],"id":9,"left_children":[1,3,5,7,9,-1,11,13,-1,15,-1,17,-1,19,-1,-1,-1,-1,21,-1,-1,-1,-1],"loss_changes":[1.1937387E0,1.8657302E0,1.1007462E0,1.9008117E0,1.5994148E0,0E0,6.019759E-1,3.9267898E-1,0E0,2.016914E0,0E0,9.651537E-1,0E0,7.446058E-1,0E0,0E0,0E0,0E0,1.0776498E0,0E0,0E0,0E0,0E0],"parents":[2147483647,0,0,1,1,2,2,3,3,4,4,6,6,7,7,9,9,11,11,13,13,18,18],"right_children":[2,4,6,8,10,-1,12,14,-1,16,-1,18,-1,20,-1,-1,-1,-1,22,-1,-1,-1,-1],"split_conditions":[4.575E1,4.4427082E1,4.0625E-1,5.7822914E1,5.520834E-1,-6.3818105E-2,5.575E1,7.85E1,-1.2647775E-1,4.479167E-1,1.2654349E-1,2.45E1,8.161833E-3,5.540625E1,2.5738546E-1,8.899189E-2,-3.2841253E-1,2.9022402E-1,5.61875E1,-8.7477505E-2,1.7488617E-1,-1.1305078E-1,1.8560149E-1],"split_indices":[16,3,4,1,4,0,16,6,0,4,0,10,0,2,0,0,0,0,1,0,0,0,0],"split_type":[0,0,0,0,0,0,0,0,0,0,0,0,0,0,0,0,0,0,0,0,0,0,0],"sum_hessian":[2.2439926E1,1.1164602E1,1.1275324E1,6.856808E0,4.307794E0,1.0208561E0,1.0254467E1,5.5485806E0,1.3082272E0,3.0673358E0,1.2404579E0,9.012872E0,1.2415955E0,2.0461438E0,3.502437E0,1.0586032E0,2.0087328E0,6.580041E0,2.432831E0,1.0131245E0,1.0330192E0,1.1936929E0,1.239138E0],"tree_param":{"num_deleted":"0","num_feature":"20","num_nodes":"23","size_leaf_vector":"0"}},{"base_weights":[3.407549E-1,6.5357727E-1,1.4345019E-1,7.140373E-1,1.8522182E-1,7.058773E-1,-1.001547E-5,3.071061E-1,8.608797E-1,-5.8773214E-1,2.4938324E-1,6.070264E-1,-1.829039E-1,-4.533713E-2,-7.5951546E-1,-4.1788033E-1,4.288672E-1,6.9116014E-1,-4.8043694E-2,1.9030294E-1,8.351086E-1,3.970389E-1,-5.969242E-1],"categories":[],"categories_nodes":[],"categories_segments":[],"categories_sizes":[],"default_left":[1,1,1,1,0,0,1,1,0,1,1,0,0,0,0,0,1,1,1,0,0,0,0],"id":10,"left_children":[1,3,5,7,-1,-1,9,11,-1,13,15,-1,-1,-1,-1,-1,17,19,21,-1,-1,-1,-1],"loss_changes":[1.2300932E0,9.4694376E-2,1.1646384E0,1.3884902E-1,0E0,0E0,1.9788351E0,6.02466E-1,0E0,3.4032166E-1,1.314393E0,0E0,0E0,0E0,0E0,0E0,1.0292866E0,2.1615672E-1,1.1556795E0,0E0,0E0,0E0,0E0],"parents":[2147483647,0,0,1,1,2,2,3,3,6,6,7,7,9,9,10,10,16,16,17,17,18,18],"right_children":[2,4,6,8,-1,-1,10,12,-1,14,16,-1,-1,-1,-1,-1,18,20,22,-1,-1,-1,-1],"split_conditions":[1.065E2,5.729166E-1,5.2864586E1,5.29375E1,5.556655E-2,2.117632E-1,5.4302082E1,5.1416668E1,2.5826392E-1,5.3239586E1,4.270833E-1,1.8210793E-1,-5.487117E-2,-1.3601139E-2,-2.2785465E-1,-1.2536411E-1,5.3125E-1,5.575E1,5.925E1,5.7090882E-2,2.505326E-1,1.1911168E-1,-1.7907727E-1],"split_indices":[8,0,1,2,0,0,1,2,0,1,4,0,0,0,0,0,4,15,15,0,0,0,0],"split_type":[0,0,0,0,0,0,0,0,0,0,0,0,0,0,0,0,0,0,0,0,0,0,0],"sum_hessian":[2.0448809E1,7.0146723E0,1.3434137E1,5.748088E0,1.2665845E0,1.9335197E0,1.1500617E1,2.3439388E0,3.404149E0,3.0220895E0,8.478528E0,1.3058584E0,1.0380805E0,1.0309262E0,1.9911634E0,1.5156387E0,6.962889E0,4.202398E0,2.7604916E0,1.4565318E0,2.7458658E0,1.6771464E0,1.0833452E0],"tree_param":{"num_deleted":"0","num_feature":"20","num_nodes":"23","size_leaf_vector":"0"}},{"base_weights":[2.9628804E-1,5.8099955E-2,5.128747E-1,-1.5225768E-1,4.8006603E-1,1.3817921E-1,7.829064E-1,3.2937682E-1,-2.8687444E-1,7.1424997E-1,-7.3200665E-2,4.3640384E-1,-4.3740675E-1,8.722297E-1,1.8548644E-1,2.48344E-1,-5.7099926E-1,7.1708244E-1,-2.1145138E-1,1.8107809E-1,-8.770561E-1],"categories":[],"categories_nodes":[],"categories_segments":[],"categories_sizes":[],"default_left":[1,1,1,1,1,1,1,0,1,0,0,1,0,0,0,0,1,0,0,0,0],"id":11,"left_children":[1,3,5,7,9,11,13,-1,15,-1,-1,17,-1,-1,-1,-1,19,-1,-1,-1,-1],"loss_changes":[9.9760616E-1,1.0150979E0,9.342663E-1,6.0288215E-1,5.409149E-1,1.140048E0,1.4630342E-1,0E0,1.1550107E0,0E0,0E0,9.049706E-1,0E0,0E0,0E0,0E0,1.2303977E0,0E0,0E0,0E0,0E0],"parents":[2147483647,0,0,1,1,2,2,3,3,4,4,5,5,6,6,8,8,11,11,16,16],"right_children":[2,4,6,8,10,12,14,-1,16,-1,-1,18,-1,-1,-1,-1,20,-1,-1,-1,-1],"split_conditions":[7.95E1,5.3125E-1,4.675E1,8.55E1,4.5375E1,5.729166E-1,5.1083332E1,9.881305E-2,4.479167E-1,2.14275E-1,-2.19602E-2,5.9104164E1,-1.3122202E-1,2.6166892E-1,5.564593E-2,7.4503206E-2,1.15E1,2.1512474E-1,-6.343542E-2,5.432343E-2,-2.6311684E-1],"split_indices":[6,0,16,5,3,0,3,0,0,0,0,2,0,0,0,0,11,0,0,0,0],"split_type":[0,0,0,0,0,0,0,0,0,0,0,0,0,0,0,0,0,0,0,0,0],"sum_hessian":[1.891542E1,9.612483E0,9.3029375E0,6.8411956E0,2.7712874E0,4.529511E0,4.773427E0,1.1783822E0,5.662813E0,1.7426844E0,1.0286032E0,3.1429064E0,1.3866043E0,3.7523937E0,1.0210332E0,2.007372E0,3.6554415E0,2.1183083E0,1.024598E0,1.1754197E0,2.4800217E0],"tree_param":{"num_deleted":"0","num_feature":"20","num_nodes":"21","size_leaf_vector":"0"}},{"base_weights":[2.6049376E-1,5.635202E-1,8.3205014E-2,7.540551E-1,2.7318582E-1,6.2429655E-1,-4.068011E-2,4.9257058E-1,-9.0210654E-2,-4.6465814E-1,1.7460136E-1,9.5170505E-2,-6.753923E-1,-3.882209E-1,3.4954414E-1,-8.307677E-1,-1.9222029E-1,7.407292E-1,8.593236E-3,3.7099442E-1,-3.903234E-1],"categories":[],"categories_nodes":[],"categories_segments":[],"categories_sizes":[],"default_left":[1,1,1,0,1,0,1,0,0,1,1,0,1,0,1,0,0,0,1,0,0],"id":12,"left_children":[1,3,5,-1,7,-1,9,-1,-1,11,13,-1,15,-1,17,-1,-1,-1,19,-1,-1],"loss_changes":[9.484755E-1,1.6272998E-1,8.8758695E-1,0E0,3.8000596E-1,0E0,1.1220942E0,0E0,0E0,5.496118E-1,9.5203424E-1,0E0,7.396066E-2,0E0,9.074012E-1,0E0,0E0,0E0,8.202768E-1,0E0,0E0],"parents":[2147483647,0,0,1,1,2,2,4,4,6,6,9,9,10,10,12,12,14,14,18,18],"right_children":[2,4,6,-1,8,-1,10,-1,-1,12,14,-1,16,-1,18,-1,-1,-1,20,-1,-1],"split_conditions":[1.065E2,2.35E1,5.2864586E1,2.2621654E-1,5.475E1,1.8728897E-1,5.4302082E1,1.4777118E-1,-2.7063197E-2,5.4625E1,4.270833E-1,2.8551152E-2,4.5260414E1,-1.1646628E-1,2.35E1,-2.4923031E-1,-5.766609E-2,2.2221877E-1,5.3125E-1,1.1129833E-1,-1.1709703E-1],"split_indices":[8,10,1,0,18,0,1,0,0,2,4,0,3,0,10,0,0,0,4,0,0],"split_type":[0,0,0,0,0,0,0,0,0,0,0,0,0,0,0,0,0,0,0,0,0],"sum_hessian":[1.7527634E1,5.66549E0,1.18621435E1,2.4563136E0,3.2091765E0,1.4573922E0,1.0404752E1,1.7794487E0,1.4297277E0,3.113874E0,7.2908773E0,1.001558E0,2.1123161E0,1.439765E0,5.8511124E0,1.0539801E0,1.0583359E0,2.1787808E0,3.6723318E0,1.960911E0,1.7114207E0],"tree_param":{"num_deleted":"0","num_feature":"20","num_nodes":"21","size_leaf_vector":"0"}},{"base_weights":[2.2410253E-1,1.2046225E-1,7.339073E-1,6.6955966E-1,3.3636151E-3,6.1032385E-1,-1.1340188E-1,-3.655973E-1,1.783281E-1,2.46467E-1,-6.0880053E-1,5.386309E-1,-1.4716816E-1,-8.7483144E-1,-3.7369434E-2,3.2170662E-1,-4.064309E-1],"categories":[],"categories_nodes":[],"categories_segments":[],"categories_sizes":[],"default_left":[1,1,0,0,1,0,1,1,1,0,1,0,1,0,0,0,0],"id":13,"left_children":[1,3,-1,-1,5,-1,7,9,11,-1,13,-1,15,-1,-1,-1,-1],"loss_changes":[8.2621676E-1,9.99669E-1,0E0,0E0,1.0506787E0,0E0,9.817277E-1,1.1934265E0,8.354896E-1,0E0,7.7366185E-1,0E0,6.380421E-1,0E0,0E0,0E0,0E0],"parents":[2147483647,0,0,1,1,4,4,6,6,7,7,8,8,10,10,12,12],"right_children":[2,4,-1,-1,6,-1,8,10,12,-1,14,-1,16,-1,-1,-1,-1],"split_conditions":[5.9375E-1,1.045E2,2.201722E-1,2.008679E-1,5.2864586E1,1.8309715E-1,4.575E1,4.075E1,3.5E0,7.39401E-2,5.4989586E1,1.6158928E-1,2.35E1,-2.6244944E-1,-1.1210831E-2,9.651199E-2,-1.2192927E-1],"split_indices":[4,8,0,0,1,0,16,16,13,0,1,0,10,0,0,0,0],"split_type":[0,0,0,0,0,0,0,0,0,0,0,0,0,0,0,0,0],"sum_hessian":[1.6310537E1,1.4582329E1,1.7282096E0,1.7338887E0,1.2848439E1,1.3909913E0,1.1457448E1,6.0093055E0,5.448143E0,1.7049855E0,4.30432E0,2.275033E0,3.17311E0,2.5747104E0,1.7296095E0,1.0440683E0,2.1290417E0],"tree_param":{"num_deleted":"0","num_feature":"20","num_nodes":"17","size_leaf_vector":"0"}},{"base_weights":[2.0665249E-1,-3.938757E-1,2.7546018E-1,1.1091392E-1,5.981288E-1,2.3689611E-1,-5.7880145E-1,7.754698E-1,4.6607677E-2,5.852512E-1,3.7649956E-2,-1.778726E-1,5.4651845E-1,-3.6633456E-1,3.5214227E-1],"categories":[],"categories_nodes":[],"categories_segments":[],"categories_sizes":[],"default_left":[1,0,1,1,1,1,0,0,0,0,1,1,0,0,0],"id":14,"left_children":[1,-1,3,5,7,9,-1,-1,-1,-1,11,13,-1,-1,-1],"loss_changes":[7.861769E-1,0E0,7.4614966E-1,1.1244088E0,4.470811E-1,6.940533E-1,0E0,0E0,0E0,0E0,9.3422115E-1,7.398839E-1,0E0,0E0,0E0],"parents":[2147483647,0,0,2,2,3,3,4,4,5,5,10,10,11,11],"right_children":[2,-1,4,6,8,10,-1,-1,-1,-1,12,14,-1,-1,-1],"split_conditions":[3.645833E-1,-1.18162714E-1,4.7177086E1,4.703125E1,5.475E1,1.065E2,-1.7364044E-1,2.3264094E-1,1.3982303E-2,1.7557538E-1,5.520834E-1,4.525E1,1.6395554E-1,-1.0990037E-1,1.05642684E-1],"split_indices":[4,0,3,3,16,8,0,0,0,0,4,16,0,0,0],"split_type":[0,0,0,0,0,0,0,0,0,0,0,0,0,0,0],"sum_hessian":[1.54003935E1,1.0975016E0,1.4302892E1,1.0362321E1,3.9405706E0,9.31702E0,1.0453E0,2.674524E0,1.2660466E0,2.6851208E0,6.6319E0,5.115691E0,1.5162089E0,4.0016217E0,1.1140692E0],"tree_param":{"num_deleted":"0","num_feature":"20","num_nodes":"15","size_leaf_vector":"0"}},{"base_weights":[1.7956632E-1,6.292417E-1,8.512636E-2,-1.1530128E-1,3.055724E-1,8.019609E-2,-5.4497874E-1,-1.6463174E-1,5.6872934E-1,-3.570334E-1,4.4212142E-1,-4.3112335E-1,2.0044565E-1,2.0788553E-1,7.16865E-1,7.232665E-2,-6.257009E-1,7.0294005E-1,-6.941493E-2],"categories":[],"categories_nodes":[],"categories_segments":[],"categories_sizes":[],"default_left":[1,0,1,1,1,1,0,1,1,1,1,0,0,0,0,0,0,0,0],"id":15,"left_children":[1,-1,3,5,7,9,-1,11,13,15,17,-1,-1,-1,-1,-1,-1,-1,-1],"loss_changes":[6.051044E-1,0E0,6.5267324E-1,7.195433E-1,9.5098925E-1,1.1708388E0,0E0,4.0376112E-1,1.0044384E-1,4.4349957E-1,5.756721E-1,0E0,0E0,0E0,0E0,0E0,0E0,0E0,0E0],"parents":[2147483647,0,0,2,2,3,3,4,4,5,5,7,7,8,8,9,9,10,10],"right_children":[2,-1,4,6,8,10,-1,12,14,16,18,-1,-1,-1,-1,-1,-1,-1,-1],"split_conditions":[5.2864586E1,1.8877251E-1,7.95E1,4.709375E1,5.43125E1,5.075E1,-1.6349363E-1,8.65E1,4.675E1,4.775E1,5.7333336E1,-1.2933701E-1,6.01337E-2,6.2365662E-2,2.150595E-1,2.1697996E-2,-1.8771027E-1,2.1088202E-1,-2.0824479E-2],"split_indices":[1,0,6,3,1,18,0,5,16,18,2,0,0,0,0,0,0,0,0],"split_type":[0,0,0,0,0,0,0,0,0,0,0,0,0,0,0,0,0,0,0],"sum_hessian":[1.4510029E1,1.5355655E0,1.2974463E1,7.0456142E0,5.928849E0,5.401406E0,1.6442084E0,2.261837E0,3.667012E0,2.4523375E0,2.9490683E0,1.2028766E0,1.0589604E0,1.7667439E0,1.9002682E0,1.2251725E0,1.2271651E0,1.705371E0,1.2436972E0],"tree_param":{"num_deleted":"0","num_feature":"20","num_nodes":"19","size_leaf_vector":"0"}},{"base_weights":[1.572388E-1,7.3078476E-2,6.0154366E-1,5.525984E-1,-1.5649043E-2,3.9400834E-1,-1.2492963E-1,-4.306776E-1,2.9764382E-2,1.5753253E-1,-7.2621405E-1,-2.1601284E-1,3.9115664E-1,-6.985483E-1,9.3731366E-2,5.4158483E-2,5.7816344E-1],"categories":[],"categories_nodes":[],"categories_segments":[],"categories_sizes":[],"default_left":[1,1,0,0,1,0,1,1,1,0,0,1,1,0,0,0,0],"id":16,"left_children":[1,3,-1,-1,5,-1,7,9,11,-1,-1,13,15,-1,-1,-1,-1],"loss_changes":[5.046339E-1,5.818758E-1,0E0,0E0,6.017319E-1,0E0,5.095353E-1,7.389971E-1,7.869885E-1,0E0,0E0,8.6535996E-1,1.928702E-1,0E0,0E0,0E0,0E0],"parents":[2147483647,0,0,1,1,4,4,6,6,7,7,8,8,11,11,12,12],"right_children":[2,4,-1,-1,6,-1,8,10,12,-1,-1,14,16,-1,-1,-1,-1],"split_conditions":[5.9375E-1,1.045E2,1.804631E-1,1.6577953E-1,5.3239586E1,1.1820251E-1,5.4302082E1,4.4125E1,7.95E1,4.725976E-2,-2.1786423E-1,4.270833E-1,4.675E1,-2.095645E-1,2.8119411E-2,1.6247546E-2,1.7344904E-1],"split_indices":[4,8,0,0,1,0,1,3,6,0,0,4,16,0,0,0,0],"split_type":[0,0,0,0,0,0,0,0,0,0,0,0,0,0,0,0,0],"sum_hessian":[1.3671093E1,1.2472943E1,1.1981492E0,1.1312368E0,1.1341707E1,1.8397201E0,9.5019865E0,2.5929801E0,6.9090066E0,1.0232844E0,1.5696957E0,4.351735E0,2.5572712E0,1.2105836E0,3.141152E0,1.3728734E0,1.1843978E0],"tree_param":{"num_deleted":"0","num_feature":"20","num_nodes":"17","size_leaf_vector":"0"}},{"base_weights":[1.4108802E-1,5.4722995E-1,6.2406715E-2,3.1943774E-1,-6.103922E-2,5.992207E-1,-9.074719E-3,3.0733973E-1,-1.7537776E-1,4.336315E-2,-4.511055E-1,-2.1151449E-1,3.816706E-1,-5.758192E-1,-7.372923E-2,2.380581E-2,-3.7199622E-1],"categories":[],"categories_nodes":[],"categories_segments":[],"categories_sizes":[],"default_left":[1,0,1,1,1,0,0,0,1,1,1,1,0,0,0,0,0],"id":17,"left_children":[1,-1,3,5,7,-1,-1,-1,9,11,13,15,-1,-1,-1,-1,-1],"loss_changes":[4.1188082E-1,0E0,4.263112E-1,4.0252674E-1,4.5408195E-1,0E0,0E0,0E0,4.9526396E-1,5.3863055E-1,1.2588471E-1,1.4753047E-1,0E0,0E0,0E0,0E0,0E0],"parents":[2147483647,0,0,2,2,3,3,4,4,8,8,9,9,10,10,11,11],"right_children":[2,-1,4,6,8,-1,-1,-1,10,12,14,16,-1,-1,-1,-1,-1],"split_conditions":[5.2864586E1,1.6416898E-1,1.065E2,4.521875E1,4.479167E-1,1.7976621E-1,-2.7224156E-3,9.220192E-2,5.3125E-1,4.895833E-1,5.56875E1,5.6447914E1,1.14501186E-1,-1.7274576E-1,-2.211877E-2,7.1417433E-3,-1.1159887E-1],"split_indices":[1,0,8,3,0,0,0,0,4,4,1,2,0,0,0,0,0],"split_type":[0,0,0,0,0,0,0,0,0,0,0,0,0,0,0,0,0],"sum_hessian":[1.295778E1,1.1364684E0,1.1821311E1,3.320309E0,8.501002E0,1.348119E0,1.9721899E0,1.6137617E0,6.8872404E0,4.3104205E0,2.57682E0,2.6720839E0,1.6383367E0,1.5415319E0,1.0352879E0,1.428736E0,1.243348E0],"tree_param":{"num_deleted":"0","num_feature":"20","num_nodes":"17","size_leaf_vector":"0"}},{"base_weights":[1.2466038E-1,-4.0796243E-2,3.05465E-1,-2.0368895E-1,3.4170404E-1,4.6319968E-1,-1.1321853E-1,-4.188786E-1,5.5802356E-2,6.1400956E-1,-5.187715E-2,3.5964068E-2,-6.331541E-1,3.8817823E-1,-3.3608392E-1],"categories":[],"categories_nodes":[],"categories_segments":[],"categories_sizes":[],"default_left":[1,1,1,1,0,1,0,1,1,0,0,0,0,0,0],"id":18,"left_children":[1,3,5,7,-1,9,-1,11,13,-1,-1,-1,-1,-1,-1],"loss_changes":[4.138856E-1,5.611314E-1,4.836741E-1,3.67306E-1,0E0,4.1553414E-1,0E0,3.623858E-1,6.0909647E-1,0E0,0E0,0E0,0E0,0E0,0E0],"parents":[2147483647,0,0,1,1,2,2,3,3,5,5,7,7,8,8],"right_children":[2,4,6,8,-1,10,-1,12,14,-1,-1,-1,-1,-1,-1],"split_conditions":[7.95E1,5.3125E-1,5.729166E-1,5.075E1,1.0251122E-1,6.5E0,-3.396556E-2,5.5E1,5.7385418E1,1.8420288E-1,-1.5563145E-2,1.0789221E-2,-1.8994623E-1,1.16453476E-1,-1.0082518E-1],"split_indices":[6,0,0,18,0,13,0,15,2,0,0,0,0,0,0],"split_type":[0,0,0,0,0,0,0,0,0,0,0,0,0,0,0],"sum_hessian":[1.2418666E1,6.8889046E0,5.529761E0,5.159251E0,1.7296537E0,3.9393342E0,1.5904269E0,2.4846027E0,2.6746485E0,2.8985815E0,1.0407526E0,1.0621455E0,1.4224571E0,1.4523277E0,1.2223207E0],"tree_param":{"num_deleted":"0","num_feature":"20","num_nodes":"15","size_leaf_vector":"0"}},{"base_weights":[1.0086476E-1,3.922552E-1,-3.3138676E-3,5.723897E-1,3.184833E-2,3.4334734E-1,-1.4814752E-1,5.433254E-1,2.6850188E-2,-3.612475E-1,2.6070142E-1,-6.984389E-1,-1.3837144E-1,-2.3399305E-2,4.1209662E-1,-3.5226324E-1,3.0438384E-1,-1.9528879E-2,-5.337484E-1],"categories":[],"categories_nodes":[],"categories_segments":[],"categories_sizes":[],"default_left":[1,1,1,0,0,1,1,0,0,1,1,0,1,0,0,1,0,0,0],"id":19,"left_children":[1,3,5,-1,-1,7,9,-1,-1,11,13,-1,15,-1,-1,17,-1,-1,-1],"loss_changes":[3.912274E-1,2.0193654E-1,5.7572377E-1,0E0,0E0,1.9946015E-1,7.9743266E-1,0E0,0E0,3.3362007E-1,1.5357938E-1,0E0,5.5175155E-1,0E0,0E0,2.0869064E-1,0E0,0E0,0E0],"parents":[2147483647,0,0,1,1,2,2,5,5,6,6,9,9,10,10,12,12,15,15],"right_children":[2,4,6,-1,-1,8,10,-1,-1,12,14,-1,16,-1,-1,18,-1,-1,-1],"split_conditions":[5.2166664E1,5.525E1,4.225E1,1.7171693E-1,9.5545E-3,1.15E1,4.7604164E1,1.6299763E-1,8.055056E-3,5.29375E1,8.65E1,-2.0953168E-1,5.5666664E1,-7.0197918E-3,1.2362899E-1,6E1,9.131516E-2,-5.858664E-3,-1.6012453E-1],"split_indices":[2,15,16,0,0,11,3,0,0,2,5,0,1,0,0,18,0,0,0],"split_type":[0,0,0,0,0,0,0,0,0,0,0,0,0,0,0,0,0,0,0],"sum_hessian":[1.1844878E1,2.3912554E0,9.453623E0,1.2022057E0,1.1890496E0,2.3818948E0,7.0717278E0,1.0204451E0,1.3614496E0,4.7252593E0,2.3464687E0,1.0312765E0,3.6939828E0,1.1096315E0,1.2368371E0,2.6285388E0,1.0654439E0,1.3186096E0,1.3099294E0],"tree_param":{"num_deleted":"0","num_feature":"20","num_nodes":"19","size_leaf_vector":"0"}},{"base_weights":[9.1049075E-2,3.9728895E-1,3.06815E-3,-1.0298808E-1,3.8584659E-1,2.4598782E-1,-2.2140113E-1,1.4582139E-1,-3.5822672E-1,-4.7042376E-1,4.4348754E-2,3.1852838E-2,-6.3251257E-1],"categories":[],"categories_nodes":[],"categories_segments":[],"categories_sizes":[],"default_left":[1,0,1,1,0,0,1,0,1,1,0,0,0],"id":20,"left_children":[1,-1,3,5,-1,-1,7,-1,9,11,-1,-1,-1],"loss_changes":[3.3212224E-1,0E0,4.7081122E-1,4.3067536E-1,0E0,0E0,4.202303E-1,0E0,2.749365E-1,3.8530642E-1,0E0,0E0,0E0],"parents":[2147483647,0,0,2,2,3,3,6,6,8,8,9,9],"right_children":[2,-1,4,6,-1,-1,8,-1,10,12,-1,-1,-1],"split_conditions":[5.175E1,1.1918669E-1,5.9697914E1,5.2166664E1,1.1575398E-1,7.379635E-2,4.225E1,4.374642E-2,1.25E1,2.35E1,1.3304627E-2,9.555852E-3,-1.8975379E-1],"split_indices":[15,0,2,2,0,0,16,0,11,10,0,0,0],"split_type":[0,0,0,0,0,0,0,0,0,0,0,0,0],"sum_hessian":[1.1371965E1,1.7533525E0,9.618612E0,8.104147E0,1.5144659E0,1.7802346E0,6.323912E0,1.6988004E0,4.6251116E0,3.485245E0,1.1398668E0,1.0463446E0,2.4389002E0],"tree_param":{"num_deleted":"0","num_feature":"20","num_nodes":"13","size_leaf_vector":"0"}},{"base_weights":[8.2654946E-2,3.44157E-1,-4.2737678E-2,5.2530676E-1,1.0342763E-1,2.6983544E-1,-1.436216E-1,2.2608078E-1,-3.06655E-1,-5.513422E-1,5.9641007E-2,-7.211021E-1,-9.757998E-2,-1.6108805E-1,2.603428E-1],"categories":[],"categories_nodes":[],"categories_segments":[],"categories_sizes":[],"default_left":[1,1,1,0,0,0,1,0,1,1,1,0,0,0,0],"id":21,"left_children":[1,3,5,-1,-1,-1,7,-1,9,11,13,-1,-1,-1,-1],"loss_changes":[4.0883246E-1,1.20361805E-1,3.229824E-1,0E0,0E0,0E0,5.193834E-1,0E0,5.353485E-1,1.9605279E-1,1.8137614E-1,0E0,0E0,0E0,0E0],"parents":[2147483647,0,0,1,1,2,2,6,6,8,8,9,9,10,10],"right_children":[2,4,6,-1,-1,-1,8,-1,10,12,14,-1,-1,-1,-1],"split_conditions":[1.065E2,4.521875E1,4.479167E-1,1.5759203E-1,3.1028291E-2,8.095063E-2,5.325E1,6.782424E-2,5.104166E-1,5.575E1,1.075E2,-2.1633065E-1,-2.9273994E-2,-4.8326418E-2,7.810284E-2],"split_indices":[8,3,0,0,0,0,15,0,0,15,8,0,0,0,0],"split_type":[0,0,0,0,0,0,0,0,0,0,0,0,0,0,0],"sum_hessian":[1.1019482E1,3.005979E0,8.013503E0,1.0407012E0,1.9652779E0,1.546671E0,6.4668317E0,1.8607013E0,4.60613E0,2.458596E0,2.1475341E0,1.360462E0,1.0981342E0,1.1167378E0,1.0307964E0],"tree_param":{"num_deleted":"0","num_feature":"20","num_nodes":"15","size_leaf_vector":"0"}},{"base_weights":[7.145879E-2,-8.905802E-2,2.595348E-1,-4.0791175E-1,6.1836585E-2,-2.3270752E-3,5.0747925E-1,-2.14375E-1,2.2227804E-1,3.002252E-1,-2.6168883E-1,5.541794E-1,-9.056493E-2],"categories":[],"categories_nodes":[],"categories_segments":[],"categories_sizes":[],"default_left":[1,1,1,0,1,1,0,0,1,0,0,0,0],"id":22,"left_children":[1,3,5,-1,7,9,-1,-1,11,-1,-1,-1,-1],"loss_changes":[3.756241E-1,3.641538E-1,3.668659E-1,0E0,2.9803228E-1,3.7162715E-1,0E0,0E0,4.7226048E-1,0E0,0E0,0E0,0E0],"parents":[2147483647,0,0,1,1,2,2,4,4,5,5,8,8],"right_children":[2,4,6,-1,8,10,-1,-1,12,-1,-1,-1,-1],"split_conditions":[7.95E1,4.270833E-1,4.675E1,-1.2237353E-1,5.428125E1,5.5052086E1,1.5224378E-1,-6.43125E-2,1.15E1,9.0067565E-2,-7.850665E-2,1.6625382E-1,-2.7169479E-2],"split_indices":[6,4,16,0,1,2,0,0,11,0,0,0,0],"split_type":[0,0,0,0,0,0,0,0,0,0,0,0,0],"sum_hessian":[1.0676643E1,6.0444117E0,4.632231E0,1.3944743E0,4.6499376E0,2.7346725E0,1.8975587E0,1.5850323E0,3.0649052E0,1.1895164E0,1.5451561E0,1.1128405E0,1.9520645E0],"tree_param":{"num_deleted":"0","num_feature":"20","num_nodes":"13","size_leaf_vector":"0"}},{"base_weights":[6.497331E-2,2.9745796E-1,-4.314491E-2,4.0593326E-1,3.7681959E-3,2.3046467E-1,-1.2994646E-1,1.9234662E-1,-2.7182353E-1,-4.5472693E-1,2.8714014E-2,-5.966241E-1,-7.531228E-2],"categories":[],"categories_nodes":[],"categories_segments":[],"categories_sizes":[],"default_left":[1,1,1,0,0,0,1,0,1,1,0,0,0],"id":23,"left_children":[1,3,5,-1,-1,-1,7,-1,9,11,-1,-1,-1],"loss_changes":[2.9685217E-1,1.16773576E-1,2.3386088E-1,0E0,0E0,0E0,3.79569E-1,0E0,3.0902064E-1,1.3846701E-1,0E0,0E0,0E0],"parents":[2147483647,0,0,1,1,2,2,6,6,8,8,9,9],"right_children":[2,4,6,-1,-1,-1,8,-1,10,12,-1,-1,-1],"split_conditions":[1.065E2,5.621875E1,4.479167E-1,1.21779986E-1,1.1304588E-3,6.9139406E-2,5.325E1,5.7703987E-2,5.104166E-1,5.575E1,8.614205E-3,-1.7898723E-1,-2.2593684E-2],"split_indices":[8,1,0,0,0,0,15,0,0,15,0,0,0],"split_type":[0,0,0,0,0,0,0,0,0,0,0,0,0],"sum_hessian":[1.0299344E1,2.7134445E0,7.5858994E0,1.7024537E0,1.0109907E0,1.4283817E0,6.157518E0,1.7733606E0,4.384157E0,2.4065285E0,1.9776287E0,1.3348304E0,1.0716982E0],"tree_param":{"num_deleted":"0","num_feature":"20","num_nodes":"13","size_leaf_vector":"0"}},{"base_weights":[5.2704964E-2,-8.6193204E-2,2.2293442E-1,5.497998E-2,-3.7192422E-1,3.929253E-1,-1.6007133E-1,-1.4007096E-1,2.3513858E-1,4.9787116E-1,5.167604E-2,-3.1256235E-1,1.0790175E-1,4.20014E-2,3.1015524E-1],"categories":[],"categories_nodes":[],"categories_segments":[],"categories_sizes":[],"default_left":[1,1,1,1,0,1,0,1,1,0,0,0,0,0,0],"id":24,"left_children":[1,3,5,7,-1,9,-1,11,13,-1,-1,-1,-1,-1,-1],"loss_changes":[2.799474E-1,2.9448432E-1,4.036411E-1,2.233326E-1,0E0,1.1445153E-1,0E0,1.7180914E-1,3.3190608E-2,0E0,0E0,0E0,0E0,0E0,0E0],"parents":[2147483647,0,0,1,1,2,2,3,3,5,5,7,7,8,8],"right_children":[2,4,6,8,-1,10,-1,12,14,-1,-1,-1,-1,-1,-1],"split_conditions":[7.95E1,5.975E1,5.729166E-1,4.895833E-1,-1.1157727E-1,5.8927086E1,-4.8021402E-2,4.895833E-1,5.4541668E1,1.4936136E-1,1.5502812E-2,-9.376871E-2,3.2370526E-2,1.2600421E-2,9.3046576E-2],"split_indices":[6,15,0,4,0,2,0,0,1,0,0,0,0,0,0],"split_type":[0,0,0,0,0,0,0,0,0,0,0,0,0,0,0],"sum_hessian":[1.0027144E1,5.793567E0,4.2335773E0,4.418211E0,1.375356E0,2.9142401E0,1.3193371E0,2.2282653E0,2.189946E0,1.877789E0,1.0364511E0,1.1605256E0,1.0677396E0,1.0490265E0,1.1409193E0],"tree_param":{"num_deleted":"0","num_feature":"20","num_nodes":"15","size_leaf_vector":"0"}},{"base_weights":[4.4232834E-2,3.1719896E-1,-3.647817E-2,-2.3263897E-1,1.7413107E-1,-4.008278E-1,9.603369E-2,4.4627517E-1,-9.072481E-2,-1.963296E-2,-5.638867E-1,-2.6483586E-1,1.2171346E-1],"categories":[],"categories_nodes":[],"categories_segments":[],"categories_sizes":[],"default_left":[1,0,1,1,1,1,0,0,1,0,0,0,0],"id":25,"left_children":[1,-1,3,5,7,9,-1,-1,11,-1,-1,-1,-1],"loss_changes":[2.4845725E-1,0E0,4.2040086E-1,3.253405E-1,4.0133697E-1,2.1430165E-1,0E0,0E0,1.568156E-1,0E0,0E0,0E0,0E0],"parents":[2147483647,0,0,2,2,3,3,4,4,5,5,8,8],"right_children":[2,-1,4,6,8,10,-1,-1,12,-1,-1,-1,-1],"split_conditions":[4.075E1,9.5159695E-2,4.575E1,1.075E2,3.5E0,1.065E2,2.8810108E-2,1.3388255E-1,4.895833E-1,-5.8898884E-3,-1.6916601E-1,-7.9450764E-2,3.651404E-2],"split_indices":[16,0,16,8,13,8,0,0,0,0,0,0,0],"split_type":[0,0,0,0,0,0,0,0,0,0,0,0,0],"sum_hessian":[9.752234E0,1.5568569E0,8.195377E0,4.1890807E0,4.006297E0,2.625845E0,1.5632358E0,1.638123E0,2.368174E0,1.1223797E0,1.5034653E0,1.1659397E0,1.2022343E0],"tree_param":{"num_deleted":"0","num_feature":"20","num_nodes":"13","size_leaf_vector":"0"}},{"base_weights":[3.688636E-2,1.5291493E-1,-1.9478106E-1,-3.6805034E-2,4.2820475E-1,2.8817672E-1,-4.938831E-1,-3.7128657E-1,1.6486104E-1,7.834844E-2,5.578032E-1,-2.4612337E-1,3.959796E-1],"categories":[],"categories_nodes":[],"categories_segments":[],"categories_sizes":[],"default_left":[1,1,1,1,1,0,0,0,1,0,0,0,0],"id":26,"left_children":[1,3,5,7,9,-1,-1,-1,11,-1,-1,-1,-1],"loss_changes":[3.1094253E-1,4.090076E-1,7.100682E-1,4.239994E-1,9.917033E-2,0E0,0E0,0E0,4.8194927E-1,0E0,0E0,0E0,0E0],"parents":[2147483647,0,0,1,1,2,2,3,3,4,4,8,8],"right_children":[2,4,6,8,10,-1,-1,-1,12,-1,-1,-1,-1],"split_conditions":[5.925E1,5.104166E-1,1.15E1,7.85E1,4.275E1,8.645302E-2,-1.4816494E-1,-1.1138598E-1,4.6875E-1,2.3504535E-2,1.6734096E-1,-7.383701E-2,1.1879389E-1],"split_indices":[18,0,11,6,16,0,0,0,4,0,0,0,0],"split_type":[0,0,0,0,0,0,0,0,0,0,0,0,0],"sum_hessian":[9.459718E0,6.529443E0,2.9302752E0,4.3783464E0,2.151096E0,1.1346658E0,1.7956094E0,1.3304982E0,3.0478482E0,1.0151649E0,1.1359313E0,1.0736743E0,1.9741739E0],"tree_param":{"num_deleted":"0","num_feature":"20","num_nodes":"13","size_leaf_vector":"0"}},{"base_weights":[3.5516392E-2,2.4799341E-1,-5.8892973E-2,3.613133E-1,6.0623203E-4,1.799175E-1,-1.6614269E-1,6.727163E-2,-4.5560682E-1,-1.3837296E-1,3.0933613E-1],"categories":[],"categories_nodes":[],"categories_segments":[],"categories_sizes":[],"default_left":[1,1,1,0,0,0,1,1,0,0,0],"id":27,"left_children":[1,3,5,-1,-1,-1,7,9,-1,-1,-1],"loss_changes":[2.1690643E-1,9.2135414E-2,2.2942546E-1,0E0,0E0,0E0,4.290138E-1,2.4865887E-1,0E0,0E0,0E0],"parents":[2147483647,0,0,1,1,2,2,6,6,7,7],"right_children":[2,4,6,-1,-1,-1,8,10,-1,-1,-1],"split_conditions":[1.065E2,4.6989586E1,4.6875E-1,1.08394E-1,1.8186962E-4,5.397525E-2,5.3125E-1,4.895833E-1,-1.3668205E-1,-4.151189E-2,9.280084E-2],"split_indices":[8,3,0,0,0,0,4,4,0,0,0],"split_type":[0,0,0,0,0,0,0,0,0,0,0],"sum_hessian":[9.084904E0,2.2943861E0,6.790517E0,1.2577395E0,1.0366466E0,1.8945063E0,4.896011E0,3.1353598E0,1.7606509E0,1.9268112E0,1.2085485E0],"tree_param":{"num_deleted":"0","num_feature":"20","num_nodes":"11","size_leaf_vector":"0"}},{"base_weights":[3.4137785E-2,2.7838507E-1,-3.9008953E-2,-2.132089E-1,1.5703338E-1,-3.901781E-1,7.334539E-2,3.8999477E-1,-6.775429E-2,-6.8832636E-2,-5.317347E-1,-2.2246861E-1,1.2073099E-1],"categories":[],"categories_nodes":[],"categories_segments":[],"categories_sizes":[],"default_left":[1,0,1,1,1,1,0,0,1,0,0,0,0],"id":28,"left_children":[1,-1,3,5,7,9,-1,-1,11,-1,-1,-1,-1],"loss_changes":[1.8762678E-1,0E0,3.234538E-1,2.7812272E-1,2.657878E-1,1.0895756E-1,0E0,0E0,1.1954091E-1,0E0,0E0,0E0,0E0],"parents":[2147483647,0,0,2,2,3,3,4,4,5,5,8,8],"right_children":[2,-1,4,6,8,10,-1,-1,12,-1,-1,-1,-1],"split_conditions":[4.075E1,8.3515525E-2,4.575E1,5.4333332E1,3.5E0,5.3697914E1,2.2003619E-2,1.16998434E-1,4.895833E-1,-2.064979E-2,-1.5952042E-1,-6.674059E-2,3.62193E-2],"split_indices":[16,0,16,1,13,1,0,0,0,0,0,0,0],"split_type":[0,0,0,0,0,0,0,0,0,0,0,0,0],"sum_hessian":[8.894119E0,1.4031061E0,7.491013E0,3.9201064E0,3.5709064E0,2.1998873E0,1.7202191E0,1.3926597E0,2.1782467E0,1.1272312E0,1.0726559E0,1.0972743E0,1.0809726E0],"tree_param":{"num_deleted":"0","num_feature":"20","num_nodes":"13","size_leaf_vector":"0"}},{"base_weights":[2.655155E-2,1.0556275E-1,-1.9129387E-1,4.104799E-1,-3.968405E-2,3.203599E-1,-1.7728963E-1,-3.0889297E-1,1.4334959E-1,-4.3539777E-1,-4.23468E-2],"categories":[],"categories_nodes":[],"categories_segments":[],"categories_sizes":[],"default_left":[1,1,0,0,1,0,1,1,0,0,0],"id":29,"left_children":[1,3,-1,-1,5,-1,7,9,-1,-1,-1],"loss_changes":[1.8686074E-1,3.595335E-1,0E0,0E0,3.6205915E-1,0E0,2.5954777E-1,1.1421144E-1,0E0,0E0,0E0],"parents":[2147483647,0,0,1,1,4,4,6,6,7,7],"right_children":[2,4,-1,-1,6,-1,8,10,-1,-1,-1],"split_conditions":[5.975E1,5.2864582E1,-5.738816E-2,1.2314398E-1,4.3927082E1,9.610797E-2,4.7604164E1,5.43125E1,4.3004878E-2,-1.3061933E-1,-1.2704041E-2],"split_indices":[15,2,0,0,3,0,3,1,0,0,0],"split_type":[0,0,0,0,0,0,0,0,0,0,0],"sum_hessian":[8.683072E0,6.7502284E0,1.9328431E0,1.58879E0,5.1614385E0,1.0599598E0,4.101479E0,2.933915E0,1.1675639E0,1.5600322E0,1.3738828E0],"tree_param":{"num_deleted":"0","num_feature":"20","num_nodes":"11","size_leaf_vector":"0"}},{"base_weights":[2.675773E-2,-8.624046E-2,1.7820437E-1,-3.436892E-1,5.251758E-2,3.094401E-1,-1.1583439E-1,-2.009368E-1,1.9355439E-1,3.376338E-2,4.1926545E-1,-1.4724253E-1,4.3586046E-1],"categories":[],"categories_nodes":[],"categories_segments":[],"categories_sizes":[],"default_left":[1,1,1,0,1,1,0,0,1,0,0,0,0],"id":30,"left_children":[1,3,5,-1,7,9,-1,-1,11,-1,-1,-1,-1],"loss_changes":[1.7726003E-1,2.35661E-1,2.0441441E-1,0E0,2.1139291E-1,8.553636E-2,0E0,0E0,3.622627E-1,0E0,0E0,0E0,0E0],"parents":[2147483647,0,0,1,1,2,2,4,4,5,5,8,8],"right_children":[2,4,6,-1,8,10,-1,-1,12,-1,-1,-1,-1],"split_conditions":[7.95E1,4.270833E-1,5.729166E-1,-1.0310677E-1,5.275E1,5.43125E1,-3.475032E-2,-6.0281042E-2,4.925E1,1.0129014E-2,1.2577964E-1,-4.417276E-2,1.3075814E-1],"split_indices":[6,4,0,0,15,1,0,0,18,0,0,0,0],"split_type":[0,0,0,0,0,0,0,0,0,0,0,0,0],"sum_hessian":[8.460043E0,5.091615E0,3.368428E0,1.2659333E0,3.8256817E0,2.2927475E0,1.0756804E0,1.2159002E0,2.6097815E0,1.0256509E0,1.2670968E0,1.2475146E0,1.3622669E0],"tree_param":{"num_deleted":"0","num_feature":"20","num_nodes":"13","size_leaf_vector":"0"}},{"base_weights":[2.3468267E-2,3.0157983E-1,-4.749538E-2,2.5130534E-1,-1.320633E-1,1.8422265E-1,-2.4518466E-1,-9.020025E-3,-3.7203303E-1,-4.8570895E-1,-8.365435E-2],"categories":[],"categories_nodes":[],"categories_segments":[],"categories_sizes":[],"default_left":[1,0,1,0,1,0,1,0,1,0,0],"id":31,"left_children":[1,-1,3,-1,5,-1,7,-1,9,-1,-1],"loss_changes":[1.9653799E-1,0E0,2.4089144E-1,0E0,2.9783848E-1,0E0,1.6532212E-1,0E0,7.863712E-2,0E0,0E0],"parents":[2147483647,0,0,2,2,4,4,6,6,8,8],"right_children":[2,-1,4,-1,6,-1,8,-1,10,-1,-1],"split_conditions":[5.309375E1,9.047395E-2,4.479167E-1,7.5391605E-2,1.065E2,5.5266798E-2,1.15E1,-2.7060076E-3,4.895833E-1,-1.4571269E-1,-2.5096307E-2],"split_indices":[1,0,0,0,8,0,11,0,4,0,0],"split_type":[0,0,0,0,0,0,0,0,0,0,0],"sum_hessian":[8.232676E0,1.0129752E0,7.219701E0,1.1576784E0,6.062022E0,1.431375E0,4.630647E0,1.9923761E0,2.638271E0,1.401528E0,1.2367431E0],"tree_param":{"num_deleted":"0","num_feature":"20","num_nodes":"11","size_leaf_vector":"0"}},{"base_weights":[2.2202305E-2,2.7176398E-1,-5.120347E-2,-1.4876571E-1,3.0231756E-1,2.0212183E-2,-3.4185418E-1,-2.2627091E-1,3.2939696E-1,-2.6996683E-2,-5.011122E-1,-1.09641235E-2,-3.2889897E-1],"categories":[],"categories_nodes":[],"categories_segments":[],"categories_sizes":[],"default_left":[1,0,1,1,0,1,1,1,0,0,0,0,0],"id":32,"left_children":[1,-1,3,5,-1,7,9,11,-1,-1,-1,-1,-1],"loss_changes":[1.7950805E-1,0E0,3.1490368E-1,2.289001E-1,0E0,4.2300427E-1,1.4849362E-1,6.57123E-2,0E0,0E0,0E0,0E0,0E0],"parents":[2147483647,0,0,2,2,3,3,5,5,6,6,7,7],"right_children":[2,-1,4,6,-1,8,10,12,-1,-1,-1,-1,-1],"split_conditions":[5.175E1,8.15292E-2,5.9697914E1,4.6989586E1,9.069527E-2,5.125E1,5.775E1,5.246875E1,9.881909E-2,-8.099006E-3,-1.5033367E-1,-3.2892372E-3,-9.866969E-2],"split_indices":[15,0,2,3,0,18,18,2,0,0,0,0,0],"split_type":[0,0,0,0,0,0,0,0,0,0,0,0,0],"sum_hessian":[8.0392685E0,1.2130342E0,6.8262343E0,5.803746E0,1.0224885E0,3.5725849E0,2.231161E0,2.1370728E0,1.435512E0,1.1423061E0,1.088855E0,1.0471197E0,1.0899532E0],"tree_param":{"num_deleted":"0","num_feature":"20","num_nodes":"13","size_leaf_vector":"0"}},{"base_weights":[1.7742584E-2,8.921361E-2,-1.9330932E-1,3.5554886E-1,-3.53977E-2,2.5188428E-1,-1.8057622E-1,-3.3891204E-1,6.923719E-2],"categories":[],"categories_nodes":[],"categories_segments":[],"categories_sizes":[],"default_left":[1,1,0,0,1,0,1,0,0],"id":33,"left_children":[1,3,-1,-1,5,-1,7,-1,-1],"loss_changes":[1.4994368E-1,2.5339925E-1,0E0,0E0,2.8958112E-1,0E0,2.0028655E-1,0E0,0E0],"parents":[2147483647,0,0,1,1,4,4,6,6],"right_children":[2,4,-1,-1,6,-1,8,-1,-1],"split_conditions":[5.7822914E1,4.3927082E1,-5.7992797E-2,1.06664665E-1,5.4645836E1,7.5565286E-2,5.4302082E1,-1.0167362E-1,2.0771157E-2],"split_indices":[1,3,0,0,2,0,1,0,0],"split_type":[0,0,0,0,0,0,0,0,0],"sum_hessian":[7.7972026E0,6.2559624E0,1.5412405E0,1.4033277E0,4.8526344E0,1.3823055E0,3.470329E0,1.905764E0,1.5645652E0],"tree_param":{"num_deleted":"0","num_feature":"20","num_nodes":"9","size_leaf_vector":"0"}},{"base_weights":[1.8550823E-2,2.5371042E-1,-5.1379032E-2,-2.0593819E-1,1.09507084E-1,1.0179889E-1,-3.8130423E-1,-2.1035473E-1,3.8323784E-1],"categories":[],"categories_nodes":[],"categories_segments":[],"categories_sizes":[],"default_left":[1,0,1,1,1,0,0,0,0],"id":34,"left_children":[1,-1,3,5,7,-1,-1,-1,-1],"loss_changes":[1.5513605E-1,0E0,2.0885305E-1,2.63767E-1,4.5918676E-1,0E0,0E0,0E0,0E0],"parents":[2147483647,0,0,2,2,3,3,4,4],"right_children":[2,-1,4,6,8,-1,-1,-1,-1],"split_conditions":[5.175E1,7.611313E-2,4.895833E-1,4.479167E-1,8.65E1,3.053967E-2,-1.14391275E-1,-6.3106425E-2,1.14971355E-1],"split_indices":[15,0,0,0,5,0,0,0,0],"split_type":[0,0,0,0,0,0,0,0,0],"sum_hessian":[7.641134E0,1.1490492E0,6.492085E0,3.1683283E0,3.3237565E0,1.302381E0,1.8659474E0,1.6394922E0,1.6842643E0],"tree_param":{"num_deleted":"0","num_feature":"20","num_nodes":"9","size_leaf_vector":"0"}},{"base_weights":[1.9403089E-2,-9.916344E-2,1.8036741E-1,-1.9678688E-1,1.6848426E-1,-3.0726658E-2,3.2045174E-1,-3.32086E-1,5.1981784E-2],"categories":[],"categories_nodes":[],"categories_segments":[],"categories_sizes":[],"default_left":[1,1,1,1,0,0,0,0,0],"id":35,"left_children":[1,3,5,7,-1,-1,-1,-1,-1],"loss_changes":[1.7954285E-1,1.774593E-1,1.2657979E-1,1.689944E-1,0E0,0E0,0E0,0E0,0E0],"parents":[2147483647,0,0,1,1,2,2,3,3],"right_children":[2,4,6,8,-1,-1,-1,-1,-1],"split_conditions":[7.95E1,5.3125E-1,5.43125E1,4.475E1,5.054528E-2,-9.217998E-3,9.613553E-2,-9.96258E-2,1.55945355E-2],"split_indices":[6,0,1,16,0,0,0,0,0],"split_type":[0,0,0,0,0,0,0,0,0],"sum_hessian":[7.470378E0,4.522811E0,2.947567E0,3.5080264E0,1.0147845E0,1.4871802E0,1.4603866E0,2.0552874E0,1.452739E0],"tree_param":{"num_deleted":"0","num_feature":"20","num_nodes":"9","size_leaf_vector":"0"}},{"base_weights":[2.0691074E-2,2.353095E-1,-4.3828733E-2,1.3052303E-1,-1.6469143E-1,-1.2402818E-1,3.1987664E-1,-4.1481334E-1,2.5810387E-2,-1.796924E-1,2.228463E-1],"categories":[],"categories_nodes":[],"categories_segments":[],"categories_sizes":[],"default_left":[1,0,1,1,1,0,0,0,1,0,0],"id":36,"left_children":[1,-1,3,5,7,-1,-1,-1,9,-1,-1],"loss_changes":[1.2607586E-1,0E0,1.7470847E-1,2.1003903E-1,2.3637775E-1,0E0,0E0,0E0,1.8702435E-1,0E0,0E0],"parents":[2147483647,0,0,2,2,3,3,4,4,8,8],"right_children":[2,-1,4,6,8,-1,-1,-1,10,-1,-1],"split_conditions":[5.175E1,7.059285E-2,4.425E1,5.125E1,4.575E1,-3.7208457E-2,9.5962994E-2,-1.2444401E-1,5.575E1,-5.3907722E-2,6.6853896E-2],"split_indices":[15,0,16,18,16,0,0,0,15,0,0],"split_type":[0,0,0,0,0,0,0,0,0,0,0],"sum_hessian":[7.360032E0,1.089346E0,6.2706857E0,2.5345361E0,3.7361495E0,1.2283016E0,1.3062345E0,1.1062315E0,2.629918E0,1.3303859E0,1.2995322E0],"tree_param":{"num_deleted":"0","num_feature":"20","num_nodes":"11","size_leaf_vector":"0"}},{"base_weights":[1.753523E-2,-8.351606E-2,1.5692025E-1,5.5703588E-2,-3.0992258E-1,-4.1185495E-2,2.958992E-1,-1.470186E-1,2.3368187E-1],"categories":[],"categories_nodes":[],"categories_segments":[],"categories_sizes":[],"default_left":[1,1,1,1,0,0,0,0,0],"id":37,"left_children":[1,3,5,7,-1,-1,-1,-1,-1],"loss_changes":[1.2848051E-1,1.8751402E-1,1.165358E-1,1.8561411E-1,0E0,0E0,0E0,0E0,0E0],"parents":[2147483647,0,0,1,1,2,2,3,3],"right_children":[2,4,6,8,-1,-1,-1,-1,-1],"split_conditions":[7.95E1,4.709375E1,8.65E1,5.075E1,-9.297678E-2,-1.2355649E-2,8.876976E-2,-4.4105582E-2,7.010456E-2],"split_indices":[6,3,5,18,0,0,0,0,0],"split_type":[0,0,0,0,0,0,0,0,0],"sum_hessian":[7.191327E0,4.4012995E0,2.7900276E0,3.1922927E0,1.2090067E0,1.4404349E0,1.3495926E0,1.5737267E0,1.6185662E0],"tree_param":{"num_deleted":"0","num_feature":"20","num_nodes":"9","size_leaf_vector":"0"}},{"base_weights":[1.4180366E-2,1.993769E-1,-6.7404285E-2,1.7556785E-1,-1.7528883E-1,2.6411183E-2,-3.814456E-1,1.7838809E-1,-1.3538153E-1],"categories":[],"categories_nodes":[],"categories_segments":[],"categories_sizes":[],"default_left":[1,0,1,0,1,1,0,0,0],"id":38,"left_children":[1,-1,3,-1,5,7,-1,-1,-1],"loss_changes":[1.3545182E-1,0E0,1.9731122E-1,0E0,2.1382791E-1,1.0804845E-1,0E0,0E0,0E0],"parents":[2147483647,0,0,2,2,4,4,5,5],"right_children":[2,-1,4,-1,6,8,-1,-1,-1],"split_conditions":[1.065E2,5.981307E-2,4.6875E-1,5.2670356E-2,5.3125E-1,5.525E1,-1.1443368E-1,5.351643E-2,-4.0614463E-2],"split_indices":[8,0,0,0,4,15,0,0,0],"split_type":[0,0,0,0,0,0,0,0,0],"sum_hessian":[7.075412E0,1.7222081E0,5.353204E0,1.453142E0,3.9000614E0,2.412047E0,1.4880146E0,1.1908617E0,1.2211852E0],"tree_param":{"num_deleted":"0","num_feature":"20","num_nodes":"9","size_leaf_vector":"0"}},{"base_weights":[1.1685865E-2,9.6184075E-2,-1.4376809E-1,-7.405296E-2,3.5316393E-1,-2.7092397E-1,4.1524548E-2,-2.8773218E-1,8.5446484E-2,2.92211E-1,-1.798591E-1],"categories":[],"categories_nodes":[],"categories_segments":[],"categories_sizes":[],"default_left":[1,1,1,1,0,0,0,0,1,0,0],"id":39,"left_children":[1,3,5,7,-1,-1,-1,-1,9,-1,-1],"loss_changes":[1.184831E-1,2.781729E-1,8.679838E-2,1.7086092E-1,0E0,0E0,0E0,0E0,2.2966075E-1,0E0,0E0],"parents":[2147483647,0,0,1,1,2,2,3,3,8,8],"right_children":[2,4,6,8,-1,-1,-1,-1,10,-1,-1],"split_conditions":[5.925E1,5.104166E-1,2.5E0,7.85E1,1.05949186E-1,-8.127719E-2,1.2457365E-2,-8.6319655E-2,4.715625E1,8.76633E-2,-5.3957734E-2],"split_indices":[18,0,13,6,0,0,0,0,3,0,0],"split_type":[0,0,0,0,0,0,0,0,0,0,0],"sum_hessian":[6.967284E0,4.7607894E0,2.2064948E0,3.2918966E0,1.4688927E0,1.0344613E0,1.1720335E0,1.0633593E0,2.2285373E0,1.1954538E0,1.0330837E0],"tree_param":{"num_deleted":"0","num_feature":"20","num_nodes":"11","size_leaf_vector":"0"}},{"base_weights":[7.2560674E-3,2.0057298E-1,-5.2644543E-2,-2.0399262E-1,1.2183853E-1,-3.1133154E-1,3.7541218E-2,-1.3813865E-1,2.7907023E-1],"categories":[],"categories_nodes":[],"categories_segments":[],"categories_sizes":[],"default_left":[1,0,1,1,1,0,0,0,0],"id":40,"left_children":[1,-1,3,5,7,-1,-1,-1,-1],"loss_changes":[1.0091906E-1,0E0,2.0309071E-1,1.1508721E-1,1.9229418E-1,0E0,0E0,0E0,0E0],"parents":[2147483647,0,0,2,2,3,3,4,4],"right_children":[2,-1,4,6,8,-1,-1,-1,-1],"split_conditions":[4.075E1,6.01719E-2,4.575E1,1.075E2,4.6875E-1,-9.3399465E-2,1.1262366E-2,-4.1441597E-2,8.372107E-2],"split_indices":[16,0,16,8,4,0,0,0,0],"split_type":[0,0,0,0,0,0,0,0,0],"sum_hessian":[6.803242E0,1.0538211E0,5.749421E0,2.9882567E0,2.7611642E0,1.8687829E0,1.1194737E0,1.0863518E0,1.6748126E0],"tree_param":{"num_deleted":"0","num_feature":"20","num_nodes":"9","size_leaf_vector":"0"}},{"base_weights":[8.271296E-3,1.8817016E-1,-6.987725E-2,1.4553054E-1,-1.6208567E-1,2.1639729E-2,-3.4280652E-1,1.3679396E-1,-1.0227815E-1],"categories":[],"categories_nodes":[],"categories_segments":[],"categories_sizes":[],"default_left":[1,0,1,0,1,1,0,0,0],"id":41,"left_children":[1,-1,3,-1,5,7,-1,-1,-1],"loss_changes":[1.2137763E-1,0E0,1.4467156E-1,0E0,1.6486272E-1,6.096697E-2,0E0,0E0,0E0],"parents":[2147483647,0,0,2,2,4,4,5,5],"right_children":[2,-1,4,-1,6,8,-1,-1,-1],"split_conditions":[1.065E2,5.6451052E-2,4.6875E-1,4.365916E-2,5.3125E-1,5.525E1,-1.0284196E-1,4.103819E-2,-3.0683447E-2],"split_indices":[8,0,0,0,4,15,0,0,0],"split_type":[0,0,0,0,0,0,0,0,0],"sum_hessian":[6.698278E0,1.6021826E0,5.0960956E0,1.3542224E0,3.741873E0,2.2920132E0,1.4498597E0,1.1341571E0,1.1578561E0],"tree_param":{"num_deleted":"0","num_feature":"20","num_nodes":"9","size_leaf_vector":"0"}},{"base_weights":[7.0226123E-3,-8.874657E-2,1.449408E-1,-3.0638665E-1,4.084316E-2,-3.502496E-2,2.6446804E-1,2.3330148E-1,-1.349592E-1],"categories":[],"categories_nodes":[],"categories_segments":[],"categories_sizes":[],"default_left":[1,1,1,0,1,0,0,0,0],"id":42,"left_children":[1,3,5,-1,7,-1,-1,-1,-1],"loss_changes":[1.1340707E-1,1.5671508E-1,8.453731E-2,0E0,1.6976936E-1,0E0,0E0,0E0,0E0],"parents":[2147483647,0,0,1,1,2,2,4,4],"right_children":[2,4,6,-1,8,-1,-1,-1,-1],"split_conditions":[7.95E1,4.270833E-1,5.43125E1,-9.1915995E-2,1.15E1,-1.0507489E-2,7.934041E-2,6.999045E-2,-4.0487763E-2],"split_indices":[6,4,1,0,11,0,0,0,0],"split_type":[0,0,0,0,0,0,0,0,0],"sum_hessian":[6.6121817E0,4.11281E0,2.4993718E0,1.0257789E0,3.0870311E0,1.2796471E0,1.2197248E0,1.3175675E0,1.7694638E0],"tree_param":{"num_deleted":"0","num_feature":"20","num_nodes":"9","size_leaf_vector":"0"}},{"base_weights":[6.256217E-3,1.6404262E-1,-6.192352E-2,1.2950028E-1,-1.4429417E-1,3.590744E-2,-2.6782784E-1],"categories":[],"categories_nodes":[],"categories_segments":[],"categories_sizes":[],"default_left":[1,0,1,0,1,0,0],"id":43,"left_children":[1,-1,3,-1,5,-1,-1],"loss_changes":[9.0867825E-2,0E0,1.12735845E-1,0E0,1.12979494E-1,0E0,0E0],"parents":[2147483647,0,0,2,2,4,4],"right_children":[2,-1,4,-1,6,-1,-1],"split_conditions":[1.065E2,4.9212787E-2,4.6875E-1,3.8850088E-2,5.725E1,1.0772232E-2,-8.034836E-2],"split_indices":[8,0,0,0,18,0,0],"split_type":[0,0,0,0,0,0,0],"sum_hessian":[6.5024137E0,1.5377082E0,4.9647055E0,1.3214892E0,3.6432164E0,1.7702459E0,1.8729705E0],"tree_param":{"num_deleted":"0","num_feature":"20","num_nodes":"7","size_leaf_vector":"0"}},{"base_weights":[7.018946E-3,-5.3463064E-2,1.9064493E-1,1.4154753E-1,-1.8145779E-1,2.733843E-1,-6.1967045E-2,8.684526E-3,-3.5214645E-1,-6.741607E-3,1.9760072E-2],"categories":[],"categories_nodes":[],"categories_segments":[],"categories_sizes":[],"default_left":[1,1,0,1,1,0,0,1,0,0,0],"id":44,"left_children":[1,3,-1,5,7,-1,-1,9,-1,-1,-1],"loss_changes":[9.282706E-2,1.84881E-1,0E0,9.9824205E-2,1.4225312E-1,0E0,0E0,6.4658286E-4,0E0,0E0,0E0],"parents":[2147483647,0,0,1,1,3,3,4,4,7,7],"right_children":[2,4,-1,6,8,-1,-1,10,-1,-1,-1],"split_conditions":[5.9697914E1,2.35E1,5.7193484E-2,5.503125E1,4.6989586E1,8.201529E-2,-1.8590115E-2,5.025E1,-1.05643936E-1,-2.0224822E-3,5.928022E-3],"split_indices":[2,10,0,2,3,0,0,18,0,0,0],"split_type":[0,0,0,0,0,0,0,0,0,0,0],"sum_hessian":[6.4404902E0,5.377965E0,1.062525E0,2.0891247E0,3.2888405E0,1.0594786E0,1.0296459E0,2.004739E0,1.2841014E0,1.0013523E0,1.0033867E0],"tree_param":{"num_deleted":"0","num_feature":"20","num_nodes":"11","size_leaf_vector":"0"}},{"base_weights":[7.832271E-3,-8.125493E-2,1.3493803E-1,-1.6975501E-1,1.0021746E-1,-4.4259306E-2,2.6318365E-1,4.080921E-2,-3.372543E-1],"categories":[],"categories_nodes":[],"categories_segments":[],"categories_sizes":[],"default_left":[1,1,1,1,0,0,0,0,0],"id":45,"left_children":[1,3,5,7,-1,-1,-1,-1,-1],"loss_changes":[9.40357E-2,9.630707E-2,8.975908E-2,1.439074E-1,0E0,0E0,0E0,0E0,0E0],"parents":[2147483647,0,0,1,1,2,2,3,3],"right_children":[2,4,6,8,-1,-1,-1,-1,-1],"split_conditions":[7.95E1,4.5E0,8.65E1,5.6322914E1,3.006524E-2,-1.3277792E-2,7.89551E-2,1.2242763E-2,-1.0117629E-1],"split_indices":[6,13,5,1,0,0,0,0,0],"split_type":[0,0,0,0,0,0,0,0,0],"sum_hessian":[6.3361897E0,3.9373024E0,2.3988872E0,2.6900115E0,1.2472908E0,1.2738398E0,1.1250474E0,1.5268997E0,1.1631118E0],"tree_param":{"num_deleted":"0","num_feature":"20","num_nodes":"9","size_leaf_vector":"0"}},{"base_weights":[6.5996735E-3,1.6658324E-1,-6.2425297E-2,-1.7290077E-1,7.240005E-2,3.356496E-2,-2.9617706E-1,-1.4459324E-1,2.452146E-1],"categories":[],"categories_nodes":[],"categories_segments":[],"categories_sizes":[],"default_left":[1,0,1,1,1,0,0,0,0],"id":46,"left_children":[1,-1,3,5,7,-1,-1,-1,-1],"loss_changes":[9.048018E-2,0E0,9.881154E-2,9.850109E-2,1.5973204E-1,0E0,0E0,0E0,0E0],"parents":[2147483647,0,0,2,2,3,3,4,4],"right_children":[2,-1,4,6,8,-1,-1,-1,-1],"split_conditions":[1.065E2,4.9974974E-2,4.509375E1,4.3291664E1,4.6875E-1,1.0069488E-2,-8.885312E-2,-4.3377973E-2,7.356438E-2],"split_indices":[8,0,3,3,4,0,0,0,0],"split_type":[0,0,0,0,0,0,0,0,0],"sum_hessian":[6.2518497E0,1.4583539E0,4.793496E0,2.4794426E0,2.3140533E0,1.1990217E0,1.280421E0,1.0982934E0,1.2157599E0],"tree_param":{"num_deleted":"0","num_feature":"20","num_nodes":"9","size_leaf_vector":"0"}},{"base_weights":[5.106554E-3,-6.903135E-2,1.1249906E-1,7.260204E-2,-1.7050363E-1,-4.716288E-2,2.2686657E-1,-2.2814034E-1,-3.571982E-2],"categories":[],"categories_nodes":[],"categories_segments":[],"categories_sizes":[],"default_left":[1,1,1,0,1,0,0,0,0],"id":47,"left_children":[1,3,5,-1,7,-1,-1,-1,-1],"loss_changes":[6.4703435E-2,8.2088046E-2,7.097444E-2,0E0,1.6123384E-2,0E0,0E0,0E0,0E0],"parents":[2147483647,0,0,1,1,2,2,4,4],"right_children":[2,4,6,-1,8,-1,-1,-1,-1],"split_conditions":[7.95E1,4.425E1,5.43125E1,2.1780614E-2,4.6875E-1,-1.4148864E-2,6.805997E-2,-6.8442106E-2,-1.0715947E-2],"split_indices":[6,16,1,0,4,0,0,0,0],"split_type":[0,0,0,0,0,0,0,0,0],"sum_hessian":[6.1512823E0,3.8503895E0,2.3008928E0,1.7259082E0,2.1244814E0,1.2055348E0,1.0953581E0,1.0029552E0,1.1215261E0],"tree_param":{"num_deleted":"0","num_feature":"20","num_nodes":"9","size_leaf_vector":"0"}},{"base_weights":[3.2829933E-3,5.9404664E-2,-1.5020385E-1,2.637952E-1,-4.012911E-2,1.7968853E-1,-1.4745471E-1,-2.9522705E-1,6.7062184E-2],"categories":[],"categories_nodes":[],"categories_segments":[],"categories_sizes":[],"default_left":[1,1,0,0,1,0,1,0,0],"id":48,"left_children":[1,3,-1,-1,5,-1,7,-1,-1],"loss_changes":[7.006808E-2,1.3090776E-1,0E0,0E0,1.4081009E-1,0E0,1.4041813E-1,0E0,0E0],"parents":[2147483647,0,0,1,1,4,4,6,6],"right_children":[2,4,-1,-1,6,-1,8,-1,-1],"split_conditions":[5.7822914E1,4.3927082E1,-4.5061156E-2,7.913856E-2,5.4645836E1,5.390656E-2,4.675E1,-8.856812E-2,2.0118656E-2],"split_indices":[1,3,0,0,2,0,16,0,0],"split_type":[0,0,0,0,0,0,0,0,0],"sum_hessian":[6.0984116E0,4.9144382E0,1.1839732E0,1.0689873E0,3.845451E0,1.0403774E0,2.8050737E0,1.438148E0,1.3669257E0],"tree_param":{"num_deleted":"0","num_feature":"20","num_nodes":"9","size_leaf_vector":"0"}},{"base_weights":[5.4269973E-3,1.4456855E-1,-5.4856066E-2,1.2444128E-1,-1.320271E-1,-2.8233284E-1,4.3949366E-2],"categories":[],"categories_nodes":[],"categories_segments":[],"categories_sizes":[],"default_left":[1,0,1,0,1,0,0],"id":49,"left_children":[1,-1,3,-1,5,-1,-1],"loss_changes":[6.661696E-2,0E0,9.400501E-2,0E0,1.2891538E-1,0E0,0E0],"parents":[2147483647,0,0,2,2,4,4],"right_children":[2,-1,4,-1,6,-1,-1],"split_conditions":[1.065E2,4.3370567E-2,4.6875E-1,3.7332386E-2,5.104166E-1,-8.4699854E-2,1.318481E-2],"split_indices":[8,0,0,0,0,0,0],"split_type":[0,0,0,0,0,0,0],"sum_hessian":[5.9965844E0,1.390034E0,4.6065507E0,1.2017936E0,3.404757E0,1.5103512E0,1.8944057E0],"tree_param":{"num_deleted":"0","num_feature":"20","num_nodes":"7","size_leaf_vector":"0"}},{"base_weights":[5.2217646E-3,-6.866541E-2,1.1389868E-1,-1.5663292E-1,1.09021366E-1,-4.1567884E-2,2.2241701E-1,3.318155E-2,-2.893471E-1],"categories":[],"categories_nodes":[],"categories_segments":[],"categories_sizes":[],"default_left":[1,1,1,1,0,0,0,0,0],"id":50,"left_children":[1,3,5,7,-1,-1,-1,-1,-1],"loss_changes":[6.358039E-2,9.143984E-2,6.3004814E-2,1.0010089E-1,0E0,0E0,0E0,0E0,0E0],"parents":[2147483647,0,0,1,1,2,2,3,3],"right_children":[2,4,6,8,-1,-1,-1,-1,-1],"split_conditions":[7.95E1,4.5E0,4.575E1,4.5229164E1,3.270641E-2,-1.24703655E-2,6.6725105E-2,9.954466E-3,-8.680414E-2],"split_indices":[6,13,16,3,0,0,0,0,0],"split_type":[0,0,0,0,0,0,0,0,0],"sum_hessian":[5.944043E0,3.7575395E0,2.1865034E0,2.5925384E0,1.1650013E0,1.1524377E0,1.0340657E0,1.3753794E0,1.2171589E0],"tree_param":{"num_deleted":"0","num_feature":"20","num_nodes":"9","size_leaf_vector":"0"}},{"base_weights":[5.2657044E-3,5.7513855E-2,-1.356746E-1,-6.6865616E-2,2.7601957E-1,1.262446E-1,-1.926995E-1,-3.8334474E-1,1.0106848E-1],"categories":[],"categories_nodes":[],"categories_segments":[],"categories_sizes":[],"default_left":[1,1,0,1,0,0,1,0,0],"id":51,"left_children":[1,3,-1,5,-1,-1,7,-1,-1],"loss_changes":[5.849007E-2,1.7401847E-1,0E0,1.3252431E-1,0E0,0E0,2.1189709E-1,0E0,0E0],"parents":[2147483647,0,0,1,1,3,3,6,6],"right_children":[2,4,-1,6,-1,-1,8,-1,-1],"split_conditions":[5.729166E-1,5.104166E-1,-4.070238E-2,5.475E1,8.280587E-2,3.7873384E-2,5.3229164E1,-1.1500343E-1,3.0320546E-2],"split_indices":[0,0,0,15,0,0,2,0,0],"split_type":[0,0,0,0,0,0,0,0,0],"sum_hessian":[5.883188E0,4.7239094E0,1.1592785E0,3.452588E0,1.2713213E0,1.3608713E0,2.0917165E0,1.0835844E0,1.0081321E0],"tree_param":{"num_deleted":"0","num_feature":"20","num_nodes":"9","size_leaf_vector":"0"}},{"base_weights":[3.2354763E-3,1.4239977E-1,-5.564798E-2,1.1695865E-1,-1.2909795E-1,2.8195323E-2,-2.8261712E-1,1.3694873E-1,-9.5378466E-2],"categories":[],"categories_nodes":[],"categories_segments":[],"categories_sizes":[],"default_left":[1,0,1,0,1,1,0,0,0],"id":52,"left_children":[1,-1,3,-1,5,7,-1,-1,-1],"loss_changes":[6.34453E-2,0E0,8.4574E-2,0E0,1.1227348E-1,5.3954422E-2,0E0,0E0,0E0],"parents":[2147483647,0,0,2,2,4,4,5,5],"right_children":[2,-1,4,-1,6,8,-1,-1,-1],"split_conditions":[1.065E2,4.2719934E-2,4.6875E-1,3.5087597E-2,5.3125E-1,5.525E1,-8.478514E-2,4.108462E-2,-2.8613541E-2],"split_indices":[8,0,0,0,4,15,0,0,0],"split_type":[0,0,0,0,0,0,0,0,0],"sum_hessian":[5.775424E0,1.2954482E0,4.4799757E0,1.1604869E0,3.319489E0,2.0428045E0,1.2766845E0,1.0289891E0,1.0138154E0],"tree_param":{"num_deleted":"0","num_feature":"20","num_nodes":"9","size_leaf_vector":"0"}},{"base_weights":[3.1751213E-3,1.0375985E-1,-7.246149E-2,-7.855933E-2,2.354276E-1,-2.668726E-1,8.335286E-2,1.9635029E-1,-8.202171E-2],"categories":[],"categories_nodes":[],"categories_segments":[],"categories_sizes":[],"default_left":[1,1,1,0,0,0,1,0,0],"id":53,"left_children":[1,3,5,-1,-1,-1,7,-1,-1],"loss_changes":[5.8629658E-2,9.7586766E-2,1.5623969E-1,0E0,0E0,0E0,7.622948E-2,0E0,0E0],"parents":[2147483647,0,0,1,1,2,2,6,6],"right_children":[2,4,6,-1,-1,-1,8,-1,-1],"split_conditions":[4.425E1,5.125E1,4.575E1,-2.3567801E-2,7.0628285E-2,-8.0061786E-2,5.075E1,5.890509E-2,-2.4606515E-2],"split_indices":[16,18,16,0,0,0,16,0,0],"split_type":[0,0,0,0,0,0,0,0,0],"sum_hessian":[5.718168E0,2.2947257E0,3.4234421E0,1.1314158E0,1.1633097E0,1.2059749E0,2.217467E0,1.206073E0,1.0113941E0],"tree_param":{"num_deleted":"0","num_feature":"20","num_nodes":"9","size_leaf_vector":"0"}},{"base_weights":[2.7192163E-3,1.3460192E-1,-5.7633664E-2,-1.949523E-1,5.072204E-2,2.134816E-1,-9.097536E-2],"categories":[],"categories_nodes":[],"categories_segments":[],"categories_sizes":[],"default_left":[1,0,1,0,1,0,0],"id":54,"left_children":[1,-1,3,-1,5,-1,-1],"loss_changes":[6.06431E-2,0E0,8.8131145E-2,0E0,1.0550881E-1,0E0,0E0],"parents":[2147483647,0,0,2,2,4,4],"right_children":[2,-1,4,-1,6,-1,-1],"split_conditions":[5.275E1,4.038058E-2,5.5114586E1,-5.848569E-2,1.075E2,6.404448E-2,-2.729261E-2],"split_indices":[2,0,2,0,8,0,0],"split_type":[0,0,0,0,0,0,0],"sum_hessian":[5.644324E0,1.3858109E0,4.258513E0,1.5257497E0,2.732763E0,1.0360781E0,1.696685E0],"tree_param":{"num_deleted":"0","num_feature":"20","num_nodes":"7","size_leaf_vector":"0"}},{"base_weights":[4.971166E-3,-6.341803E-2,1.0557346E-1,8.245325E-2,-1.5917195E-1,1.2754253E-1,3.1901993E-2,6.5125324E-2,-3.0389422E-1],"categories":[],"categories_nodes":[],"categories_segments":[],"categories_sizes":[],"default_left":[1,1,1,0,1,0,0,0,0],"id":55,"left_children":[1,3,5,-1,7,-1,-1,-1,-1],"loss_changes":[5.204673E-2,7.666096E-2,8.55986E-4,0E0,1.2001089E-1,0E0,0E0,0E0,0E0],"parents":[2147483647,0,0,1,1,2,2,4,4],"right_children":[2,4,6,-1,8,-1,-1,-1,-1],"split_conditions":[7.95E1,1.15E1,4.6989586E1,2.4735976E-2,5.6239586E1,3.826276E-2,9.570599E-3,1.9537598E-2,-9.116827E-2],"split_indices":[6,11,3,0,2,0,0,0,0],"split_type":[0,0,0,0,0,0,0,0,0],"sum_hessian":[5.5916777E0,3.548817E0,2.0428607E0,1.4614114E0,2.0874057E0,1.0103405E0,1.0325203E0,1.0343382E0,1.0530674E0],"tree_param":{"num_deleted":"0","num_feature":"20","num_nodes":"9","size_leaf_vector":"0"}},{"base_weights":[3.5632506E-3,1.3495678E-1,-4.7892388E-2,-2.4311209E-1,6.2147964E-2,-1.2943222E-1,2.024859E-1],"categories":[],"categories_nodes":[],"categories_segments":[],"categories_sizes":[],"default_left":[1,0,1,0,1,0,0],"id":56,"left_children":[1,-1,3,-1,5,-1,-1],"loss_changes":[5.0648905E-2,0E0,1.3184999E-1,0E0,1.4105928E-1,0E0,0E0],"parents":[2147483647,0,0,2,2,4,4],"right_children":[2,-1,4,-1,6,-1,-1],"split_conditions":[5.353125E1,4.0487036E-2,5.4302082E1,-7.293363E-2,5.378125E1,-3.8829666E-2,6.0745772E-2],"split_indices":[1,0,1,0,2,0,0],"split_type":[0,0,0,0,0,0,0],"sum_hessian":[5.53541E0,1.1010545E0,4.4343553E0,1.1625705E0,3.271785E0,1.4161965E0,1.8555886E0],"tree_param":{"num_deleted":"0","num_feature":"20","num_nodes":"7","size_leaf_vector":"0"}},{"base_weights":[1.1292145E-3,1.2057049E-1,-5.4174766E-2,-1.3331841E-1,1.01408124E-1,-4.377594E-3,-1.8577985E-1],"categories":[],"categories_nodes":[],"categories_segments":[],"categories_sizes":[],"default_left":[1,0,1,1,0,0,0],"id":57,"left_children":[1,-1,3,5,-1,-1,-1],"loss_changes":[4.9295545E-2,0E0,7.650231E-2,2.504284E-2,0E0,0E0,0E0],"parents":[2147483647,0,0,2,2,3,3],"right_children":[2,-1,4,6,-1,-1,-1],"split_conditions":[5.275E1,3.617115E-2,5.725E1,4.5520836E1,3.0422438E-2,-1.3132783E-3,-5.573396E-2],"split_indices":[2,0,15,3,0,0,0],"split_type":[0,0,0,0,0,0,0],"sum_hessian":[5.4738717E0,1.3588946E0,4.1149774E0,2.8223674E0,1.2926097E0,1.129559E0,1.6928085E0],"tree_param":{"num_deleted":"0","num_feature":"20","num_nodes":"7","size_leaf_vector":"0"}},{"base_weights":[2.3564468E-3,-6.764113E-2,1.0655672E-1,-1.5201183E-1,8.102312E-2,-2.761487E-1,3.2340486E-2],"categories":[],"categories_nodes":[],"categories_segments":[],"categories_sizes":[],"default_left":[1,1,0,1,0,0,0],"id":58,"left_children":[1,3,-1,5,-1,-1,-1],"loss_changes":[5.4219108E-2,6.8347864E-2,0E0,8.210566E-2,0E0,0E0,0E0],"parents":[2147483647,0,0,1,1,3,3],"right_children":[2,4,-1,6,-1,-1,-1],"split_conditions":[7.95E1,5.104166E-1,3.1967018E-2,4.4114582E1,2.4306936E-2,-8.2844615E-2,9.702146E-3],"split_indices":[6,0,0,3,0,0,0],"split_type":[0,0,0,0,0,0,0],"sum_hessian":[5.4454336E0,3.4671772E0,1.9782565E0,2.1975148E0,1.2696625E0,1.0156612E0,1.1818535E0],"tree_param":{"num_deleted":"0","num_feature":"20","num_nodes":"7","size_leaf_vector":"0"}},{"base_weights":[-9.827213E-4,5.027226E-2,-1.31376E-1,-6.0081527E-2,2.4155618E-1,1.22170225E-1,-1.8022081E-1],"categories":[],"categories_nodes":[],"categories_segments":[],"categories_sizes":[],"default_left":[1,1,0,1,0,0,0],"id":59,"left_children":[1,3,-1,5,-1,-1,-1],"loss_changes":[4.9405176E-2,1.268194E-1,0E0,1.1342537E-1,0E0,0E0,0E0],"parents":[2147483647,0,0,1,1,3,3],"right_children":[2,4,-1,6,-1,-1,-1],"split_conditions":[5.729166E-1,5.104166E-1,-3.94128E-2,5.475E1,7.246686E-2,3.6651067E-2,-5.4066245E-2],"split_indices":[0,0,0,15,0,0,0],"split_type":[0,0,0,0,0,0,0],"sum_hessian":[5.4041076E0,4.320329E0,1.0837781E0,3.1747088E0,1.1456203E0,1.2545886E0,1.9201204E0],"tree_param":{"num_deleted":"0","num_feature":"20","num_nodes":"7","size_leaf_vector":"0"}},{"base_weights":[2.0614273E-3,9.705554E-2,-6.949814E-2,-5.6311946E-2,2.0473075E-1,-2.3469348E-1,6.8537906E-2,-3.666413E-2,1.397099E-1],"categories":[],"categories_nodes":[],"categories_segments":[],"categories_sizes":[],"default_left":[1,1,1,0,0,0,1,0,0],"id":60,"left_children":[1,3,5,-1,-1,-1,7,-1,-1],"loss_changes":[4.991421E-2,6.347741E-2,1.11965805E-1,0E0,0E0,0E0,2.806871E-2,0E0,0E0],"parents":[2147483647,0,0,1,1,2,2,6,6],"right_children":[2,4,6,-1,-1,-1,8,-1,-1],"split_conditions":[4.425E1,5.3229164E1,4.575E1,-1.6893584E-2,6.1419226E-2,-7.0408046E-2,5.475E1,-1.0999239E-2,4.1912973E-2],"split_indices":[16,2,16,0,0,0,15,0,0],"split_type":[0,0,0,0,0,0,0,0,0],"sum_hessian":[5.3505E0,2.1457555E0,3.2047446E0,1.0818459E0,1.0639096E0,1.1400957E0,2.0646489E0,1.0287968E0,1.035852E0],"tree_param":{"num_deleted":"0","num_feature":"20","num_nodes":"9","size_leaf_vector":"0"}},{"base_weights":[2.389987E-3,1.313062E-1,-5.7873268E-2,-1.2799849E-1,8.606552E-2,-7.0594023E-3,-1.7635772E-1],"categories":[],"categories_nodes":[],"categories_segments":[],"categories_sizes":[],"default_left":[1,0,1,1,0,0,0],"id":61,"left_children":[1,-1,3,5,-1,-1,-1],"loss_changes":[5.6551993E-2,0E0,6.1363615E-2,2.07222E-2,0E0,0E0,0E0],"parents":[2147483647,0,0,2,2,3,3],"right_children":[2,-1,4,6,-1,-1,-1],"split_conditions":[5.275E1,3.939186E-2,5.725E1,8.65E1,2.5819657E-2,-2.1178208E-3,-5.2907318E-2],"split_indices":[2,0,15,5,0,0,0],"split_type":[0,0,0,0,0,0,0],"sum_hessian":[5.3011246E0,1.313145E0,3.9879797E0,2.7560227E0,1.2319568E0,1.1145873E0,1.6414354E0],"tree_param":{"num_deleted":"0","num_feature":"20","num_nodes":"7","size_leaf_vector":"0"}},{"base_weights":[3.372648E-3,5.211042E-2,-1.260015E-1,1.5323241E-1,-8.543746E-2,2.4063256E-1,-1.4452136E-2],"categories":[],"categories_nodes":[],"categories_segments":[],"categories_sizes":[],"default_left":[1,1,0,1,0,0,0],"id":62,"left_children":[1,3,-1,5,-1,-1,-1],"loss_changes":[4.6113428E-2,8.629792E-2,0E0,5.317785E-2,0E0,0E0,0E0],"parents":[2147483647,0,0,1,1,3,3],"right_children":[2,4,-1,6,-1,-1,-1],"split_conditions":[5.7822914E1,5.725E1,-3.7800454E-2,5.525E1,-2.563124E-2,7.218977E-2,-4.335641E-3],"split_indices":[1,18,0,15,0,0,0],"split_type":[0,0,0,0,0,0,0],"sum_hessian":[5.271987E0,4.2631764E0,1.0088103E0,2.3911955E0,1.8719809E0,1.2859203E0,1.1052754E0],"tree_param":{"num_deleted":"0","num_feature":"20","num_nodes":"7","size_leaf_vector":"0"}},{"base_weights":[3.336415E-3,1.24271534E-1,-4.816421E-2,-1.6090937E-1,5.709839E-2,3.2269976E-1,-2.0244002E-1],"categories":[],"categories_nodes":[],"categories_segments":[],"categories_sizes":[],"default_left":[1,0,1,0,1,0,0],"id":63,"left_children":[1,-1,3,-1,5,-1,-1],"loss_changes":[4.4819985E-2,0E0,6.96386E-2,0E0,2.9779541E-1,0E0,0E0],"parents":[2147483647,0,0,2,2,4,4],"right_children":[2,-1,4,-1,6,-1,-1],"split_conditions":[1.065E2,3.728146E-2,1.075E2,-4.8272815E-2,5.7385418E1,9.680993E-2,-6.073201E-2],"split_indices":[8,0,8,0,2,0,0],"split_type":[0,0,0,0,0,0,0],"sum_hessian":[5.235242E0,1.1415691E0,4.0936728E0,1.7213327E0,2.37234E0,1.0521998E0,1.3201401E0],"tree_param":{"num_deleted":"0","num_feature":"20","num_nodes":"7","size_leaf_vector":"0"}},{"base_weights":[6.92547E-3,-4.912122E-2,1.300668E-1,1.1126347E-1,-1.4523128E-1,2.6244715E-2,-2.2944258E-1],"categories":[],"categories_nodes":[],"categories_segments":[],"categories_sizes":[],"default_left":[1,1,0,0,1,0,0],"id":64,"left_children":[1,3,-1,-1,5,-1,-1],"loss_changes":[4.888237E-2,9.256979E-2,0E0,0E0,5.7044715E-2,0E0,0E0],"parents":[2147483647,0,0,1,1,4,4],"right_children":[2,4,-1,-1,6,-1,-1],"split_conditions":[5.8229168E1,2.35E1,3.902004E-2,3.337904E-2,5.5614582E1,7.873415E-3,-6.883278E-2],"split_indices":[2,10,0,0,1,0,0],"split_type":[0,0,0,0,0,0,0],"sum_hessian":[5.156969E0,3.9570508E0,1.199918E0,1.4236509E0,2.5334E0,1.0610912E0,1.4723088E0],"tree_param":{"num_deleted":"0","num_feature":"20","num_nodes":"7","size_leaf_vector":"0"}},{"base_weights":[6.787919E-3,-5.515215E-2,9.638682E-2,7.21809E-2,-1.3767269E-1],"categories":[],"categories_nodes":[],"categories_segments":[],"categories_sizes":[],"default_left":[1,1,0,0,0],"id":65,"left_children":[1,3,-1,-1,-1],"loss_changes":[3.9244425E-2,5.460218E-2,0E0,0E0,0E0],"parents":[2147483647,0,0,1,1],"right_children":[2,4,-1,-1,-1],"split_conditions":[7.95E1,1.15E1,2.8916048E-2,2.165427E-2,-4.130181E-2],"split_indices":[6,11,0,0,0],"split_type":[0,0,0,0,0],"sum_hessian":[5.113502E0,3.250721E0,1.8627812E0,1.327549E0,1.9231721E0],"tree_param":{"num_deleted":"0","num_feature":"20","num_nodes":"5","size_leaf_vector":"0"}},{"base_weights":[6.3438537E-3,5.274113E-2,-1.1206538E-1,-5.348666E-2,2.362019E-1,1.0459102E-1,-1.7225312E-1],"categories":[],"categories_nodes":[],"categories_segments":[],"categories_sizes":[],"default_left":[1,1,0,1,0,0,0],"id":66,"left_children":[1,3,-1,5,-1,-1,-1],"loss_changes":[3.9355762E-2,1.11126795E-1,0E0,9.341387E-2,0E0,0E0,0E0],"parents":[2147483647,0,0,1,1,3,3],"right_children":[2,4,-1,6,-1,-1,-1],"split_conditions":[5.729166E-1,5.104166E-1,-3.3619616E-2,4.6875E-1,7.086057E-2,3.1377308E-2,-5.1675938E-2],"split_indices":[0,0,0,0,0,0,0],"split_type":[0,0,0,0,0,0,0],"sum_hessian":[5.0877542E0,4.0538764E0,1.0338781E0,3.0160024E0,1.037874E0,1.3450722E0,1.6709303E0],"tree_param":{"num_deleted":"0","num_feature":"20","num_nodes":"7","size_leaf_vector":"0"}},{"base_weights":[7.534059E-3,9.513251E-2,-6.0401082E-2,-6.262256E-2,2.072394E-1,-2.1224101E-1,6.632693E-2],"categories":[],"categories_nodes":[],"categories_segments":[],"categories_sizes":[],"default_left":[1,1,1,0,0,0,0],"id":67,"left_children":[1,3,5,-1,-1,-1,-1],"loss_changes":[4.1688517E-2,6.650139E-2,9.130259E-2,0E0,0E0,0E0,0E0],"parents":[2147483647,0,0,1,1,2,2],"right_children":[2,4,6,-1,-1,-1,-1],"split_conditions":[4.425E1,5.3229164E1,4.575E1,-1.878677E-2,6.2171824E-2,-6.3672304E-2,1.989808E-2],"split_indices":[16,2,16,0,0,0,0],"split_type":[0,0,0,0,0,0,0],"sum_hessian":[5.039713E0,2.0264194E0,3.0132937E0,1.0251905E0,1.0012288E0,1.0638545E0,1.9494394E0],"tree_param":{"num_deleted":"0","num_feature":"20","num_nodes":"7","size_leaf_vector":"0"}},{"base_weights":[5.358742E-3,1.2481104E-1,-5.14462E-2,-1.8418412E-1,5.7460528E-2,1.349667E-1,-4.5934122E-2],"categories":[],"categories_nodes":[],"categories_segments":[],"categories_sizes":[],"default_left":[1,0,1,0,1,0,0],"id":68,"left_children":[1,-1,3,-1,5,-1,-1],"loss_changes":[4.7115352E-2,0E0,7.957565E-2,0E0,3.331662E-2,0E0,0E0],"parents":[2147483647,0,0,2,2,4,4],"right_children":[2,-1,4,-1,6,-1,-1],"split_conditions":[5.275E1,3.7443314E-2,5.5114586E1,-5.5255238E-2,4.703125E1,4.0490013E-2,-1.3780237E-2],"split_indices":[2,0,2,0,3,0,0],"split_type":[0,0,0,0,0,0,0],"sum_hessian":[4.9972606E0,1.2247044E0,3.7725563E0,1.3887308E0,2.3838255E0,1.187959E0,1.1958666E0],"tree_param":{"num_deleted":"0","num_feature":"20","num_nodes":"7","size_leaf_vector":"0"}},{"base_weights":[5.3523364E-3,1.18564606E-1,-4.3985695E-2,-1.3123243E-1,9.603946E-2,4.3854427E-2,-2.4255612E-1],"categories":[],"categories_nodes":[],"categories_segments":[],"categories_sizes":[],"default_left":[1,0,1,1,0,0,0],"id":69,"left_children":[1,-1,3,5,-1,-1,-1],"loss_changes":[3.852693E-2,0E0,7.225828E-2,7.751338E-2,0E0,0E0,0E0],"parents":[2147483647,0,0,2,2,3,3],"right_children":[2,-1,4,6,-1,-1,-1],"split_conditions":[1.065E2,3.5569385E-2,5.5666664E1,5.375E1,2.8811838E-2,1.3156328E-2,-7.276684E-2],"split_indices":[8,0,1,15,0,0,0],"split_type":[0,0,0,0,0,0,0],"sum_hessian":[4.963794E0,1.0807563E0,3.8830378E0,2.4310782E0,1.4519597E0,1.180494E0,1.2505842E0],"tree_param":{"num_deleted":"0","num_feature":"20","num_nodes":"7","size_leaf_vector":"0"}},{"base_weights":[4.5748185E-3,-5.9209943E-2,9.9147454E-2,8.337115E-2,-1.3618895E-1],"categories":[],"categories_nodes":[],"categories_segments":[],"categories_sizes":[],"default_left":[1,1,0,0,0],"id":70,"left_children":[1,3,-1,-1,-1],"loss_changes":[4.1609395E-2,5.7060838E-2,0E0,0E0,0E0],"parents":[2147483647,0,0,1,1],"right_children":[2,4,-1,-1,-1],"split_conditions":[7.95E1,4.275E1,2.9744238E-2,2.5011346E-2,-4.085669E-2],"split_indices":[6,16,0,0,0],"split_type":[0,0,0,0,0],"sum_hessian":[4.924593E0,3.164326E0,1.7602671E0,1.0803171E0,2.0840087E0],"tree_param":{"num_deleted":"0","num_feature":"20","num_nodes":"5","size_leaf_vector":"0"}},{"base_weights":[5.626995E-3,1.09659344E-1,-4.372559E-2,-1.153283E-1,9.9240586E-2,-7.1831426E-4,-1.785024E-1],"categories":[],"categories_nodes":[],"categories_segments":[],"categories_sizes":[],"default_left":[1,0,1,1,0,0,0],"id":71,"left_children":[1,-1,3,5,-1,-1,-1],"loss_changes":[3.5096962E-2,0E0,5.9740983E-2,2.598064E-2,0E0,0E0,0E0],"parents":[2147483647,0,0,2,2,3,3],"right_children":[2,-1,4,6,-1,-1,-1],"split_conditions":[5.275E1,3.2897804E-2,5.8229168E1,5.5322918E1,2.9772177E-2,-2.1549429E-4,-5.355072E-2],"split_indices":[2,0,2,1,0,0,0],"split_type":[0,0,0,0,0,0,0],"sum_hessian":[4.901923E0,1.1840525E0,3.7178707E0,2.6060052E0,1.1118654E0,1.2854044E0,1.3206007E0],"tree_param":{"num_deleted":"0","num_feature":"20","num_nodes":"7","size_leaf_vector":"0"}},{"base_weights":[5.512627E-3,-7.31686E-2,6.5532975E-2,-1.21348195E-1,1.7671202E-1],"categories":[],"categories_nodes":[],"categories_segments":[],"categories_sizes":[],"default_left":[1,0,1,0,0],"id":72,"left_children":[1,-1,3,-1,-1],"loss_changes":[3.2542378E-2,0E0,1.0165606E-1,0E0,0E0],"parents":[2147483647,0,0,2,2],"right_children":[2,-1,4,-1,-1],"split_conditions":[5.4302082E1,-2.195058E-2,4.6875E-1,-3.640446E-2,5.3013608E-2],"split_indices":[1,0,4,0,0],"split_type":[0,0,0,0,0],"sum_hessian":[4.875611E0,2.0150285E0,2.8605826E0,1.0329044E0,1.8276782E0],"tree_param":{"num_deleted":"0","num_feature":"20","num_nodes":"5","size_leaf_vector":"0"}},{"base_weights":[3.1223027E-3,-4.9748905E-2,9.466978E-2,-1.6863224E-1,1.17044054E-1],"categories":[],"categories_nodes":[],"categories_segments":[],"categories_sizes":[],"default_left":[1,1,0,0,0],"id":73,"left_children":[1,3,-1,-1,-1],"loss_changes":[3.3009563E-2,1.0622771E-1,0E0,0E0,0E0],"parents":[2147483647,0,0,1,1],"right_children":[2,4,-1,-1,-1],"split_conditions":[4.725E1,3.5E0,2.8400935E-2,-5.0589673E-2,3.511322E-2],"split_indices":[16,13,0,0,0],"split_type":[0,0,0,0,0],"sum_hessian":[4.846802E0,3.3618305E0,1.4849721E0,1.9563764E0,1.4054539E0],"tree_param":{"num_deleted":"0","num_feature":"20","num_nodes":"5","size_leaf_vector":"0"}},{"base_weights":[4.4881864E-3,1.096506E-1,-4.1567273E-2,-1.307603E-1,6.5767825E-2],"categories":[],"categories_nodes":[],"categories_segments":[],"categories_sizes":[],"default_left":[1,0,1,0,0],"id":74,"left_children":[1,-1,3,-1,-1],"loss_changes":[3.2762498E-2,0E0,5.431291E-2,0E0,0E0],"parents":[2147483647,0,0,2,2],"right_children":[2,-1,4,-1,-1],"split_conditions":[1.065E2,3.289518E-2,4.509375E1,-3.922809E-2,1.9730348E-2],"split_indices":[8,0,3,0,0],"split_type":[0,0,0,0,0],"sum_hessian":[4.823427E0,1.0484873E0,3.7749398E0,1.9425125E0,1.8324273E0],"tree_param":{"num_deleted":"0","num_feature":"20","num_nodes":"5","size_leaf_vector":"0"}},{"base_weights":[5.512784E-3,9.63632E-2,-6.404151E-2,-1.7867836E-1,5.9767753E-2],"categories":[],"categories_nodes":[],"categories_segments":[],"categories_sizes":[],"default_left":[1,0,1,0,0],"id":75,"left_children":[1,-1,3,-1,-1],"loss_changes":[4.2849414E-2,0E0,6.5865636E-2,0E0,0E0],"parents":[2147483647,0,0,2,2],"right_children":[2,-1,4,-1,-1],"split_conditions":[4.425E1,2.8908962E-2,4.675E1,-5.360351E-2,1.7930327E-2],"split_indices":[16,0,16,0,0],"split_type":[0,0,0,0,0],"sum_hessian":[4.8043923E0,1.9161358E0,2.8882563E0,1.2695689E0,1.6186874E0],"tree_param":{"num_deleted":"0","num_feature":"20","num_nodes":"5","size_leaf_vector":"0"}},{"base_weights":[2.7304199E-3,9.9792525E-2,-4.2752158E-2,-1.0923218E-1,8.812695E-2,1.1897398E-2,-1.6897732E-1],"categories":[],"categories_nodes":[],"categories_segments":[],"categories_sizes":[],"default_left":[1,0,1,1,0,0,0],"id":76,"left_children":[1,-1,3,5,-1,-1,-1],"loss_changes":[2.977401E-2,0E0,4.9949873E-2,2.7483359E-2,0E0,0E0,0E0],"parents":[2147483647,0,0,2,2,3,3],"right_children":[2,-1,4,6,-1,-1,-1],"split_conditions":[5.275E1,2.9937759E-2,5.725E1,2.35E1,2.6438085E-2,3.5692195E-3,-5.06932E-2],"split_indices":[2,0,15,10,0,0,0],"split_type":[0,0,0,0,0,0,0],"sum_hessian":[4.7779784E0,1.1435349E0,3.6344435E0,2.5198715E0,1.1145719E0,1.0968797E0,1.4229918E0],"tree_param":{"num_deleted":"0","num_feature":"20","num_nodes":"7","size_leaf_vector":"0"}},{"base_weights":[3.5648544E-3,4.9711548E-2,-1.0506128E-1,-4.8147786E-2,1.3776138E-1],"categories":[],"categories_nodes":[],"categories_segments":[],"categories_sizes":[],"default_left":[1,1,0,0,0],"id":77,"left_children":[1,3,-1,-1,-1],"loss_changes":[3.4079816E-2,4.7295358E-2,0E0,0E0,0E0],"parents":[2147483647,0,0,1,1],"right_children":[2,4,-1,-1,-1],"split_conditions":[5.975E1,5.4302082E1,-3.1518385E-2,-1.4444336E-2,4.1328415E-2],"split_indices":[15,1,0,0,0],"split_type":[0,0,0,0,0],"sum_hessian":[4.756747E0,3.7191386E0,1.0376084E0,1.9760811E0,1.7430576E0],"tree_param":{"num_deleted":"0","num_feature":"20","num_nodes":"5","size_leaf_vector":"0"}},{"base_weights":[1.7801054E-3,-5.697724E-2,9.061684E-2,6.768253E-2,-1.3533702E-1],"categories":[],"categories_nodes":[],"categories_segments":[],"categories_sizes":[],"default_left":[1,1,0,0,0],"id":78,"left_children":[1,3,-1,-1,-1],"loss_changes":[3.5114888E-2,4.889468E-2,0E0,0E0,0E0],"parents":[2147483647,0,0,1,1],"right_children":[2,4,-1,-1,-1],"split_conditions":[7.95E1,1.15E1,2.7185053E-2,2.0304758E-2,-4.060111E-2],"split_indices":[6,11,0,0,0],"split_type":[0,0,0,0,0],"sum_hessian":[4.7380996E0,3.0677164E0,1.6703831E0,1.2366438E0,1.8310726E0],"tree_param":{"num_deleted":"0","num_feature":"20","num_nodes":"5","size_leaf_vector":"0"}},{"base_weights":[2.493264E-3,-4.4898406E-2,8.9598425E-2,9.102631E-2,-1.2678228E-1,7.6571307E-3,-2.0739926E-1],"categories":[],"categories_nodes":[],"categories_segments":[],"categories_sizes":[],"default_left":[1,1,0,0,1,0,0],"id":79,"left_children":[1,3,-1,-1,5,-1,-1],"loss_changes":[2.762261E-2,6.0163956E-2,0E0,0E0,3.5665344E-2,0E0,0E0],"parents":[2147483647,0,0,1,1,4,4],"right_children":[2,4,-1,-1,6,-1,-1],"split_conditions":[5.3125E-1,4.6875E-1,2.6879529E-2,2.7307896E-2,5.6E1,2.2971393E-3,-6.221978E-2],"split_indices":[0,0,0,0,2,0,0],"split_type":[0,0,0,0,0,0,0],"sum_hessian":[4.7169204E0,3.3686657E0,1.3482547E0,1.2244557E0,2.1442099E0,1.143047E0,1.001163E0],"tree_param":{"num_deleted":"0","num_feature":"20","num_nodes":"7","size_leaf_vector":"0"}},{"base_weights":[7.3858537E-4,-4.224197E-2,9.880649E-2,-1.4409284E-1,1.1896116E-1,2.1626083E-2,-2.2958082E-1],"categories":[],"categories_nodes":[],"categories_segments":[],"categories_sizes":[],"default_left":[1,1,0,1,0,0,0],"id":80,"left_children":[1,3,-1,5,-1,-1,-1],"loss_changes":[2.8151534E-2,9.358209E-2,0E0,5.179126E-2,0E0,0E0,0E0],"parents":[2147483647,0,0,1,1,3,3],"right_children":[2,4,-1,6,-1,-1,-1],"split_conditions":[1.25E1,1.075E2,2.9641949E-2,4.5010414E1,3.568835E-2,6.4878254E-3,-6.887425E-2],"split_indices":[11,8,0,3,0,0,0],"split_type":[0,0,0,0,0,0,0],"sum_hessian":[4.688655E0,3.6557117E0,1.0329432E0,2.3053155E0,1.3503964E0,1.0387398E0,1.2665756E0],"tree_param":{"num_deleted":"0","num_feature":"20","num_nodes":"7","size_leaf_vector":"0"}},{"base_weights":[1.0328754E-3,1.1021999E-1,-4.619154E-2,-1.320093E-1,6.0496286E-2],"categories":[],"categories_nodes":[],"categories_segments":[],"categories_sizes":[],"default_left":[1,0,1,0,0],"id":81,"left_children":[1,-1,3,-1,-1],"loss_changes":[3.4239948E-2,0E0,5.056859E-2,0E0,0E0],"parents":[2147483647,0,0,2,2],"right_children":[2,-1,4,-1,-1],"split_conditions":[1.065E2,3.3066E-2,4.509375E1,-3.960279E-2,1.8148886E-2],"split_indices":[8,0,3,0,0],"split_type":[0,0,0,0,0],"sum_hessian":[4.653033E0,1.0021075E0,3.6509252E0,1.8918298E0,1.7590953E0],"tree_param":{"num_deleted":"0","num_feature":"20","num_nodes":"5","size_leaf_vector":"0"}},{"base_weights":[2.8342872E-3,8.0482654E-2,-5.6141086E-2,4.337732E-2,-1.5543374E-1],"categories":[],"categories_nodes":[],"categories_segments":[],"categories_sizes":[],"default_left":[1,0,1,0,0],"id":82,"left_children":[1,-1,3,-1,-1],"loss_changes":[3.0327026E-2,0E0,4.421439E-2,0E0,0E0],"parents":[2147483647,0,0,2,2],"right_children":[2,-1,4,-1,-1],"split_conditions":[4.425E1,2.4144797E-2,5.925E1,1.3013197E-2,-4.6630125E-2],"split_indices":[16,0,18,0,0],"split_type":[0,0,0,0,0],"sum_hessian":[4.6358852E0,1.843719E0,2.7921662E0,1.6757464E0,1.1164197E0],"tree_param":{"num_deleted":"0","num_feature":"20","num_nodes":"5","size_leaf_vector":"0"}},{"base_weights":[3.2275904E-4,-5.6829438E-2,7.428591E-2,8.941116E-2,-1.4874879E-1],"categories":[],"categories_nodes":[],"categories_segments":[],"categories_sizes":[],"default_left":[1,1,0,0,0],"id":83,"left_children":[1,3,-1,-1,-1],"loss_changes":[2.7968505E-2,6.351438E-2,0E0,0E0,0E0],"parents":[2147483647,0,0,1,1],"right_children":[2,4,-1,-1,-1],"split_conditions":[5.104166E-1,5.475E1,2.2285774E-2,2.682335E-2,-4.4624638E-2],"split_indices":[0,15,0,0,0],"split_type":[0,0,0,0,0],"sum_hessian":[4.617696E0,2.7355535E0,1.8821424E0,1.0663358E0,1.6692177E0],"tree_param":{"num_deleted":"0","num_feature":"20","num_nodes":"5","size_leaf_vector":"0"}},{"base_weights":[1.068138E-3,-4.2074025E-2,9.633725E-2,9.943323E-2,-1.279745E-1,2.698426E-3,-2.0986319E-1],"categories":[],"categories_nodes":[],"categories_segments":[],"categories_sizes":[],"default_left":[1,1,0,0,1,0,0],"id":84,"left_children":[1,3,-1,-1,5,-1,-1],"loss_changes":[2.7074454E-2,6.804821E-2,0E0,0E0,3.555029E-2,0E0,0E0],"parents":[2147483647,0,0,1,1,4,4],"right_children":[2,4,-1,-1,6,-1,-1],"split_conditions":[5.8229168E1,2.35E1,2.8901177E-2,2.982997E-2,4.525E1,8.095278E-4,-6.2958956E-2],"split_indices":[2,10,0,0,16,0,0],"split_type":[0,0,0,0,0,0,0],"sum_hessian":[4.6010976E0,3.5512826E0,1.0498147E0,1.2819446E0,2.2693381E0,1.2468073E0,1.0225307E0],"tree_param":{"num_deleted":"0","num_feature":"20","num_nodes":"7","size_leaf_vector":"0"}},{"base_weights":[1.4914943E-4,-5.082813E-2,7.7337034E-2,-1.5058586E-1,4.7703918E-2],"categories":[],"categories_nodes":[],"categories_segments":[],"categories_sizes":[],"default_left":[1,1,0,0,0],"id":85,"left_children":[1,3,-1,-1,-1],"loss_changes":[2.5856236E-2,4.6100277E-2,0E0,0E0,0E0],"parents":[2147483647,0,0,1,1],"right_children":[2,4,-1,-1,-1],"split_conditions":[7.95E1,5.075E1,2.3201112E-2,-4.517576E-2,1.4311176E-2],"split_indices":[6,18,0,0,0],"split_type":[0,0,0,0,0],"sum_hessian":[4.572121E0,2.9592452E0,1.6128762E0,1.2079628E0,1.7512825E0],"tree_param":{"num_deleted":"0","num_feature":"20","num_nodes":"5","size_leaf_vector":"0"}},{"base_weights":[-1.2555456E-3,1.02203235E-1,-4.8644442E-2,-1.5425672E-1,4.3017622E-2,1.200544E-1,-5.3271763E-2],"categories":[],"categories_nodes":[],"categories_segments":[],"categories_sizes":[],"default_left":[1,0,1,0,1,0,0],"id":86,"left_children":[1,-1,3,-1,5,-1,-1],"loss_changes":[3.220977E-2,0E0,5.0081052E-2,0E0,3.001791E-2,0E0,0E0],"parents":[2147483647,0,0,2,2,4,4],"right_children":[2,-1,4,-1,6,-1,-1],"split_conditions":[5.275E1,3.0660972E-2,5.5114586E1,-4.6277016E-2,4.703125E1,3.6016323E-2,-1.5981529E-2],"split_indices":[2,0,2,0,3,0,0],"split_type":[0,0,0,0,0,0,0],"sum_hessian":[4.5556345E0,1.0677801E0,3.4878542E0,1.3033082E0,2.184546E0,1.0764883E0,1.1080577E0],"tree_param":{"num_deleted":"0","num_feature":"20","num_nodes":"7","size_leaf_vector":"0"}},{"base_weights":[-2.3676386E-5,9.750369E-2,-4.8012648E-2,9.140251E-2,-1.7748065E-1],"categories":[],"categories_nodes":[],"categories_segments":[],"categories_sizes":[],"default_left":[1,0,1,0,0],"id":87,"left_children":[1,-1,3,-1,-1],"loss_changes":[3.0573167E-2,0E0,9.524034E-2,0E0,0E0],"parents":[2147483647,0,0,2,2],"right_children":[2,-1,4,-1,-1],"split_conditions":[4.6875E-1,2.9251108E-2,5.725E1,2.7420754E-2,-5.32442E-2],"split_indices":[0,0,18,0,0],"split_type":[0,0,0,0,0],"sum_hessian":[4.5321455E0,1.1543602E0,3.3777852E0,1.767982E0,1.6098031E0],"tree_param":{"num_deleted":"0","num_feature":"20","num_nodes":"5","size_leaf_vector":"0"}},{"base_weights":[6.3923624E-4,-7.440694E-2,4.6900947E-2,-9.945151E-2,2.3417498E-1],"categories":[],"categories_nodes":[],"categories_segments":[],"categories_sizes":[],"default_left":[1,0,1,0,0],"id":88,"left_children":[1,-1,3,-1,-1],"loss_changes":[2.2600196E-2,0E0,1.334339E-1,0E0,0E0],"parents":[2147483647,0,0,2,2],"right_children":[2,-1,4,-1,-1],"split_conditions":[5.3229164E1,-2.2322081E-2,5.575E1,-2.9835455E-2,7.02525E-2],"split_indices":[2,0,15,0,0],"split_type":[0,0,0,0,0],"sum_hessian":[4.504533E0,1.485824E0,3.018709E0,1.9577231E0,1.0609857E0],"tree_param":{"num_deleted":"0","num_feature":"20","num_nodes":"5","size_leaf_vector":"0"}},{"base_weights":[3.9921333E-3,7.320501E-2,-5.7946656E-2,1.8453786E-1,-7.623773E-2,-2.442045E-1,1.3905565E-1],"categories":[],"categories_nodes":[],"categories_segments":[],"categories_sizes":[],"default_left":[1,1,1,0,0,0,0],"id":89,"left_children":[1,3,5,-1,-1,-1,-1],"loss_changes":[2.7715849E-2,6.444496E-2,1.6047037E-1,0E0,0E0,0E0,0E0],"parents":[2147483647,0,0,1,1,2,2],"right_children":[2,4,6,-1,-1,-1,-1],"split_conditions":[5.475E1,5.725E1,5.3229164E1,5.536136E-2,-2.287132E-2,-7.326136E-2,4.17167E-2],"split_indices":[15,18,2,0,0,0,0],"split_type":[0,0,0,0,0,0,0],"sum_hessian":[4.475641E0,2.0278018E0,2.4478393E0,1.0274931E0,1.0003085E0,1.1350718E0,1.3127674E0],"tree_param":{"num_deleted":"0","num_feature":"20","num_nodes":"7","size_leaf_vector":"0"}},{"base_weights":[3.1001866E-3,1.012066E-1,-4.3252166E-2,-1.486182E-1,4.7542684E-2,1.2746179E-1,-6.01985E-2],"categories":[],"categories_nodes":[],"categories_segments":[],"categories_sizes":[],"default_left":[1,0,1,0,1,0,0],"id":90,"left_children":[1,-1,3,-1,5,-1,-1],"loss_changes":[2.905287E-2,0E0,4.9022313E-2,0E0,3.4480933E-2,0E0,0E0],"parents":[2147483647,0,0,2,2,4,4],"right_children":[2,-1,4,-1,6,-1,-1],"split_conditions":[5.275E1,3.0361982E-2,5.5114586E1,-4.4585463E-2,5.5270836E1,3.823854E-2,-1.8059552E-2],"split_indices":[2,0,2,0,1,0,0],"split_type":[0,0,0,0,0,0,0],"sum_hessian":[4.426205E0,1.0405098E0,3.3856952E0,1.2723246E0,2.1133707E0,1.1082603E0,1.0051104E0],"tree_param":{"num_deleted":"0","num_feature":"20","num_nodes":"7","size_leaf_vector":"0"}},{"base_weights":[3.3504555E-3,9.968184E-2,-4.4762526E-2,1.0780608E-1,-1.5412086E-1],"categories":[],"categories_nodes":[],"categories_segments":[],"categories_sizes":[],"default_left":[1,0,1,0,0],"id":91,"left_children":[1,-1,3,-1,-1],"loss_changes":[2.9494658E-2,0E0,8.8227466E-2,0E0,0E0],"parents":[2147483647,0,0,2,2],"right_children":[2,-1,4,-1,-1],"split_conditions":[4.6875E-1,2.9904554E-2,1.15E1,3.2341827E-2,-4.623626E-2],"split_indices":[0,0,11,0,0],"split_type":[0,0,0,0,0],"sum_hessian":[4.401031E0,1.1089243E0,3.2921069E0,1.3804291E0,1.9116777E0],"tree_param":{"num_deleted":"0","num_feature":"20","num_nodes":"5","size_leaf_vector":"0"}},{"base_weights":[5.391118E-3,-5.3985678E-2,7.943883E-2,8.437436E-2,-1.4946698E-1],"categories":[],"categories_nodes":[],"categories_segments":[],"categories_sizes":[],"default_left":[1,1,0,0,0],"id":92,"left_children":[1,3,-1,-1,-1],"loss_changes":[2.7916795E-2,5.9877742E-2,0E0,0E0,0E0],"parents":[2147483647,0,0,1,1],"right_children":[2,4,-1,-1,-1],"split_conditions":[5.104166E-1,4.6875E-1,2.3831649E-2,2.531231E-2,-4.4840094E-2],"split_indices":[0,0,0,0,0],"split_type":[0,0,0,0,0],"sum_hessian":[4.3740644E0,2.5778735E0,1.7961911E0,1.1000863E0,1.4777873E0],"tree_param":{"num_deleted":"0","num_feature":"20","num_nodes":"5","size_leaf_vector":"0"}},{"base_weights":[4.6255635E-3,-5.760144E-2,5.75998E-2,1.6440222E-1,-7.879767E-2],"categories":[],"categories_nodes":[],"categories_segments":[],"categories_sizes":[],"default_left":[1,0,1,0,0],"id":93,"left_children":[1,-1,3,-1,-1],"loss_changes":[2.0975523E-2,0E0,6.2388577E-2,0E0,0E0],"parents":[2147483647,0,0,2,2],"right_children":[2,-1,4,-1,-1],"split_conditions":[4.895833E-1,-1.7280433E-2,5.725E1,4.9320668E-2,-2.36393E-2],"split_indices":[0,0,18,0,0],"split_type":[0,0,0,0,0],"sum_hessian":[4.3566127E0,1.9631824E0,2.3934305E0,1.2271926E0,1.1662377E0],"tree_param":{"num_deleted":"0","num_feature":"20","num_nodes":"5","size_leaf_vector":"0"}},{"base_weights":[4.946513E-3,6.68081E-2,-5.016684E-2,-2.275603E-1,1.36352E-1],"categories":[],"categories_nodes":[],"categories_segments":[],"categories_sizes":[],"default_left":[1,0,1,0,0],"id":94,"left_children":[1,-1,3,-1,-1],"loss_changes":[2.1541823E-2,0E0,1.432831E-1,0E0,0E0],"parents":[2147483647,0,0,2,2],"right_children":[2,-1,4,-1,-1],"split_conditions":[5.475E1,2.004243E-2,5.3229164E1,-6.826809E-2,4.0905602E-2],"split_indices":[15,0,2,0,0],"split_type":[0,0,0,0,0],"sum_hessian":[4.33533E0,1.9426368E0,2.392693E0,1.1135675E0,1.2791256E0],"tree_param":{"num_deleted":"0","num_feature":"20","num_nodes":"5","size_leaf_vector":"0"}},{"base_weights":[2.1209507E-3,9.80326E-2,-4.323656E-2,-1.3678727E-1,4.0223613E-2,1.0283414E-1,-4.1659225E-2],"categories":[],"categories_nodes":[],"categories_segments":[],"categories_sizes":[],"default_left":[1,0,1,0,1,0,0],"id":95,"left_children":[1,-1,3,-1,5,-1,-1],"loss_changes":[2.7303398E-2,0E0,3.902495E-2,0E0,1.9879011E-2,0E0,0E0],"parents":[2147483647,0,0,2,2,4,4],"right_children":[2,-1,4,-1,6,-1,-1],"split_conditions":[5.275E1,2.9409781E-2,5.5114586E1,-4.103618E-2,4.703125E1,3.0850245E-2,-1.2497768E-2],"split_indices":[2,0,2,0,3,0,0],"split_type":[0,0,0,0,0,0,0],"sum_hessian":[4.3018713E0,1.0083382E0,3.2935333E0,1.251628E0,2.0419054E0,1.0121274E0,1.029778E0],"tree_param":{"num_deleted":"0","num_feature":"20","num_nodes":"7","size_leaf_vector":"0"}},{"base_weights":[2.8095222E-3,9.350318E-2,-4.2485703E-2,8.057692E-2,-1.5441634E-1],"categories":[],"categories_nodes":[],"categories_segments":[],"categories_sizes":[],"default_left":[1,0,1,0,0],"id":96,"left_children":[1,-1,3,-1,-1],"loss_changes":[2.567362E-2,0E0,7.044236E-2,0E0,0E0],"parents":[2147483647,0,0,2,2],"right_children":[2,-1,4,-1,-1],"split_conditions":[4.6875E-1,2.8050954E-2,5.725E1,2.4173077E-2,-4.63249E-2],"split_indices":[0,0,18,0,0],"split_type":[0,0,0,0,0],"sum_hessian":[4.2826505E0,1.0719676E0,3.210683E0,1.662718E0,1.547965E0],"tree_param":{"num_deleted":"0","num_feature":"20","num_nodes":"5","size_leaf_vector":"0"}},{"base_weights":[3.1258643E-3,-6.747305E-2,5.986476E-2,-8.0551855E-2,1.5548916E-1],"categories":[],"categories_nodes":[],"categories_segments":[],"categories_sizes":[],"default_left":[1,0,1,0,0],"id":97,"left_children":[1,-1,3,-1,-1],"loss_changes":[2.5111977E-2,0E0,5.8802124E-2,0E0,0E0],"parents":[2147483647,0,0,2,2],"right_children":[2,-1,4,-1,-1],"split_conditions":[5.4302082E1,-2.0241914E-2,5.378125E1,-2.4165558E-2,4.664675E-2],"split_indices":[1,0,2,0,0],"split_type":[0,0,0,0,0],"sum_hessian":[4.260678E0,1.8141667E0,2.4465113E0,1.0549806E0,1.3915305E0],"tree_param":{"num_deleted":"0","num_feature":"20","num_nodes":"5","size_leaf_vector":"0"}},{"base_weights":[2.7263507E-3,8.424262E-2,-3.795359E-2,9.018665E-2,-1.2862311E-1],"categories":[],"categories_nodes":[],"categories_segments":[],"categories_sizes":[],"default_left":[1,0,1,0,0],"id":98,"left_children":[1,-1,3,-1,-1],"loss_changes":[2.0583881E-2,0E0,6.024698E-2,0E0,0E0],"parents":[2147483647,0,0,2,2],"right_children":[2,-1,4,-1,-1],"split_conditions":[4.6875E-1,2.5272787E-2,1.15E1,2.7055996E-2,-3.8586937E-2],"split_indices":[0,0,11,0,0],"split_type":[0,0,0,0,0],"sum_hessian":[4.2431145E0,1.0560637E0,3.1870508E0,1.3228444E0,1.8642064E0],"tree_param":{"num_deleted":"0","num_feature":"20","num_nodes":"5","size_leaf_vector":"0"}},{"base_weights":[4.5857546E-3,-5.049086E-2,7.3058896E-2,-1.4676146E-1,7.664876E-2],"categories":[],"categories_nodes":[],"categories_segments":[],"categories_sizes":[],"default_left":[1,1,0,0,0],"id":99,"left_children":[1,3,-1,-1,-1],"loss_changes":[2.3388771E-2,5.3921744E-2,0E0,0E0,0E0],"parents":[2147483647,0,0,1,1],"right_children":[2,4,-1,-1,-1],"split_conditions":[5.104166E-1,4.503125E1,2.191767E-2,-4.402844E-2,2.2994628E-2],"split_indices":[0,3,0,0,0],"split_type":[0,0,0,0,0],"sum_hessian":[4.223697E0,2.4863837E0,1.7373135E0,1.3271372E0,1.1592464E0],"tree_param":{"num_deleted":"0","num_feature":"20","num_nodes":"5","size_leaf_vector":"0"}}]},"name":"gbtree"},"learner_model_param":{"base_score":"5E-1","num_class":"0","num_feature":"20","num_target":"1"},"objective":{"name":"binary:logistic","reg_loss_param":{"scale_pos_weight":"1"}}},"version":[1,6,2]}