{"learner":{"attributes":{"best_iteration":"99","best_ntree_limit":"100","scikit_learn":"{\"use_label_encoder\": false, \"n_estimators\": 100, \"objective\": \"binary:logistic\", \"max_depth\": null, \"max_leaves\": null, \"max_bin\": null, \"grow_policy\": null, \"learning_rate\": null, \"verbosity\": null, \"booster\": null, \"tree_method\": null, \"gamma\": null, \"min_child_weight\": null, \"max_delta_step\": null, \"subsample\": null, \"sampling_method\": null, \"colsample_bytree\": null, \"colsample_bylevel\": null, \"colsample_bynode\": null, \"reg_alpha\": null, \"reg_lambda\": null, \"scale_pos_weight\": null, \"base_score\": null, \"missing\": NaN, \"num_parallel_tree\": null, \"random_state\": null, \"n_jobs\": null, \"monotone_constraints\": null, \"interaction_constraints\": null, \"importance_type\": null, \"gpu_id\": null, \"validate_parameters\": null, \"predictor\": null, \"enable_categorical\": false, \"max_cat_to_onehot\": null, \"eval_metric\": null, \"early_stopping_rounds\": null, \"callbacks\": null, \"classes_\": [0, 1], \"n_classes_\": 2, \"_estimator_type\": \"classifier\"}"},"feature_names":["SelectRequests_mean","FirstByteLatency_mean","GetRequests_mean","HeadRequests_mean","TotalRequestLatency_mean","DeleteRequests_mean","PutRequests_mean","PostRequests_mean","4xxErrors_mean","5xxErrors_mean","BucketSizeBytes_mean","AllRequests_mean","NumberOfObjects_mean","AllRequests_max","PutRequests_max","DeleteRequests_max","HeadRequests_max","SelectRequests_max","4xxErrors_max","FirstByteLatency_max","TotalRequestLatency_max","BucketSizeBytes_max","NumberOfObjects_max","GetRequests_max","PostRequests_max","5xxErrors_max","AllRequests_min","PutRequests_min","DeleteRequests_min","HeadRequests_min","SelectRequests_min","4xxErrors_min","FirstByteLatency_min","TotalRequestLatency_min","BucketSizeBytes_min","NumberOfObjects_min","GetRequests_min","PostRequests_min","5xxErrors_min","AllRequests_median","PutRequests_median","DeleteRequests_median","HeadRequests_median","SelectRequests_median","4xxErrors_median","FirstByteLatency_median","TotalRequestLatency_median","BucketSizeBytes_median","NumberOfObjects_median","GetRequests_median","PostRequests_median","5xxErrors_median"],"feature_types":["float","float","float","float","float","float","float","float","float","float","float","float","float","int","int","int","int","int","int","int","int","int","int","float","float","float","int","int","int","int","int","int","int","int","int","int","float","float","float","float","float","float","float","float","float","float","float","float","float","float","float","float"],"gradient_booster":{"model":{"gbtree_model_param":{"num_parallel_tree":"1","num_trees":"100","size_leaf_vector":"0"},"tree_info":[0,0,0,0,0,0,0,0,0,0,0,0,0,0,0,0,0,0,0,0,0,0,0,0,0,0,0,0,0,0,0,0,0,0,0,0,0,0,0,0,0,0,0,0,0,0,0,0,0,0,0,0,0,0,0,0,0,0,0,0,0,0,0,0,0,0,0,0,0,0,0,0,0,0,0,0,0,0,0,0,0,0,0,0,0,0,0,0,0,0,0,0,0,0,0,0,0,0,0,0],"trees":[{"base_weights":[-1.8082192E0,-1.9693487E0,-4E-1,1E0,-9.62963E-1,-1.3043479E0,5E-1,-0E0,-1.5789474E0],"categories":[],"categories_nodes":[],"categories_segments":[],"categories_sizes":[],"default_left":[1,0,1,0,1,1,0,0,0],"id":0,"left_children":[1,-1,3,-1,5,7,-1,-1,-1],"loss_changes":[1.5776367E1,0E0,7.859259E0,0E0,4.02335E0,2.059496E0,0E0,0E0,0E0],"parents":[2147483647,0,0,2,2,4,4,5,5],"right_children":[2,-1,4,-1,6,8,-1,-1,-1],"split_conditions":[7.360857E1,-5.9080464E-1,2.25E1,3E-1,6.81875E1,9.65E1,1.5E-1,-0E0,-4.7368425E-1],"split_indices":[9,0,37,0,3,16,0,0,0],"split_type":[0,0,0,0,0,0,0,0,0],"sum_hessian":[7.2E1,6.425E1,7.75E0,2E0,5.75E0,4.75E0,1E0,1E0,3.75E0],"tree_param":{"num_deleted":"0","num_feature":"52","num_nodes":"9","size_leaf_vector":"0"}},{"base_weights":[-1.395213E0,-1.4629682E0,5.770702E-1,-1.5288825E0,-5.9938526E-1,-1.1524534E0,5.569285E-1],"categories":[],"categories_nodes":[],"categories_segments":[],"categories_sizes":[],"default_left":[1,1,0,0,1,0,0],"id":1,"left_children":[1,3,-1,-1,5,-1,-1],"loss_changes":[9.857941E0,2.8116913E0,0E0,0E0,4.6639624E0,0E0,0E0],"parents":[2147483647,0,0,1,1,4,4],"right_children":[2,4,-1,-1,6,-1,-1],"split_conditions":[1.9138974E2,1.6800725E2,1.7312106E-1,-4.5866477E-1,1.76725E3,-3.4573603E-1,1.6707855E-1],"split_indices":[24,25,0,0,46,0,0],"split_type":[0,0,0,0,0,0,0],"sum_hessian":[6.6451454E1,6.449408E1,1.9573753E0,5.920479E1,5.2892904E0,3.5802064E0,1.709084E0],"tree_param":{"num_deleted":"0","num_feature":"52","num_nodes":"7","size_leaf_vector":"0"}},{"base_weights":[-1.1906588E0,-1.3254161E0,-2.018001E-1,4.3305066E-1,-8.619967E-1,9.9664885E-1,-4.128536E-1,-1.1235226E0,-4.8881967E-2],"categories":[],"categories_nodes":[],"categories_segments":[],"categories_sizes":[],"default_left":[1,0,1,1,1,0,0,0,0],"id":2,"left_children":[1,-1,3,5,7,-1,-1,-1,-1],"loss_changes":[7.395096E0,0E0,3.7581494E0,2.6915925E0,8.5806537E-1,0E0,0E0,0E0,0E0],"parents":[2147483647,0,0,2,2,3,3,4,4],"right_children":[2,-1,4,6,8,-1,-1,-1,-1],"split_conditions":[1.5357742E2,-3.9762485E-1,6.40625E1,3.14E2,6.554167E1,2.9899466E-1,-1.2385608E-1,-3.3705682E-1,-1.466459E-2],"split_indices":[25,0,1,26,1,0,0,0,0],"split_type":[0,0,0,0,0,0,0,0,0],"sum_hessian":[5.650261E1,4.9426617E1,7.075993E0,3.782636E0,3.2933574E0,2.163177E0,1.619459E0,2.2030334E0,1.0903239E0],"tree_param":{"num_deleted":"0","num_feature":"52","num_nodes":"9","size_leaf_vector":"0"}},{"base_weights":[-1.0639026E0,-1.1376361E0,4.7824043E-1,-1.1878371E0,-2.424086E-1,-2.8225023E-1,-1.2028933E0,-8.057216E-1,5.184536E-1,-1.2174976E0,-3.6790702E-1],"categories":[],"categories_nodes":[],"categories_segments":[],"categories_sizes":[],"default_left":[1,1,0,1,1,0,1,0,0,0,0],"id":3,"left_children":[1,3,-1,5,7,-1,9,-1,-1,-1,-1],"loss_changes":[5.9361115E0,1.7592468E0,0E0,2.4509811E-1,1.9929218E0,0E0,6.264877E-2,0E0,0E0,0E0,0E0],"parents":[2147483647,0,0,1,1,3,3,4,4,6,6],"right_children":[2,4,-1,6,8,-1,10,-1,-1,-1,-1],"split_conditions":[1.9138974E2,7.5960175E1,1.4347214E-1,1.05E1,1.7617292E3,-8.467507E-2,6.9625E1,-2.4171649E-1,1.5553609E-1,-3.6524928E-1,-1.1037211E-1],"split_indices":[24,2,0,36,4,0,3,0,0,0,0],"split_type":[0,0,0,0,0,0,0,0,0,0,0],"sum_hessian":[4.6420296E1,4.455244E1,1.8678559E0,4.1877266E1,2.6751738E0,1.0077916E0,4.0869473E1,1.5032597E0,1.1719141E0,3.97167E1,1.1527717E0],"tree_param":{"num_deleted":"0","num_feature":"52","num_nodes":"11","size_leaf_vector":"0"}},{"base_weights":[-9.697978E-1,-1.1328391E0,-9.919523E-2,3.1592923E-1,-8.043571E-1,-2.485671E-1,9.757603E-1,-7.0235187E-1,2.2722729E-1],"categories":[],"categories_nodes":[],"categories_segments":[],"categories_sizes":[],"default_left":[1,0,1,1,0,1,0,0,0],"id":4,"left_children":[1,-1,3,5,-1,7,-1,-1,-1],"loss_changes":[5.3633537E0,0E0,2.3561654E0,2.1935341E0,0E0,9.411566E-1,0E0,0E0,0E0],"parents":[2147483647,0,0,2,2,3,3,5,5],"right_children":[2,-1,4,6,-1,8,-1,-1,-1],"split_conditions":[1.5357742E2,-3.3985174E-1,8.028912E1,7.275E1,-2.4130714E-1,6.8E1,2.927281E-1,-2.1070556E-1,6.8168186E-2],"split_indices":[25,0,9,40,0,0,0,0,0],"split_type":[0,0,0,0,0,0,0,0,0],"sum_hessian":[3.7576653E1,3.139582E1,6.1808343E0,4.2379537E0,1.9428807E0,2.6198852E0,1.6180683E0,1.0972376E0,1.5226476E0],"tree_param":{"num_deleted":"0","num_feature":"52","num_nodes":"9","size_leaf_vector":"0"}},{"base_weights":[-8.9573115E-1,-1.0763601E0,-8.829901E-2,3.7478378E-1,-6.195083E-1,-2.1850248E-1,8.784206E-1,-3.504916E-2,-8.37336E-1],"categories":[],"categories_nodes":[],"categories_segments":[],"categories_sizes":[],"default_left":[1,0,1,1,1,0,0,0,0],"id":5,"left_children":[1,-1,3,5,7,-1,-1,-1,-1],"loss_changes":[4.4412136E0,0E0,1.8988827E0,1.4597096E0,4.2038047E-1,0E0,0E0,0E0,0E0],"parents":[2147483647,0,0,2,2,3,3,4,4],"right_children":[2,-1,4,6,8,-1,-1,-1,-1],"split_conditions":[1.5357742E2,-3.2290804E-1,6.40625E1,6.271875E1,7.560731E1,-6.5550745E-2,2.635262E-1,-1.0514748E-2,-2.5120082E-1],"split_indices":[25,0,1,1,2,0,0,0,0],"split_type":[0,0,0,0,0,0,0,0,0],"sum_hessian":[3.0103132E1,2.4327757E1,5.775376E0,3.2428687E0,2.532507E0,1.7488577E0,1.494011E0,1.0027922E0,1.5297148E0],"tree_param":{"num_deleted":"0","num_feature":"52","num_nodes":"9","size_leaf_vector":"0"}},{"base_weights":[-8.294911E-1,-1.0357214E0,-8.007096E-2,4.093815E-1,-5.9187496E-1,-1.6477609E-1,7.2616905E-1,-7.9234934E-1,-5.815672E-2],"categories":[],"categories_nodes":[],"categories_segments":[],"categories_sizes":[],"default_left":[1,0,1,1,1,0,0,0,0],"id":6,"left_children":[1,-1,3,5,7,-1,-1,-1,-1],"loss_changes":[3.7982292E0,0E0,1.8713313E0,8.3177954E-1,3.3780158E-1,0E0,0E0,0E0,0E0],"parents":[2147483647,0,0,2,2,3,3,4,4],"right_children":[2,-1,4,6,8,-1,-1,-1,-1],"split_conditions":[7.3010605E1,-3.1071645E-1,6.40625E1,6.870833E1,7.04E2,-4.943283E-2,2.1785073E-1,-2.3770481E-1,-1.7447017E-2],"split_indices":[7,0,1,0,33,0,0,0,0],"split_type":[0,0,0,0,0,0,0,0,0],"sum_hessian":[2.4112137E1,1.8609125E1,5.503012E0,2.9152231E0,2.5877888E0,1.2071651E0,1.708058E0,1.5289162E0,1.0588727E0],"tree_param":{"num_deleted":"0","num_feature":"52","num_nodes":"9","size_leaf_vector":"0"}},{"base_weights":[-7.6877326E-1,-9.9640155E-1,-6.0856596E-2,2.69441E-1,-6.135211E-1,-3.6942586E-1,5.846481E-1,7.184253E-2,7.8393984E-1],"categories":[],"categories_nodes":[],"categories_segments":[],"categories_sizes":[],"default_left":[1,0,1,1,0,0,1,0,0],"id":7,"left_children":[1,-1,3,5,-1,-1,7,-1,-1],"loss_changes":[3.2277527E0,0E0,1.2660918E0,1.1159915E0,0E0,0E0,2.891029E-1,0E0,0E0],"parents":[2147483647,0,0,2,2,3,3,6,6],"right_children":[2,-1,4,6,-1,-1,8,-1,-1],"split_conditions":[1.5357742E2,-2.9892048E-1,8.028912E1,4.015E2,-1.8405634E-1,-1.1082777E-1,1.7434583E3,2.155276E-2,2.3518196E-1],"split_indices":[25,0,9,39,0,0,4,0,0],"split_type":[0,0,0,0,0,0,0,0,0],"sum_hessian":[1.9406801E1,1.4376555E1,5.0302467E0,3.4693022E0,1.5609446E0,1.0893598E0,2.3799424E0,1.0468193E0,1.3331231E0],"tree_param":{"num_deleted":"0","num_feature":"52","num_nodes":"9","size_leaf_vector":"0"}},{"base_weights":[-7.0812756E-1,-9.6192163E-1,-4.5024756E-2,5.336017E-1,-3.748116E-1,1.8223841E-1,-7.630294E-1],"categories":[],"categories_nodes":[],"categories_segments":[],"categories_sizes":[],"default_left":[1,0,1,0,1,0,0],"id":8,"left_children":[1,-1,3,-1,5,-1,-1],"loss_changes":[2.7701683E0,0E0,1.2832208E0,0E0,1.0480157E0,0E0,0E0],"parents":[2147483647,0,0,2,2,4,4],"right_children":[2,-1,4,-1,6,-1,-1],"split_conditions":[7.360857E1,-2.885765E-1,2.25E1,1.6008052E-1,3.135E2,5.4671526E-2,-2.2890882E-1],"split_indices":[9,0,37,0,26,0,0],"split_type":[0,0,0,0,0,0,0],"sum_hessian":[1.571788E1,1.104132E1,4.676561E0,1.4733969E0,3.203164E0,1.5334327E0,1.6697313E0],"tree_param":{"num_deleted":"0","num_feature":"52","num_nodes":"7","size_leaf_vector":"0"}},{"base_weights":[-6.510698E-1,-9.291765E-1,-3.3106435E-2,2.6699162E-1,-5.2643764E-1,-1.3823792E-1,6.818699E-1],"categories":[],"categories_nodes":[],"categories_segments":[],"categories_sizes":[],"default_left":[1,0,1,1,0,0,0],"id":9,"left_children":[1,-1,3,5,-1,-1,-1],"loss_changes":[2.343821E0,0E0,9.2894155E-1,7.6246774E-1,0E0,0E0,0E0],"parents":[2147483647,0,0,2,2,3,3],"right_children":[2,-1,4,6,-1,-1,-1],"split_conditions":[1.5357742E2,-2.7875295E-1,8.028912E1,7.275E1,-1.579313E-1,-4.1471377E-2,2.0456098E-1],"split_indices":[25,0,9,40,0,0,0],"split_type":[0,0,0,0,0,0,0],"sum_hessian":[1.2816982E1,8.491761E0,4.325222E0,2.9745646E0,1.3506573E0,1.8421024E0,1.132462E0],"tree_param":{"num_deleted":"0","num_feature":"52","num_nodes":"7","size_leaf_vector":"0"}},{"base_weights":[-5.891846E-1,-8.927318E-1,-2.0532085E-2,2.668189E-1,-5.0946516E-1,-2.4141328E-1,5.7581115E-1],"categories":[],"categories_nodes":[],"categories_segments":[],"categories_sizes":[],"default_left":[1,0,1,1,0,0,0],"id":10,"left_children":[1,-1,3,5,-1,-1,-1],"loss_changes":[1.987894E0,0E0,8.4803903E-1,7.4339724E-1,0E0,0E0,0E0],"parents":[2147483647,0,0,2,2,3,3],"right_children":[2,-1,4,6,-1,-1,-1],"split_conditions":[7.360857E1,-2.6781955E-1,3.45E1,6.4572914E1,-1.5283956E-1,-7.242399E-2,1.7274335E-1],"split_indices":[9,0,22,3,0,0,0],"split_type":[0,0,0,0,0,0,0],"sum_hessian":[1.0622678E1,6.554156E0,4.068522E0,2.8486338E0,1.219888E0,1.1597606E0,1.6888732E0],"tree_param":{"num_deleted":"0","num_feature":"52","num_nodes":"7","size_leaf_vector":"0"}},{"base_weights":[-5.353154E-1,-7.212457E-1,2.629163E-1,-8.5705566E-1,-8.036441E-2],"categories":[],"categories_nodes":[],"categories_segments":[],"categories_sizes":[],"default_left":[1,1,0,0,0],"id":11,"left_children":[1,3,-1,-1,-1],"loss_changes":[1.6641202E0,6.55725E-1,0E0,0E0,0E0],"parents":[2147483647,0,0,1,1],"right_children":[2,4,-1,-1,-1],"split_conditions":[1.8834616E2,7.075E1,7.887489E-2,-2.571167E-1,-2.4109324E-2],"split_indices":[24,50,0,0,0],"split_type":[0,0,0,0,0],"sum_hessian":[8.934899E0,7.325121E0,1.6097785E0,5.7659445E0,1.5591761E0],"tree_param":{"num_deleted":"0","num_feature":"52","num_nodes":"5","size_leaf_vector":"0"}},{"base_weights":[-4.679384E-1,-8.185449E-1,1.1659452E-2,3.341166E-1,-3.9467493E-1,2.3373595E-2,4.83613E-1],"categories":[],"categories_nodes":[],"categories_segments":[],"categories_sizes":[],"default_left":[1,0,1,1,0,0,0],"id":12,"left_children":[1,-1,3,5,-1,-1,-1],"loss_changes":[1.4764354E0,0E0,7.437684E-1,1.3481271E-1,0E0,0E0,0E0],"parents":[2147483647,0,0,2,2,3,3],"right_children":[2,-1,4,6,-1,-1,-1],"split_conditions":[1.5357742E2,-2.4556349E-1,6.40625E1,6.2572918E1,-1.1840248E-1,7.0120785E-3,1.450839E-1],"split_indices":[25,0,1,1,0,0,0],"split_type":[0,0,0,0,0,0,0],"sum_hessian":[7.723702E0,4.0536084E0,3.6700933E0,2.1453362E0,1.5247571E0,1.0724636E0,1.0728725E0],"tree_param":{"num_deleted":"0","num_feature":"52","num_nodes":"7","size_leaf_vector":"0"}},{"base_weights":[-4.1177136E-1,-7.505937E-1,4.161565E-2,3.5342106E-1,-4.3599573E-1,2.8434E-2,5.0306165E-1],"categories":[],"categories_nodes":[],"categories_segments":[],"categories_sizes":[],"default_left":[1,0,1,1,0,0,0],"id":13,"left_children":[1,-1,3,5,-1,-1,-1],"loss_changes":[1.2167723E0,0E0,7.8673464E-1,1.3754791E-1,0E0,0E0,0E0],"parents":[2147483647,0,0,2,2,3,3],"right_children":[2,-1,4,6,-1,-1,-1],"split_conditions":[1.6800725E2,-2.2517812E-1,8.028912E1,7E1,-1.3079873E-1,8.5302E-3,1.509185E-1],"split_indices":[25,0,9,50,0,0,0],"split_type":[0,0,0,0,0,0,0],"sum_hessian":[6.717445E0,3.469279E0,3.2481658E0,2.1225178E0,1.125648E0,1.0443754E0,1.0781425E0],"tree_param":{"num_deleted":"0","num_feature":"52","num_nodes":"7","size_leaf_vector":"0"}},{"base_weights":[-3.5953656E-1,-5.709742E-1,2.5998196E-1,-7.701651E-1,-8.9579515E-2],"categories":[],"categories_nodes":[],"categories_segments":[],"categories_sizes":[],"default_left":[1,1,0,0,0],"id":14,"left_children":[1,3,-1,-1,-1],"loss_changes":[1.0577426E0,4.572791E-1,0E0,0E0,0E0],"parents":[2147483647,0,0,1,1],"right_children":[2,4,-1,-1,-1],"split_conditions":[1.8834616E2,1.76775E3,7.799459E-2,-2.3104954E-1,-2.6873855E-2],"split_indices":[24,46,0,0,0],"split_type":[0,0,0,0,0],"sum_hessian":[5.9417734E0,4.488303E0,1.4534702E0,2.7503886E0,1.7379144E0],"tree_param":{"num_deleted":"0","num_feature":"52","num_nodes":"5","size_leaf_vector":"0"}},{"base_weights":[-3.1169418E-1,-7.0315474E-1,7.34346E-2,3.86095E-1,-2.3944074E-1],"categories":[],"categories_nodes":[],"categories_segments":[],"categories_sizes":[],"default_left":[1,0,1,0,0],"id":15,"left_children":[1,-1,3,-1,-1],"loss_changes":[1.013698E0,0E0,4.9568635E-1,0E0,0E0],"parents":[2147483647,0,0,2,2],"right_children":[2,-1,4,-1,-1],"split_conditions":[7.360857E1,-2.1094643E-1,3.35E1,1.158285E-1,-7.1832225E-2],"split_indices":[9,0,22,0,0],"split_type":[0,0,0,0,0],"sum_hessian":[5.3812985E0,2.2591953E0,3.1221032E0,1.4445369E0,1.6775663E0],"tree_param":{"num_deleted":"0","num_feature":"52","num_nodes":"5","size_leaf_vector":"0"}},{"base_weights":[-2.7248704E-1,-6.554364E-1,6.353764E-2,4.0957057E-1,-2.1511647E-1],"categories":[],"categories_nodes":[],"categories_segments":[],"categories_sizes":[],"default_left":[1,0,1,0,0],"id":16,"left_children":[1,-1,3,-1,-1],"loss_changes":[7.9903674E-1,0E0,4.782945E-1,0E0,0E0],"parents":[2147483647,0,0,2,2],"right_children":[2,-1,4,-1,-1],"split_conditions":[7.360857E1,-1.9663092E-1,2.25E1,1.22871175E-1,-6.453495E-2],"split_indices":[9,0,37,0,0],"split_type":[0,0,0,0,0],"sum_hessian":[4.885836E0,1.839218E0,3.0466182E0,1.1494335E0,1.8971846E0],"tree_param":{"num_deleted":"0","num_feature":"52","num_nodes":"5","size_leaf_vector":"0"}},{"base_weights":[-2.3640622E-1,-6.0929555E-1,6.1626058E-2,3.22105E-1,-3.0661806E-1],"categories":[],"categories_nodes":[],"categories_segments":[],"categories_sizes":[],"default_left":[1,0,1,0,0],"id":17,"left_children":[1,-1,3,-1,-1],"loss_changes":[6.4444757E-1,0E0,4.7700453E-1,0E0,0E0],"parents":[2147483647,0,0,2,2],"right_children":[2,-1,4,-1,-1],"split_conditions":[1.5357742E2,-1.8278867E-1,6.40625E1,9.6631505E-2,-9.198542E-2],"split_indices":[25,0,1,0,0],"split_type":[0,0,0,0,0],"sum_hessian":[4.461014E0,1.5177076E0,2.943306E0,1.7972846E0,1.1460215E0],"tree_param":{"num_deleted":"0","num_feature":"52","num_nodes":"5","size_leaf_vector":"0"}},{"base_weights":[-2.1542498E-1,-4.191947E-1,2.2670959E-1,-6.4258605E-1,1.7366907E-2],"categories":[],"categories_nodes":[],"categories_segments":[],"categories_sizes":[],"default_left":[1,1,0,0,0],"id":18,"left_children":[1,3,-1,-1,-1],"loss_changes":[5.5736E-1,3.8796157E-1,0E0,0E0,0E0],"parents":[2147483647,0,0,1,1],"right_children":[2,4,-1,-1,-1],"split_conditions":[1.8834616E2,1.76775E3,6.801288E-2,-1.9277583E-1,5.2100723E-3],"split_indices":[24,46,0,0,0],"split_type":[0,0,0,0,0],"sum_hessian":[4.131601E0,2.8636804E0,1.2679204E0,1.582156E0,1.2815244E0],"tree_param":{"num_deleted":"0","num_feature":"52","num_nodes":"5","size_leaf_vector":"0"}},{"base_weights":[-1.8902741E-1,-5.4184854E-1,6.572804E-2,4.026903E-1,-2.2091563E-1],"categories":[],"categories_nodes":[],"categories_segments":[],"categories_sizes":[],"default_left":[1,0,1,0,0],"id":19,"left_children":[1,-1,3,-1,-1],"loss_changes":[4.7219658E-1,0E0,4.4753593E-1,0E0,0E0],"parents":[2147483647,0,0,2,2],"right_children":[2,-1,4,-1,-1],"split_conditions":[7.3010605E1,-1.6255456E-1,7.629912E1,1.2080709E-1,-6.6274695E-2],"split_indices":[7,0,7,0,0],"split_type":[0,0,0,0,0],"sum_hessian":[3.8572185E0,1.1448011E0,2.7124176E0,1.0606871E0,1.6517305E0],"tree_param":{"num_deleted":"0","num_feature":"52","num_nodes":"5","size_leaf_vector":"0"}},{"base_weights":[-1.6538192E-1,2.0681368E-1,-3.5445997E-1,2.9131578E-2,-5.7801473E-1],"categories":[],"categories_nodes":[],"categories_segments":[],"categories_sizes":[],"default_left":[1,0,1,0,0],"id":20,"left_children":[1,-1,3,-1,-1],"loss_changes":[3.9783287E-1,0E0,3.106688E-1,0E0,0E0],"parents":[2147483647,0,0,2,2],"right_children":[2,-1,4,-1,-1],"split_conditions":[2.25E1,6.2044106E-2,3.35E1,8.739474E-3,-1.7340443E-1],"split_indices":[37,0,22,0,0],"split_type":[0,0,0,0,0],"sum_hessian":[3.611443E0,1.1849993E0,2.4264436E0,1.2136551E0,1.2127885E0],"tree_param":{"num_deleted":"0","num_feature":"52","num_nodes":"5","size_leaf_vector":"0"}},{"base_weights":[-1.4742666E-1,-4.6466237E-1,9.452279E-2,-2.2803345E-1,3.3001462E-1],"categories":[],"categories_nodes":[],"categories_segments":[],"categories_sizes":[],"default_left":[1,0,1,0,0],"id":21,"left_children":[1,-1,3,-1,-1],"loss_changes":[3.831895E-1,0E0,3.2885158E-1,0E0,0E0],"parents":[2147483647,0,0,2,2],"right_children":[2,-1,4,-1,-1],"split_conditions":[1.6800725E2,-1.3939872E-1,6.525E1,-6.841004E-2,9.900439E-2],"split_indices":[25,0,44,0,0],"split_type":[0,0,0,0,0],"sum_hessian":[3.4201453E0,1.0815548E0,2.3385906E0,1.0002317E0,1.3383589E0],"tree_param":{"num_deleted":"0","num_feature":"52","num_nodes":"5","size_leaf_vector":"0"}},{"base_weights":[-1.3470262E-1,-3.1323424E-1,1.9032897E-1,-5.394125E-1,6.961262E-2],"categories":[],"categories_nodes":[],"categories_segments":[],"categories_sizes":[],"default_left":[1,1,0,0,0],"id":22,"left_children":[1,3,-1,-1,-1],"loss_changes":[3.0633527E-1,3.079117E-1,0E0,0E0,0E0],"parents":[2147483647,0,0,1,1],"right_children":[2,4,-1,-1,-1],"split_conditions":[1.8834616E2,1.76775E3,5.7098694E-2,-1.6182375E-1,2.0883787E-2],"split_indices":[24,46,0,0,0],"split_type":[0,0,0,0,0],"sum_hessian":[3.2516708E0,2.122262E0,1.1294088E0,1.0770258E0,1.0452361E0],"tree_param":{"num_deleted":"0","num_feature":"52","num_nodes":"5","size_leaf_vector":"0"}},{"base_weights":[-1.21560305E-1,-4.025724E-1,1.0278646E-1,-1.8259023E-1,3.3680204E-1],"categories":[],"categories_nodes":[],"categories_segments":[],"categories_sizes":[],"default_left":[1,0,1,0,0],"id":23,"left_children":[1,-1,3,-1,-1],"loss_changes":[2.990078E-1,0E0,2.664495E-1,0E0,0E0],"parents":[2147483647,0,0,2,2],"right_children":[2,-1,4,-1,-1],"split_conditions":[7.025E1,-1.2077172E-1,1.9142813E2,-5.477707E-2,1.0104062E-1],"split_indices":[40,0,25,0,0],"split_type":[0,0,0,0,0],"sum_hessian":[3.0864828E0,1.017528E0,2.0689547E0,1.0311916E0,1.0377631E0],"tree_param":{"num_deleted":"0","num_feature":"52","num_nodes":"5","size_leaf_vector":"0"}},{"base_weights":[-1.0740129E-1,1.24472074E-1,-3.548527E-1],"categories":[],"categories_nodes":[],"categories_segments":[],"categories_sizes":[],"default_left":[1,0,0],"id":24,"left_children":[1,-1,-1],"loss_changes":[2.7142617E-1,0E0,0E0],"parents":[2147483647,0,0],"right_children":[2,-1,-1],"split_conditions":[6.405208E1,3.7341624E-2,-1.0645582E-1],"split_indices":[1,0,0],"split_type":[0,0,0],"sum_hessian":[2.9607396E0,1.7850497E0,1.17569E0],"tree_param":{"num_deleted":"0","num_feature":"52","num_nodes":"3","size_leaf_vector":"0"}},{"base_weights":[-9.510483E-2,1.9060758E-1,-2.6373136E-1],"categories":[],"categories_nodes":[],"categories_segments":[],"categories_sizes":[],"default_left":[1,0,0],"id":25,"left_children":[1,-1,-1],"loss_changes":[2.3790027E-1,0E0,0E0],"parents":[2147483647,0,0],"right_children":[2,-1,-1],"split_conditions":[2.25E1,5.7182275E-2,-7.9119414E-2],"split_indices":[37,0,0],"split_type":[0,0,0],"sum_hessian":[2.8944826E0,1.0258983E0,1.8685843E0],"tree_param":{"num_deleted":"0","num_feature":"52","num_nodes":"3","size_leaf_vector":"0"}},{"base_weights":[-7.420549E-2,1.8662089E-1,-2.8611118E-1],"categories":[],"categories_nodes":[],"categories_segments":[],"categories_sizes":[],"default_left":[1,0,0],"id":26,"left_children":[1,-1,-1],"loss_changes":[2.6439396E-1,0E0,0E0],"parents":[2147483647,0,0],"right_children":[2,-1,-1],"split_conditions":[3.35E1,5.598627E-2,-8.5833356E-2],"split_indices":[22,0,0],"split_type":[0,0,0],"sum_hessian":[2.8175747E0,1.3164855E0,1.5010892E0],"tree_param":{"num_deleted":"0","num_feature":"52","num_nodes":"3","size_leaf_vector":"0"}},{"base_weights":[-6.120658E-2,-2.6953542E-1,1.6377828E-1],"categories":[],"categories_nodes":[],"categories_segments":[],"categories_sizes":[],"default_left":[1,0,0],"id":27,"left_children":[1,-1,-1],"loss_changes":[2.2040834E-1,0E0,0E0],"parents":[2147483647,0,0],"right_children":[2,-1,-1],"split_conditions":[1.815757E2,-8.086063E-2,4.9133483E-2],"split_indices":[24,0,0],"split_type":[0,0,0],"sum_hessian":[2.760639E0,1.3305635E0,1.4300754E0],"tree_param":{"num_deleted":"0","num_feature":"52","num_nodes":"3","size_leaf_vector":"0"}},{"base_weights":[-5.271529E-2,1.5979432E-1,-2.7261215E-1],"categories":[],"categories_nodes":[],"categories_segments":[],"categories_sizes":[],"default_left":[1,0,0],"id":28,"left_children":[1,-1,-1],"loss_changes":[2.1624129E-1,0E0,0E0],"parents":[2147483647,0,0],"right_children":[2,-1,-1],"split_conditions":[2.95E1,4.79383E-2,-8.178365E-2],"split_indices":[38,0,0],"split_type":[0,0,0],"sum_hessian":[2.6952426E0,1.5096397E0,1.185603E0],"tree_param":{"num_deleted":"0","num_feature":"52","num_nodes":"3","size_leaf_vector":"0"}},{"base_weights":[-4.696597E-2,1.734265E-1,-2.369538E-1],"categories":[],"categories_nodes":[],"categories_segments":[],"categories_sizes":[],"default_left":[1,0,0],"id":29,"left_children":[1,-1,-1],"loss_changes":[1.9416668E-1,0E0,0E0],"parents":[2147483647,0,0],"right_children":[2,-1,-1],"split_conditions":[3.35E1,5.2027952E-2,-7.108614E-2],"split_indices":[22,0,0],"split_type":[0,0,0],"sum_hessian":[2.6557372E0,1.2698443E0,1.385893E0],"tree_param":{"num_deleted":"0","num_feature":"52","num_nodes":"3","size_leaf_vector":"0"}},{"base_weights":[-3.883495E-2,-2.5612116E-1,1.531265E-1],"categories":[],"categories_nodes":[],"categories_segments":[],"categories_sizes":[],"default_left":[1,0,0],"id":30,"left_children":[1,-1,-1],"loss_changes":[1.899962E-1,0E0,0E0],"parents":[2147483647,0,0],"right_children":[2,-1,-1],"split_conditions":[1.7961847E2,-7.683635E-2,4.5937948E-2],"split_indices":[24,0,0],"split_type":[0,0,0],"sum_hessian":[2.6148448E0,1.0697427E0,1.5451021E0],"tree_param":{"num_deleted":"0","num_feature":"52","num_nodes":"3","size_leaf_vector":"0"}},{"base_weights":[-3.6704026E-2,-2.2527517E-1,1.7132464E-1],"categories":[],"categories_nodes":[],"categories_segments":[],"categories_sizes":[],"default_left":[1,0,0],"id":31,"left_children":[1,-1,-1],"loss_changes":[1.7827128E-1,0E0,0E0],"parents":[2147483647,0,0],"right_children":[2,-1,-1],"split_conditions":[1.75125E3,-6.7582555E-2,5.1397394E-2],"split_indices":[46,0,0],"split_type":[0,0,0],"sum_hessian":[2.5606034E0,1.2996284E0,1.260975E0],"tree_param":{"num_deleted":"0","num_feature":"52","num_nodes":"3","size_leaf_vector":"0"}},{"base_weights":[-3.0775908E-2,1.5697224E-1,-2.3573478E-1],"categories":[],"categories_nodes":[],"categories_segments":[],"categories_sizes":[],"default_left":[1,0,0],"id":32,"left_children":[1,-1,-1],"loss_changes":[1.727416E-1,0E0,0E0],"parents":[2147483647,0,0],"right_children":[2,-1,-1],"split_conditions":[2.95E1,4.7091674E-2,-7.0720434E-2],"split_indices":[38,0,0],"split_type":[0,0,0],"sum_hessian":[2.5274303E0,1.441293E0,1.0861373E0],"tree_param":{"num_deleted":"0","num_feature":"52","num_nodes":"3","size_leaf_vector":"0"}},{"base_weights":[-2.8757233E-2,1.8829904E-1,-1.9639884E-1],"categories":[],"categories_nodes":[],"categories_segments":[],"categories_sizes":[],"default_left":[1,0,0],"id":33,"left_children":[1,-1,-1],"loss_changes":[1.6423112E-1,0E0,0E0],"parents":[2147483647,0,0],"right_children":[2,-1,-1],"split_conditions":[9.75E1,5.6489717E-2,-5.8919653E-2],"split_indices":[19,0,0],"split_type":[0,0,0],"sum_hessian":[2.497048E0,1.0344524E0,1.4625955E0],"tree_param":{"num_deleted":"0","num_feature":"52","num_nodes":"3","size_leaf_vector":"0"}},{"base_weights":[-2.1164326E-2,-2.0897633E-1,1.6714415E-1],"categories":[],"categories_nodes":[],"categories_segments":[],"categories_sizes":[],"default_left":[1,0,0],"id":34,"left_children":[1,-1,-1],"loss_changes":[1.5761313E-1,0E0,0E0],"parents":[2147483647,0,0],"right_children":[2,-1,-1],"split_conditions":[6.525E1,-6.26929E-2,5.0143246E-2],"split_indices":[44,0,0],"split_type":[0,0,0],"sum_hessian":[2.4689221E0,1.1811404E0,1.2877817E0],"tree_param":{"num_deleted":"0","num_feature":"52","num_nodes":"3","size_leaf_vector":"0"}},{"base_weights":[-1.879089E-2,-2.1291101E-1,1.5092519E-1],"categories":[],"categories_nodes":[],"categories_segments":[],"categories_sizes":[],"default_left":[1,0,0],"id":35,"left_children":[1,-1,-1],"loss_changes":[1.4543721E-1,0E0,0E0],"parents":[2147483647,0,0],"right_children":[2,-1,-1],"split_conditions":[1.8664986E2,-6.3873306E-2,4.527756E-2],"split_indices":[25,0,0],"split_type":[0,0,0],"sum_hessian":[2.4391418E0,1.0190482E0,1.4200935E0],"tree_param":{"num_deleted":"0","num_feature":"52","num_nodes":"3","size_leaf_vector":"0"}},{"base_weights":[-1.9017193E-2,1.6680036E-1,-1.8914467E-1],"categories":[],"categories_nodes":[],"categories_segments":[],"categories_sizes":[],"default_left":[1,0,0],"id":36,"left_children":[1,-1,-1],"loss_changes":[1.3901421E-1,0E0,0E0],"parents":[2147483647,0,0],"right_children":[2,-1,-1],"split_conditions":[3.35E1,5.004011E-2,-5.6743402E-2],"split_indices":[22,0,0],"split_type":[0,0,0],"sum_hessian":[2.3994224E0,1.1561751E0,1.2432473E0],"tree_param":{"num_deleted":"0","num_feature":"52","num_nodes":"3","size_leaf_vector":"0"}},{"base_weights":[-1.5566716E-2,-1.9602655E-1,1.573035E-1],"categories":[],"categories_nodes":[],"categories_segments":[],"categories_sizes":[],"default_left":[1,0,0],"id":37,"left_children":[1,-1,-1],"loss_changes":[1.3597731E-1,0E0,0E0],"parents":[2147483647,0,0],"right_children":[2,-1,-1],"split_conditions":[1.815757E2,-5.8807965E-2,4.719105E-2],"split_indices":[24,0,0],"split_type":[0,0,0],"sum_hessian":[2.3703427E0,1.0941762E0,1.2761666E0],"tree_param":{"num_deleted":"0","num_feature":"52","num_nodes":"3","size_leaf_vector":"0"}},{"base_weights":[-1.4691112E-2,-1.9874984E-1,1.5938948E-1],"categories":[],"categories_nodes":[],"categories_segments":[],"categories_sizes":[],"default_left":[1,0,0],"id":38,"left_children":[1,-1,-1],"loss_changes":[1.3844685E-1,0E0,0E0],"parents":[2147483647,0,0],"right_children":[2,-1,-1],"split_conditions":[1.739E3,-5.9624955E-2,4.7816847E-2],"split_indices":[46,0,0],"split_type":[0,0,0],"sum_hessian":[2.3322318E0,1.064745E0,1.2674868E0],"tree_param":{"num_deleted":"0","num_feature":"52","num_nodes":"3","size_leaf_vector":"0"}},{"base_weights":[-1.4095029E-2,1.4853904E-1,-1.8347597E-1],"categories":[],"categories_nodes":[],"categories_segments":[],"categories_sizes":[],"default_left":[1,0,0],"id":39,"left_children":[1,-1,-1],"loss_changes":[1.1834647E-1,0E0,0E0],"parents":[2147483647,0,0],"right_children":[2,-1,-1],"split_conditions":[2.95E1,4.4561714E-2,-5.5042792E-2],"split_indices":[37,0,0],"split_type":[0,0,0],"sum_hessian":[2.3068118E0,1.2396182E0,1.0671935E0],"tree_param":{"num_deleted":"0","num_feature":"52","num_nodes":"3","size_leaf_vector":"0"}},{"base_weights":[-1.3307531E-2,1.5660343E-1,-1.7082459E-1],"categories":[],"categories_nodes":[],"categories_segments":[],"categories_sizes":[],"default_left":[1,0,0],"id":40,"left_children":[1,-1,-1],"loss_changes":[1.1443066E-1,0E0,0E0],"parents":[2147483647,0,0],"right_children":[2,-1,-1],"split_conditions":[3.35E1,4.698103E-2,-5.1247377E-2],"split_indices":[22,0,0],"split_type":[0,0,0],"sum_hessian":[2.2760189E0,1.0977235E0,1.1782954E0],"tree_param":{"num_deleted":"0","num_feature":"52","num_nodes":"3","size_leaf_vector":"0"}},{"base_weights":[-1.0806722E-2,-1.7623858E-1,1.443224E-1],"categories":[],"categories_nodes":[],"categories_segments":[],"categories_sizes":[],"default_left":[1,0,0],"id":41,"left_children":[1,-1,-1],"loss_changes":[1.088968E-1,0E0,0E0],"parents":[2147483647,0,0],"right_children":[2,-1,-1],"split_conditions":[1.815757E2,-5.2871577E-2,4.329672E-2],"split_indices":[24,0,0],"split_type":[0,0,0],"sum_hessian":[2.2521784E0,1.0240453E0,1.2281332E0],"tree_param":{"num_deleted":"0","num_feature":"52","num_nodes":"3","size_leaf_vector":"0"}},{"base_weights":[-1.0747336E-2,-1.6906792E-1,1.5187499E-1],"categories":[],"categories_nodes":[],"categories_segments":[],"categories_sizes":[],"default_left":[1,0,0],"id":42,"left_children":[1,-1,-1],"loss_changes":[1.0860427E-1,0E0,0E0],"parents":[2147483647,0,0],"right_children":[2,-1,-1],"split_conditions":[1.75125E3,-5.072038E-2,4.55625E-2],"split_indices":[46,0,0],"split_type":[0,0,0],"sum_hessian":[2.2209115E0,1.1052563E0,1.1156551E0],"tree_param":{"num_deleted":"0","num_feature":"52","num_nodes":"3","size_leaf_vector":"0"}},{"base_weights":[-9.284245E-3,-1.6621216E-1,1.4675534E-1],"categories":[],"categories_nodes":[],"categories_segments":[],"categories_sizes":[],"default_left":[1,0,0],"id":43,"left_children":[1,-1,-1],"loss_changes":[1.02779336E-1,0E0,0E0],"parents":[2147483647,0,0],"right_children":[2,-1,-1],"split_conditions":[6.525E1,-4.9863648E-2,4.4026602E-2],"split_indices":[44,0,0],"split_type":[0,0,0],"sum_hessian":[2.201165E0,1.064955E0,1.1362098E0],"tree_param":{"num_deleted":"0","num_feature":"52","num_nodes":"3","size_leaf_vector":"0"}},{"base_weights":[-8.477821E-3,-1.5848777E-1,1.3572265E-1],"categories":[],"categories_nodes":[],"categories_segments":[],"categories_sizes":[],"default_left":[1,0,0],"id":44,"left_children":[1,-1,-1],"loss_changes":[9.031506E-2,0E0,0E0],"parents":[2147483647,0,0],"right_children":[2,-1,-1],"split_conditions":[7.025E1,-4.754633E-2,4.0716797E-2],"split_indices":[50,0,0],"split_type":[0,0,0],"sum_hessian":[2.1807623E0,1.0202891E0,1.1604732E0],"tree_param":{"num_deleted":"0","num_feature":"52","num_nodes":"3","size_leaf_vector":"0"}},{"base_weights":[-8.225794E-3,1.4574061E-1,-1.5159962E-1],"categories":[],"categories_nodes":[],"categories_segments":[],"categories_sizes":[],"default_left":[1,0,0],"id":45,"left_children":[1,-1,-1],"loss_changes":[9.1875166E-2,0E0,0E0],"parents":[2147483647,0,0],"right_children":[2,-1,-1],"split_conditions":[3.35E1,4.3722186E-2,-4.5479886E-2],"split_indices":[22,0,0],"split_type":[0,0,0],"sum_hessian":[2.1611204E0,1.034106E0,1.1270144E0],"tree_param":{"num_deleted":"0","num_feature":"52","num_nodes":"3","size_leaf_vector":"0"}},{"base_weights":[-6.430167E-3,1.4611967E-1,-1.5227488E-1],"categories":[],"categories_nodes":[],"categories_segments":[],"categories_sizes":[],"default_left":[1,0,0],"id":46,"left_children":[1,-1,-1],"loss_changes":[9.214759E-2,0E0,0E0],"parents":[2147483647,0,0],"right_children":[2,-1,-1],"split_conditions":[2.75E1,4.38359E-2,-4.5682464E-2],"split_indices":[37,0,0],"split_type":[0,0,0],"sum_hessian":[2.1416485E0,1.0458406E0,1.0958078E0],"tree_param":{"num_deleted":"0","num_feature":"52","num_nodes":"3","size_leaf_vector":"0"}},{"base_weights":[-5.207139E-3,-1.4502108E-1,1.3664272E-1],"categories":[],"categories_nodes":[],"categories_segments":[],"categories_sizes":[],"default_left":[1,0,0],"id":47,"left_children":[1,-1,-1],"loss_changes":[8.164194E-2,0E0,0E0],"parents":[2147483647,0,0],"right_children":[2,-1,-1],"split_conditions":[1.75125E3,-4.3506324E-2,4.099282E-2],"split_indices":[46,0,0],"split_type":[0,0,0],"sum_hessian":[2.1173878E0,1.0550876E0,1.0623003E0],"tree_param":{"num_deleted":"0","num_feature":"52","num_nodes":"3","size_leaf_vector":"0"}},{"base_weights":[-4.5407037E-3,-1.405884E-1,1.3668217E-1],"categories":[],"categories_nodes":[],"categories_segments":[],"categories_sizes":[],"default_left":[1,0,0],"id":48,"left_children":[1,-1,-1],"loss_changes":[7.88251E-2,0E0,0E0],"parents":[2147483647,0,0],"right_children":[2,-1,-1],"split_conditions":[7.135417E1,-4.2176522E-2,4.100465E-2],"split_indices":[6,0,0],"split_type":[0,0,0],"sum_hessian":[2.1025364E0,1.073178E0,1.0293583E0],"tree_param":{"num_deleted":"0","num_feature":"52","num_nodes":"3","size_leaf_vector":"0"}},{"base_weights":[-3.6403933E-3,1.3343337E-1,-1.3542722E-1],"categories":[],"categories_nodes":[],"categories_segments":[],"categories_sizes":[],"default_left":[1,0,0],"id":49,"left_children":[1,-1,-1],"loss_changes":[7.3795885E-2,0E0,0E0],"parents":[2147483647,0,0],"right_children":[2,-1,-1],"split_conditions":[3.35E1,4.0030014E-2,-4.062817E-2],"split_indices":[22,0,0],"split_type":[0,0,0],"sum_hessian":[2.0847974E0,1.0157765E0,1.0690209E0],"tree_param":{"num_deleted":"0","num_feature":"52","num_nodes":"3","size_leaf_vector":"0"}},{"base_weights":[-2.8143707E-3,1.3594118E-1,-1.3738984E-1],"categories":[],"categories_nodes":[],"categories_segments":[],"categories_sizes":[],"default_left":[1,0,0],"id":50,"left_children":[1,-1,-1],"loss_changes":[7.598849E-2,0E0,0E0],"parents":[2147483647,0,0],"right_children":[2,-1,-1],"split_conditions":[2.75E1,4.0782355E-2,-4.1216955E-2],"split_indices":[37,0,0],"split_type":[0,0,0],"sum_hessian":[2.0692053E0,1.0137838E0,1.0554215E0],"tree_param":{"num_deleted":"0","num_feature":"52","num_nodes":"3","size_leaf_vector":"0"}},{"base_weights":[-2.1855289E-3,-1.3138546E-1,1.2569708E-1],"categories":[],"categories_nodes":[],"categories_segments":[],"categories_sizes":[],"default_left":[1,0,0],"id":51,"left_children":[1,-1,-1],"loss_changes":[6.689479E-2,0E0,0E0],"parents":[2147483647,0,0],"right_children":[2,-1,-1],"split_conditions":[1.75125E3,-3.941564E-2,3.7709124E-2],"split_indices":[46,0,0],"split_type":[0,0,0],"sum_hessian":[2.049191E0,1.0057199E0,1.0434711E0],"tree_param":{"num_deleted":"0","num_feature":"52","num_nodes":"3","size_leaf_vector":"0"}},{"base_weights":[-2.152448E-3,-1.2469527E-1,1.23441175E-1],"categories":[],"categories_nodes":[],"categories_segments":[],"categories_sizes":[],"default_left":[1,0,0],"id":52,"left_children":[1,-1,-1],"loss_changes":[6.2134203E-2,0E0,0E0],"parents":[2147483647,0,0],"right_children":[2,-1,-1],"split_conditions":[1.055E2,-3.7408583E-2,3.7032355E-2],"split_indices":[15,0,0],"split_type":[0,0,0],"sum_hessian":[2.0370278E0,1.0346569E0,1.0023711E0],"tree_param":{"num_deleted":"0","num_feature":"52","num_nodes":"3","size_leaf_vector":"0"}},{"base_weights":[-1.6854153E-3,-1.2535872E-1,1.2383733E-1],"categories":[],"categories_nodes":[],"categories_segments":[],"categories_sizes":[],"default_left":[1,0,0],"id":53,"left_children":[1,-1,-1],"loss_changes":[6.2472552E-2,0E0,0E0],"parents":[2147483647,0,0],"right_children":[2,-1,-1],"split_conditions":[7.135417E1,-3.7607618E-2,3.71512E-2],"split_indices":[6,0,0],"split_type":[0,0,0],"sum_hessian":[2.024287E0,1.0203134E0,1.0039735E0],"tree_param":{"num_deleted":"0","num_feature":"52","num_nodes":"3","size_leaf_vector":"0"}},{"base_weights":[-1.3838307E-3,1.09610155E-1,-1.1151949E-1],"categories":[],"categories_nodes":[],"categories_segments":[],"categories_sizes":[],"default_left":[1,0,0],"id":54,"left_children":[1,-1,-1],"loss_changes":[4.902068E-2,0E0,0E0],"parents":[2147483647,0,0],"right_children":[2,-1,-1],"split_conditions":[2.85E1,3.2883048E-2,-3.345585E-2],"split_indices":[37,0,0],"split_type":[0,0,0],"sum_hessian":[2.010129E0,1.0035398E0,1.0065892E0],"tree_param":{"num_deleted":"0","num_feature":"52","num_nodes":"3","size_leaf_vector":"0"}},{"base_weights":[-1.2017196E-3],"categories":[],"categories_nodes":[],"categories_segments":[],"categories_sizes":[],"default_left":[0],"id":55,"left_children":[-1],"loss_changes":[0E0],"parents":[2147483647],"right_children":[-1],"split_conditions":[-3.605159E-4],"split_indices":[0],"split_type":[0],"sum_hessian":[1.9963703E0],"tree_param":{"num_deleted":"0","num_feature":"52","num_nodes":"1","size_leaf_vector":"0"}},{"base_weights":[-9.615798E-4],"categories":[],"categories_nodes":[],"categories_segments":[],"categories_sizes":[],"default_left":[0],"id":56,"left_children":[-1],"loss_changes":[0E0],"parents":[2147483647],"right_children":[-1],"split_conditions":[-2.8847394E-4],"split_indices":[0],"split_type":[0],"sum_hessian":[1.9963003E0],"tree_param":{"num_deleted":"0","num_feature":"52","num_nodes":"1","size_leaf_vector":"0"}},{"base_weights":[-7.6942437E-4],"categories":[],"categories_nodes":[],"categories_segments":[],"categories_sizes":[],"default_left":[0],"id":57,"left_children":[-1],"loss_changes":[0E0],"parents":[2147483647],"right_children":[-1],"split_conditions":[-2.3082733E-4],"split_indices":[0],"split_type":[0],"sum_hessian":[1.9962442E0],"tree_param":{"num_deleted":"0","num_feature":"52","num_nodes":"1","size_leaf_vector":"0"}},{"base_weights":[-6.1565393E-4],"categories":[],"categories_nodes":[],"categories_segments":[],"categories_sizes":[],"default_left":[0],"id":58,"left_children":[-1],"loss_changes":[0E0],"parents":[2147483647],"right_children":[-1],"split_conditions":[-1.8469618E-4],"split_indices":[0],"split_type":[0],"sum_hessian":[1.9961996E0],"tree_param":{"num_deleted":"0","num_feature":"52","num_nodes":"1","size_leaf_vector":"0"}},{"base_weights":[-4.9266435E-4],"categories":[],"categories_nodes":[],"categories_segments":[],"categories_sizes":[],"default_left":[0],"id":59,"left_children":[-1],"loss_changes":[0E0],"parents":[2147483647],"right_children":[-1],"split_conditions":[-1.477993E-4],"split_indices":[0],"split_type":[0],"sum_hessian":[1.9961638E0],"tree_param":{"num_deleted":"0","num_feature":"52","num_nodes":"1","size_leaf_vector":"0"}},{"base_weights":[-3.9410856E-4],"categories":[],"categories_nodes":[],"categories_segments":[],"categories_sizes":[],"default_left":[0],"id":60,"left_children":[-1],"loss_changes":[0E0],"parents":[2147483647],"right_children":[-1],"split_conditions":[-1.1823257E-4],"split_indices":[0],"split_type":[0],"sum_hessian":[1.9961355E0],"tree_param":{"num_deleted":"0","num_feature":"52","num_nodes":"1","size_leaf_vector":"0"}},{"base_weights":[-3.153504E-4],"categories":[],"categories_nodes":[],"categories_segments":[],"categories_sizes":[],"default_left":[0],"id":61,"left_children":[-1],"loss_changes":[0E0],"parents":[2147483647],"right_children":[-1],"split_conditions":[-9.460512E-5],"split_indices":[0],"split_type":[0],"sum_hessian":[1.9961126E0],"tree_param":{"num_deleted":"0","num_feature":"52","num_nodes":"1","size_leaf_vector":"0"}},{"base_weights":[-2.5230888E-4],"categories":[],"categories_nodes":[],"categories_segments":[],"categories_sizes":[],"default_left":[0],"id":62,"left_children":[-1],"loss_changes":[0E0],"parents":[2147483647],"right_children":[-1],"split_conditions":[-7.569267E-5],"split_indices":[0],"split_type":[0],"sum_hessian":[1.9960946E0],"tree_param":{"num_deleted":"0","num_feature":"52","num_nodes":"1","size_leaf_vector":"0"}},{"base_weights":[-2.0190682E-4],"categories":[],"categories_nodes":[],"categories_segments":[],"categories_sizes":[],"default_left":[0],"id":63,"left_children":[-1],"loss_changes":[0E0],"parents":[2147483647],"right_children":[-1],"split_conditions":[-6.057205E-5],"split_indices":[0],"split_type":[0],"sum_hessian":[1.9960798E0],"tree_param":{"num_deleted":"0","num_feature":"52","num_nodes":"1","size_leaf_vector":"0"}},{"base_weights":[-1.6152833E-4],"categories":[],"categories_nodes":[],"categories_segments":[],"categories_sizes":[],"default_left":[0],"id":64,"left_children":[-1],"loss_changes":[0E0],"parents":[2147483647],"right_children":[-1],"split_conditions":[-4.84585E-5],"split_indices":[0],"split_type":[0],"sum_hessian":[1.9960682E0],"tree_param":{"num_deleted":"0","num_feature":"52","num_nodes":"1","size_leaf_vector":"0"}},{"base_weights":[-1.2926954E-4],"categories":[],"categories_nodes":[],"categories_segments":[],"categories_sizes":[],"default_left":[0],"id":65,"left_children":[-1],"loss_changes":[0E0],"parents":[2147483647],"right_children":[-1],"split_conditions":[-3.878086E-5],"split_indices":[0],"split_type":[0],"sum_hessian":[1.9960587E0],"tree_param":{"num_deleted":"0","num_feature":"52","num_nodes":"1","size_leaf_vector":"0"}},{"base_weights":[-1.03509854E-4],"categories":[],"categories_nodes":[],"categories_segments":[],"categories_sizes":[],"default_left":[0],"id":66,"left_children":[-1],"loss_changes":[0E0],"parents":[2147483647],"right_children":[-1],"split_conditions":[-3.1052958E-5],"split_indices":[0],"split_type":[0],"sum_hessian":[1.9960512E0],"tree_param":{"num_deleted":"0","num_feature":"52","num_nodes":"1","size_leaf_vector":"0"}},{"base_weights":[-8.274849E-5],"categories":[],"categories_nodes":[],"categories_segments":[],"categories_sizes":[],"default_left":[0],"id":67,"left_children":[-1],"loss_changes":[0E0],"parents":[2147483647],"right_children":[-1],"split_conditions":[-2.4824549E-5],"split_indices":[0],"split_type":[0],"sum_hessian":[1.9960455E0],"tree_param":{"num_deleted":"0","num_feature":"52","num_nodes":"1","size_leaf_vector":"0"}},{"base_weights":[-6.633941E-5],"categories":[],"categories_nodes":[],"categories_segments":[],"categories_sizes":[],"default_left":[0],"id":68,"left_children":[-1],"loss_changes":[0E0],"parents":[2147483647],"right_children":[-1],"split_conditions":[-1.9901823E-5],"split_indices":[0],"split_type":[0],"sum_hessian":[1.9960405E0],"tree_param":{"num_deleted":"0","num_feature":"52","num_nodes":"1","size_leaf_vector":"0"}},{"base_weights":[-5.3018146E-5],"categories":[],"categories_nodes":[],"categories_segments":[],"categories_sizes":[],"default_left":[0],"id":69,"left_children":[-1],"loss_changes":[0E0],"parents":[2147483647],"right_children":[-1],"split_conditions":[-1.5905445E-5],"split_indices":[0],"split_type":[0],"sum_hessian":[1.9960368E0],"tree_param":{"num_deleted":"0","num_feature":"52","num_nodes":"1","size_leaf_vector":"0"}},{"base_weights":[-4.2437736E-5],"categories":[],"categories_nodes":[],"categories_segments":[],"categories_sizes":[],"default_left":[0],"id":70,"left_children":[-1],"loss_changes":[0E0],"parents":[2147483647],"right_children":[-1],"split_conditions":[-1.27313215E-5],"split_indices":[0],"split_type":[0],"sum_hessian":[1.9960338E0],"tree_param":{"num_deleted":"0","num_feature":"52","num_nodes":"1","size_leaf_vector":"0"}},{"base_weights":[-3.395425E-5],"categories":[],"categories_nodes":[],"categories_segments":[],"categories_sizes":[],"default_left":[0],"id":71,"left_children":[-1],"loss_changes":[0E0],"parents":[2147483647],"right_children":[-1],"split_conditions":[-1.0186275E-5],"split_indices":[0],"split_type":[0],"sum_hessian":[1.9960313E0],"tree_param":{"num_deleted":"0","num_feature":"52","num_nodes":"1","size_leaf_vector":"0"}},{"base_weights":[-2.7114877E-5],"categories":[],"categories_nodes":[],"categories_segments":[],"categories_sizes":[],"default_left":[0],"id":72,"left_children":[-1],"loss_changes":[0E0],"parents":[2147483647],"right_children":[-1],"split_conditions":[-8.134463E-6],"split_indices":[0],"split_type":[0],"sum_hessian":[1.9960295E0],"tree_param":{"num_deleted":"0","num_feature":"52","num_nodes":"1","size_leaf_vector":"0"}},{"base_weights":[-2.1829808E-5],"categories":[],"categories_nodes":[],"categories_segments":[],"categories_sizes":[],"default_left":[0],"id":73,"left_children":[-1],"loss_changes":[0E0],"parents":[2147483647],"right_children":[-1],"split_conditions":[-6.5489426E-6],"split_indices":[0],"split_type":[0],"sum_hessian":[1.9960276E0],"tree_param":{"num_deleted":"0","num_feature":"52","num_nodes":"1","size_leaf_vector":"0"}},{"base_weights":[-1.7417575E-5],"categories":[],"categories_nodes":[],"categories_segments":[],"categories_sizes":[],"default_left":[0],"id":74,"left_children":[-1],"loss_changes":[0E0],"parents":[2147483647],"right_children":[-1],"split_conditions":[-5.2252726E-6],"split_indices":[0],"split_type":[0],"sum_hessian":[1.9960265E0],"tree_param":{"num_deleted":"0","num_feature":"52","num_nodes":"1","size_leaf_vector":"0"}},{"base_weights":[-1.4003419E-5],"categories":[],"categories_nodes":[],"categories_segments":[],"categories_sizes":[],"default_left":[0],"id":75,"left_children":[-1],"loss_changes":[0E0],"parents":[2147483647],"right_children":[-1],"split_conditions":[-4.201026E-6],"split_indices":[0],"split_type":[0],"sum_hessian":[1.9960253E0],"tree_param":{"num_deleted":"0","num_feature":"52","num_nodes":"1","size_leaf_vector":"0"}},{"base_weights":[-1.1134212E-5],"categories":[],"categories_nodes":[],"categories_segments":[],"categories_sizes":[],"default_left":[0],"id":76,"left_children":[-1],"loss_changes":[0E0],"parents":[2147483647],"right_children":[-1],"split_conditions":[-3.340264E-6],"split_indices":[0],"split_type":[0],"sum_hessian":[1.9960245E0],"tree_param":{"num_deleted":"0","num_feature":"52","num_nodes":"1","size_leaf_vector":"0"}},{"base_weights":[-8.883504E-6],"categories":[],"categories_nodes":[],"categories_segments":[],"categories_sizes":[],"default_left":[0],"id":77,"left_children":[-1],"loss_changes":[0E0],"parents":[2147483647],"right_children":[-1],"split_conditions":[-2.6650514E-6],"split_indices":[0],"split_type":[0],"sum_hessian":[1.9960239E0],"tree_param":{"num_deleted":"0","num_feature":"52","num_nodes":"1","size_leaf_vector":"0"}},{"base_weights":[-7.087893E-6],"categories":[],"categories_nodes":[],"categories_segments":[],"categories_sizes":[],"default_left":[0],"id":78,"left_children":[-1],"loss_changes":[0E0],"parents":[2147483647],"right_children":[-1],"split_conditions":[-2.1263681E-6],"split_indices":[0],"split_type":[0],"sum_hessian":[1.9960233E0],"tree_param":{"num_deleted":"0","num_feature":"52","num_nodes":"1","size_leaf_vector":"0"}},{"base_weights":[-5.729758E-6],"categories":[],"categories_nodes":[],"categories_segments":[],"categories_sizes":[],"default_left":[0],"id":79,"left_children":[-1],"loss_changes":[0E0],"parents":[2147483647],"right_children":[-1],"split_conditions":[-1.7189275E-6],"split_indices":[0],"split_type":[0],"sum_hessian":[1.9960229E0],"tree_param":{"num_deleted":"0","num_feature":"52","num_nodes":"1","size_leaf_vector":"0"}},{"base_weights":[-4.4963617E-6],"categories":[],"categories_nodes":[],"categories_segments":[],"categories_sizes":[],"default_left":[0],"id":80,"left_children":[-1],"loss_changes":[0E0],"parents":[2147483647],"right_children":[-1],"split_conditions":[-1.3489085E-6],"split_indices":[0],"split_type":[0],"sum_hessian":[1.9960228E0],"tree_param":{"num_deleted":"0","num_feature":"52","num_nodes":"1","size_leaf_vector":"0"}},{"base_weights":[-3.5927615E-6],"categories":[],"categories_nodes":[],"categories_segments":[],"categories_sizes":[],"default_left":[0],"id":81,"left_children":[-1],"loss_changes":[0E0],"parents":[2147483647],"right_children":[-1],"split_conditions":[-1.0778285E-6],"split_indices":[0],"split_type":[0],"sum_hessian":[1.9960223E0],"tree_param":{"num_deleted":"0","num_feature":"52","num_nodes":"1","size_leaf_vector":"0"}},{"base_weights":[-2.8499296E-6],"categories":[],"categories_nodes":[],"categories_segments":[],"categories_sizes":[],"default_left":[0],"id":82,"left_children":[-1],"loss_changes":[0E0],"parents":[2147483647],"right_children":[-1],"split_conditions":[-8.549789E-7],"split_indices":[0],"split_type":[0],"sum_hessian":[1.9960223E0],"tree_param":{"num_deleted":"0","num_feature":"52","num_nodes":"1","size_leaf_vector":"0"}},{"base_weights":[-2.301867E-6],"categories":[],"categories_nodes":[],"categories_segments":[],"categories_sizes":[],"default_left":[0],"id":83,"left_children":[-1],"loss_changes":[0E0],"parents":[2147483647],"right_children":[-1],"split_conditions":[-6.905601E-7],"split_indices":[0],"split_type":[0],"sum_hessian":[1.9960219E0],"tree_param":{"num_deleted":"0","num_feature":"52","num_nodes":"1","size_leaf_vector":"0"}},{"base_weights":[-1.759195E-6],"categories":[],"categories_nodes":[],"categories_segments":[],"categories_sizes":[],"default_left":[0],"id":84,"left_children":[-1],"loss_changes":[0E0],"parents":[2147483647],"right_children":[-1],"split_conditions":[-5.277585E-7],"split_indices":[0],"split_type":[0],"sum_hessian":[1.9960221E0],"tree_param":{"num_deleted":"0","num_feature":"52","num_nodes":"1","size_leaf_vector":"0"}},{"base_weights":[-1.5287268E-6],"categories":[],"categories_nodes":[],"categories_segments":[],"categories_sizes":[],"default_left":[0],"id":85,"left_children":[-1],"loss_changes":[0E0],"parents":[2147483647],"right_children":[-1],"split_conditions":[-4.5861805E-7],"split_indices":[0],"split_type":[0],"sum_hessian":[1.9960219E0],"tree_param":{"num_deleted":"0","num_feature":"52","num_nodes":"1","size_leaf_vector":"0"}},{"base_weights":[-1.1847679E-6],"categories":[],"categories_nodes":[],"categories_segments":[],"categories_sizes":[],"default_left":[0],"id":86,"left_children":[-1],"loss_changes":[0E0],"parents":[2147483647],"right_children":[-1],"split_conditions":[-3.554304E-7],"split_indices":[0],"split_type":[0],"sum_hessian":[1.9960217E0],"tree_param":{"num_deleted":"0","num_feature":"52","num_nodes":"1","size_leaf_vector":"0"}},{"base_weights":[-1.0060372E-6],"categories":[],"categories_nodes":[],"categories_segments":[],"categories_sizes":[],"default_left":[0],"id":87,"left_children":[-1],"loss_changes":[0E0],"parents":[2147483647],"right_children":[-1],"split_conditions":[-3.0181118E-7],"split_indices":[0],"split_type":[0],"sum_hessian":[1.9960216E0],"tree_param":{"num_deleted":"0","num_feature":"52","num_nodes":"1","size_leaf_vector":"0"}},{"base_weights":[-8.2072995E-7],"categories":[],"categories_nodes":[],"categories_segments":[],"categories_sizes":[],"default_left":[0],"id":88,"left_children":[-1],"loss_changes":[0E0],"parents":[2147483647],"right_children":[-1],"split_conditions":[-2.46219E-7],"split_indices":[0],"split_type":[0],"sum_hessian":[1.9960214E0],"tree_param":{"num_deleted":"0","num_feature":"52","num_nodes":"1","size_leaf_vector":"0"}},{"base_weights":[-6.4232944E-7],"categories":[],"categories_nodes":[],"categories_segments":[],"categories_sizes":[],"default_left":[0],"id":89,"left_children":[-1],"loss_changes":[0E0],"parents":[2147483647],"right_children":[-1],"split_conditions":[-1.9269883E-7],"split_indices":[0],"split_type":[0],"sum_hessian":[1.9960212E0],"tree_param":{"num_deleted":"0","num_feature":"52","num_nodes":"1","size_leaf_vector":"0"}},{"base_weights":[-4.7446872E-7],"categories":[],"categories_nodes":[],"categories_segments":[],"categories_sizes":[],"default_left":[0],"id":90,"left_children":[-1],"loss_changes":[0E0],"parents":[2147483647],"right_children":[-1],"split_conditions":[-1.4234062E-7],"split_indices":[0],"split_type":[0],"sum_hessian":[1.9960213E0],"tree_param":{"num_deleted":"0","num_feature":"52","num_nodes":"1","size_leaf_vector":"0"}},{"base_weights":[-3.7686084E-7],"categories":[],"categories_nodes":[],"categories_segments":[],"categories_sizes":[],"default_left":[0],"id":91,"left_children":[-1],"loss_changes":[0E0],"parents":[2147483647],"right_children":[-1],"split_conditions":[-1.13058256E-7],"split_indices":[0],"split_type":[0],"sum_hessian":[1.9960214E0],"tree_param":{"num_deleted":"0","num_feature":"52","num_nodes":"1","size_leaf_vector":"0"}},{"base_weights":[-3.7188718E-7],"categories":[],"categories_nodes":[],"categories_segments":[],"categories_sizes":[],"default_left":[0],"id":92,"left_children":[-1],"loss_changes":[0E0],"parents":[2147483647],"right_children":[-1],"split_conditions":[-1.1156616E-7],"split_indices":[0],"split_type":[0],"sum_hessian":[1.9960214E0],"tree_param":{"num_deleted":"0","num_feature":"52","num_nodes":"1","size_leaf_vector":"0"}},{"base_weights":[-3.7188718E-7],"categories":[],"categories_nodes":[],"categories_segments":[],"categories_sizes":[],"default_left":[0],"id":93,"left_children":[-1],"loss_changes":[0E0],"parents":[2147483647],"right_children":[-1],"split_conditions":[-1.1156616E-7],"split_indices":[0],"split_type":[0],"sum_hessian":[1.9960214E0],"tree_param":{"num_deleted":"0","num_feature":"52","num_nodes":"1","size_leaf_vector":"0"}},{"base_weights":[-3.4204527E-7],"categories":[],"categories_nodes":[],"categories_segments":[],"categories_sizes":[],"default_left":[0],"id":94,"left_children":[-1],"loss_changes":[0E0],"parents":[2147483647],"right_children":[-1],"split_conditions":[-1.0261358E-7],"split_indices":[0],"split_type":[0],"sum_hessian":[1.9960214E0],"tree_param":{"num_deleted":"0","num_feature":"52","num_nodes":"1","size_leaf_vector":"0"}},{"base_weights":[-3.3707164E-7],"categories":[],"categories_nodes":[],"categories_segments":[],"categories_sizes":[],"default_left":[0],"id":95,"left_children":[-1],"loss_changes":[0E0],"parents":[2147483647],"right_children":[-1],"split_conditions":[-1.0112149E-7],"split_indices":[0],"split_type":[0],"sum_hessian":[1.9960214E0],"tree_param":{"num_deleted":"0","num_feature":"52","num_nodes":"1","size_leaf_vector":"0"}},{"base_weights":[-2.9230878E-7],"categories":[],"categories_nodes":[],"categories_segments":[],"categories_sizes":[],"default_left":[0],"id":96,"left_children":[-1],"loss_changes":[0E0],"parents":[2147483647],"right_children":[-1],"split_conditions":[-8.769264E-8],"split_indices":[0],"split_type":[0],"sum_hessian":[1.9960214E0],"tree_param":{"num_deleted":"0","num_feature":"52","num_nodes":"1","size_leaf_vector":"0"}},{"base_weights":[-2.6744053E-7],"categories":[],"categories_nodes":[],"categories_segments":[],"categories_sizes":[],"default_left":[0],"id":97,"left_children":[-1],"loss_changes":[0E0],"parents":[2147483647],"right_children":[-1],"split_conditions":[-8.023216E-8],"split_indices":[0],"split_type":[0],"sum_hessian":[1.9960214E0],"tree_param":{"num_deleted":"0","num_feature":"52","num_nodes":"1","size_leaf_vector":"0"}},{"base_weights":[-2.5749324E-7],"categories":[],"categories_nodes":[],"categories_segments":[],"categories_sizes":[],"default_left":[0],"id":98,"left_children":[-1],"loss_changes":[0E0],"parents":[2147483647],"right_children":[-1],"split_conditions":[-7.7247975E-8],"split_indices":[0],"split_type":[0],"sum_hessian":[1.9960214E0],"tree_param":{"num_deleted":"0","num_feature":"52","num_nodes":"1","size_leaf_vector":"0"}},{"base_weights":[-2.5251958E-7],"categories":[],"categories_nodes":[],"categories_segments":[],"categories_sizes":[],"default_left":[0],"id":99,"left_children":[-1],"loss_changes":[0E0],"parents":[2147483647],"right_children":[-1],"split_conditions":[-7.575588E-8],"split_indices":[0],"split_type":[0],"sum_hessian":[1.9960214E0],"tree_param":{"num_deleted":"0","num_feature":"52","num_nodes":"1","size_leaf_vector":"0"}}]},"name":"gbtree"},"learner_model_param":{"base_score":"5E-1","num_class":"0","num_feature":"52","num_target":"1"},"objective":{"name":"binary:logistic","reg_loss_param":{"scale_pos_weight":"1"}}},"version":[1,6,2]}