{"learner":{"attributes":{"best_iteration":"99","best_ntree_limit":"100","scikit_learn":"{\"use_label_encoder\": false, \"n_estimators\": 100, \"objective\": \"binary:logistic\", \"max_depth\": null, \"max_leaves\": null, \"max_bin\": null, \"grow_policy\": null, \"learning_rate\": null, \"verbosity\": null, \"booster\": null, \"tree_method\": null, \"gamma\": null, \"min_child_weight\": null, \"max_delta_step\": null, \"subsample\": null, \"sampling_method\": null, \"colsample_bytree\": null, \"colsample_bylevel\": null, \"colsample_bynode\": null, \"reg_alpha\": null, \"reg_lambda\": null, \"scale_pos_weight\": null, \"base_score\": null, \"missing\": NaN, \"num_parallel_tree\": null, \"random_state\": null, \"n_jobs\": null, \"monotone_constraints\": null, \"interaction_constraints\": null, \"importance_type\": null, \"gpu_id\": null, \"validate_parameters\": null, \"predictor\": null, \"enable_categorical\": false, \"max_cat_to_onehot\": null, \"eval_metric\": null, \"early_stopping_rounds\": null, \"callbacks\": null, \"classes_\": [0, 1], \"n_classes_\": 2, \"_estimator_type\": \"classifier\"}"},"feature_names":["PutRequests_mean","DeleteRequests_mean","PostRequests_mean","FirstByteLatency_mean","HeadRequests_mean","TotalRequestLatency_mean","SelectRequests_mean","BucketSizeBytes_mean","NumberOfObjects_mean","4xxErrors_mean","GetRequests_mean","5xxErrors_mean","AllRequests_mean","AllRequests_max","PutRequests_max","DeleteRequests_max","HeadRequests_max","SelectRequests_max","4xxErrors_max","FirstByteLatency_max","TotalRequestLatency_max","BucketSizeBytes_max","NumberOfObjects_max","GetRequests_max","PostRequests_max","5xxErrors_max","AllRequests_min","PutRequests_min","DeleteRequests_min","HeadRequests_min","SelectRequests_min","4xxErrors_min","FirstByteLatency_min","TotalRequestLatency_min","BucketSizeBytes_min","NumberOfObjects_min","GetRequests_min","PostRequests_min","5xxErrors_min","AllRequests_median","PutRequests_median","DeleteRequests_median","HeadRequests_median","SelectRequests_median","4xxErrors_median","FirstByteLatency_median","TotalRequestLatency_median","BucketSizeBytes_median","NumberOfObjects_median","GetRequests_median","PostRequests_median","5xxErrors_median"],"feature_types":["float","float","float","float","float","float","float","float","float","float","float","float","float","int","int","int","int","int","int","int","int","int","int","float","float","float","int","int","int","int","int","int","int","int","int","int","float","float","float","float","float","float","float","float","float","float","float","float","float","float","float","float"],"gradient_booster":{"model":{"gbtree_model_param":{"num_parallel_tree":"1","num_trees":"100","size_leaf_vector":"0"},"tree_info":[0,0,0,0,0,0,0,0,0,0,0,0,0,0,0,0,0,0,0,0,0,0,0,0,0,0,0,0,0,0,0,0,0,0,0,0,0,0,0,0,0,0,0,0,0,0,0,0,0,0,0,0,0,0,0,0,0,0,0,0,0,0,0,0,0,0,0,0,0,0,0,0,0,0,0,0,0,0,0,0,0,0,0,0,0,0,0,0,0,0,0,0,0,0,0,0,0,0,0,0],"trees":[{"base_weights":[-1.8904109E0,-1.9578947E0,5.4545456E-1],"categories":[],"categories_nodes":[],"categories_segments":[],"categories_sizes":[],"default_left":[1,0,0],"id":0,"left_children":[1,-1,-1],"loss_changes":[1.306778E1,0E0,0E0],"parents":[2147483647,0,0],"right_children":[2,-1,-1],"split_conditions":[1.917547E2,-5.873684E-1,1.6363637E-1],"split_indices":[24,0,0],"split_type":[0,0,0],"sum_hessian":[7.2E1,7.025E1,1.75E0],"tree_param":{"num_deleted":"0","num_feature":"52","num_nodes":"3","size_leaf_vector":"0"}},{"base_weights":[-1.4595284E0,-1.516782E0,4.4343472E-1,-4.8089576E-1,-1.5315338E0],"categories":[],"categories_nodes":[],"categories_segments":[],"categories_sizes":[],"default_left":[1,1,0,0,0],"id":1,"left_children":[1,3,-1,-1,-1],"loss_changes":[8.000824E0,2.6475525E-1,0E0,0E0,0E0],"parents":[2147483647,0,0,1,1],"right_children":[2,4,-1,-1,-1],"split_conditions":[1.917547E2,9E0,1.3303041E-1,-1.4426874E-1,-4.5946017E-1],"split_indices":[24,36,0,0,0],"split_type":[0,0,0,0,0],"sum_hessian":[6.626135E1,6.452301E1,1.7383372E0,1.3777156E0,6.3145298E1],"tree_param":{"num_deleted":"0","num_feature":"52","num_nodes":"5","size_leaf_vector":"0"}},{"base_weights":[-1.25481E0,-1.3115615E0,3.6304885E-1,-4.0978086E-1,-1.3259779E0],"categories":[],"categories_nodes":[],"categories_segments":[],"categories_sizes":[],"default_left":[1,1,0,0,0],"id":2,"left_children":[1,3,-1,-1,-1],"loss_changes":[5.7019653E0,1.743164E-1,0E0,0E0,0E0],"parents":[2147483647,0,0,1,1],"right_children":[2,4,-1,-1,-1],"split_conditions":[1.917547E2,9E0,1.0891466E-1,-1.2293426E-1,-3.9779338E-1],"split_indices":[24,36,0,0,0],"split_type":[0,0,0,0,0],"sum_hessian":[5.5916115E1,5.420406E1,1.7120531E0,1.3159046E0,5.2888157E1],"tree_param":{"num_deleted":"0","num_feature":"52","num_nodes":"5","size_leaf_vector":"0"}},{"base_weights":[-1.1308022E0,-1.1911664E0,2.9843876E-1,-3.5050294E-1,-1.2074016E0],"categories":[],"categories_nodes":[],"categories_segments":[],"categories_sizes":[],"default_left":[1,1,0,0,0],"id":3,"left_children":[1,3,-1,-1,-1],"loss_changes":[4.358677E0,1.8715668E-1,0E0,0E0,0E0],"parents":[2147483647,0,0,1,1],"right_children":[2,4,-1,-1,-1],"split_conditions":[1.917547E2,9E0,8.953163E-2,-1.05150886E-1,-3.622205E-1],"split_indices":[24,36,0,0,0],"split_type":[0,0,0,0,0],"sum_hessian":[4.540022E1,4.3720257E1,1.6799608E0,1.2563255E0,4.2463932E1],"tree_param":{"num_deleted":"0","num_feature":"52","num_nodes":"5","size_leaf_vector":"0"}},{"base_weights":[-1.043896E0,-1.1106348E0,2.4587518E-1,-3.005306E-1,-1.1302423E0],"categories":[],"categories_nodes":[],"categories_segments":[],"categories_sizes":[],"default_left":[1,1,0,0,0],"id":4,"left_children":[1,3,-1,-1,-1],"loss_changes":[3.4717484E0,2.2442627E-1,0E0,0E0,0E0],"parents":[2147483647,0,0,1,1],"right_children":[2,4,-1,-1,-1],"split_conditions":[1.917547E2,9E0,7.376256E-2,-9.0159185E-2,-3.390727E-1],"split_indices":[24,36,0,0,0],"split_type":[0,0,0,0,0],"sum_hessian":[3.616014E1,3.4513153E1,1.6469867E0,1.2014488E0,3.3311707E1],"tree_param":{"num_deleted":"0","num_feature":"52","num_nodes":"5","size_leaf_vector":"0"}},{"base_weights":[-9.753771E-1,-1.0956796E0,-2.9717425E-2,7.798383E-1,-5.304199E-1,-8.118678E-1,4.6791214E-2],"categories":[],"categories_nodes":[],"categories_segments":[],"categories_sizes":[],"default_left":[1,0,1,0,1,0,0],"id":5,"left_children":[1,-1,3,-1,5,-1,-1],"loss_changes":[3.3290672E0,0E0,2.1820486E0,0E0,5.725812E-1,0E0,0E0],"parents":[2147483647,0,0,2,2,4,4],"right_children":[2,-1,4,-1,6,-1,-1],"split_conditions":[1.5357742E2,-3.287039E-1,1.706464E2,2.3395151E-1,7.089583E1,-2.4356034E-1,1.4037365E-2],"split_indices":[25,0,23,0,0,0,0],"split_type":[0,0,0,0,0,0,0],"sum_hessian":[2.8548817E1,2.5186113E1,3.3627036E0,1.0719858E0,2.2907178E0,1.2665926E0,1.0241251E0],"tree_param":{"num_deleted":"0","num_feature":"52","num_nodes":"7","size_leaf_vector":"0"}},{"base_weights":[-9.1209286E-1,-1.0506259E0,-2.547411E-2,4.677236E-1,-7.329235E-1,7.4245036E-1,-2.7260624E-2],"categories":[],"categories_nodes":[],"categories_segments":[],"categories_sizes":[],"default_left":[1,0,1,1,0,0,0],"id":6,"left_children":[1,-1,3,5,-1,-1,-1],"loss_changes":[2.8695107E0,0E0,1.8121995E0,4.4068885E-1,0E0,0E0,0E0],"parents":[2147483647,0,0,2,2,3,3],"right_children":[2,-1,4,6,-1,-1,-1],"split_conditions":[1.5357742E2,-3.1518778E-1,8.028912E1,6.475E1,-2.1987706E-1,2.2273512E-1,-8.1781875E-3],"split_indices":[25,0,11,3,0,0,0],"split_type":[0,0,0,0,0,0,0],"sum_hessian":[2.2580297E1,1.9368942E1,3.2113547E0,2.0918694E0,1.1194855E0,1.0237299E0,1.0681393E0],"tree_param":{"num_deleted":"0","num_feature":"52","num_nodes":"7","size_leaf_vector":"0"}},{"base_weights":[-8.532318E-1,-1.0121385E0,-2.3430645E-2,6.1285985E-1,-4.4464776E-1,-6.8985385E-1,2.0953177E-2],"categories":[],"categories_nodes":[],"categories_segments":[],"categories_sizes":[],"default_left":[1,0,1,0,1,0,0],"id":7,"left_children":[1,-1,3,-1,5,-1,-1],"loss_changes":[2.4690533E0,0E0,1.3612065E0,0E0,3.5965705E-1,0E0,0E0],"parents":[2147483647,0,0,2,2,4,4],"right_children":[2,-1,4,-1,6,-1,-1],"split_conditions":[1.5357742E2,-3.0364156E-1,1.706464E2,1.8385796E-1,7.066667E1,-2.0695616E-1,6.2859533E-3],"split_indices":[25,0,23,0,0,0,0],"split_type":[0,0,0,0,0,0,0],"sum_hessian":[1.7904528E1,1.48424635E1,3.0620635E0,1.038433E0,2.0236304E0,1.010051E0,1.0135795E0],"tree_param":{"num_deleted":"0","num_feature":"52","num_nodes":"7","size_leaf_vector":"0"}},{"base_weights":[-7.9507655E-1,-9.763726E-1,-2.4038587E-2,5.3298396E-1,-4.275362E-1],"categories":[],"categories_nodes":[],"categories_segments":[],"categories_sizes":[],"default_left":[1,0,1,0,0],"id":8,"left_children":[1,-1,3,-1,-1],"loss_changes":[2.1163082E0,0E0,1.1132647E0,0E0,0E0],"parents":[2147483647,0,0,2,2],"right_children":[2,-1,4,-1,-1],"split_conditions":[1.5357742E2,-2.929118E-1,2.659E3,1.598952E-1,-1.2826087E-1],"split_indices":[25,0,20,0,0],"split_type":[0,0,0,0,0],"sum_hessian":[1.430752E1,1.1368182E1,2.9393377E0,1.0999556E0,1.8393823E0],"tree_param":{"num_deleted":"0","num_feature":"52","num_nodes":"5","size_leaf_vector":"0"}},{"base_weights":[-7.31066E-1,-8.7834674E-1,2.3808579E-1,-1.6440412E-1,-9.381965E-1],"categories":[],"categories_nodes":[],"categories_segments":[],"categories_sizes":[],"default_left":[1,1,0,0,0],"id":9,"left_children":[1,3,-1,-1,-1],"loss_changes":[2.0034165E0,3.211422E-1,0E0,0E0,0E0],"parents":[2147483647,0,0,1,1],"right_children":[2,4,-1,-1,-1],"split_conditions":[1.917547E2,1.45E1,7.142574E-2,-4.9321238E-2,-2.8145894E-1],"split_indices":[24,36,0,0,0],"split_type":[0,0,0,0,0],"sum_hessian":[1.1570599E1,1.0125531E1,1.4450681E0,1.0729809E0,9.05255E0],"tree_param":{"num_deleted":"0","num_feature":"52","num_nodes":"5","size_leaf_vector":"0"}},{"base_weights":[-6.711706E-1,-9.134967E-1,5.289449E-2,4.1563767E-1,-4.0986854E-1],"categories":[],"categories_nodes":[],"categories_segments":[],"categories_sizes":[],"default_left":[1,0,1,0,0],"id":10,"left_children":[1,-1,3,-1,-1],"loss_changes":[1.8776565E0,0E0,7.678882E-1,0E0,0E0],"parents":[2147483647,0,0,2,2],"right_children":[2,-1,4,-1,-1],"split_conditions":[1.5357742E2,-2.74049E-1,7.1080894E1,1.2469131E-1,-1.2296057E-1],"split_indices":[25,0,50,0,0],"split_type":[0,0,0,0,0],"sum_hessian":[9.425959E0,6.866346E0,2.559613E0,1.4919567E0,1.0676562E0],"tree_param":{"num_deleted":"0","num_feature":"52","num_nodes":"5","size_leaf_vector":"0"}},{"base_weights":[-6.099523E-1,-8.735996E-1,3.6708318E-2,4.0041384E-1,-3.9992788E-1],"categories":[],"categories_nodes":[],"categories_segments":[],"categories_sizes":[],"default_left":[1,0,1,0,0],"id":11,"left_children":[1,-1,3,-1,-1],"loss_changes":[1.539988E0,0E0,7.193418E-1,0E0,0E0],"parents":[2147483647,0,0,2,2],"right_children":[2,-1,4,-1,-1],"split_conditions":[1.5357742E2,-2.620799E-1,1.005E2,1.20124154E-1,-1.1997837E-1],"split_indices":[25,0,19,0,0],"split_type":[0,0,0,0,0],"sum_hessian":[7.8446054E0,5.3233175E0,2.521288E0,1.4207779E0,1.1005099E0],"tree_param":{"num_deleted":"0","num_feature":"52","num_nodes":"5","size_leaf_vector":"0"}},{"base_weights":[-5.5046576E-1,-7.473179E-1,2.3059773E-1,-1.5429077E-1,-8.365315E-1],"categories":[],"categories_nodes":[],"categories_segments":[],"categories_sizes":[],"default_left":[1,1,0,0,0],"id":12,"left_children":[1,3,-1,-1,-1],"loss_changes":[1.3456497E0,2.0586991E-1,0E0,0E0,0E0],"parents":[2147483647,0,0,1,1],"right_children":[2,4,-1,-1,-1],"split_conditions":[1.917547E2,9.35E1,6.917933E-2,-4.628723E-2,-2.5095946E-1],"split_indices":[24,19,0,0,0],"split_type":[0,0,0,0,0],"sum_hessian":[6.6311483E0,5.330821E0,1.3003272E0,1.0540061E0,4.276815E0],"tree_param":{"num_deleted":"0","num_feature":"52","num_nodes":"5","size_leaf_vector":"0"}},{"base_weights":[-4.9259615E-1,-7.993104E-1,7.675277E-2,-2.8191754E-1,3.9860764E-1],"categories":[],"categories_nodes":[],"categories_segments":[],"categories_sizes":[],"default_left":[1,0,1,0,0],"id":13,"left_children":[1,-1,3,-1,-1],"loss_changes":[1.2263589E0,0E0,4.8733228E-1,0E0,0E0],"parents":[2147483647,0,0,2,2],"right_children":[2,-1,4,-1,-1],"split_conditions":[1.5357742E2,-2.3979312E-1,2.65E1,-8.4575266E-2,1.19582295E-1],"split_indices":[25,0,32,0,0],"split_type":[0,0,0,0,0],"sum_hessian":[5.6714015E0,3.4233205E0,2.248081E0,1.1219176E0,1.1261635E0],"tree_param":{"num_deleted":"0","num_feature":"52","num_nodes":"5","size_leaf_vector":"0"}},{"base_weights":[-4.3545985E-1,-7.516774E-1,6.436896E-2,-2.5266877E-1,3.3927727E-1],"categories":[],"categories_nodes":[],"categories_segments":[],"categories_sizes":[],"default_left":[1,0,1,0,0],"id":14,"left_children":[1,-1,3,-1,-1],"loss_changes":[9.897013E-1,0E0,3.6714625E-1,0E0,0E0],"parents":[2147483647,0,0,2,2],"right_children":[2,-1,4,-1,-1],"split_conditions":[1.5357742E2,-2.2550322E-1,2.85E1,-7.5800635E-2,1.01783186E-1],"split_indices":[25,0,31,0,0],"split_type":[0,0,0,0,0],"sum_hessian":[4.9556403E0,2.7267118E0,2.2289286E0,1.072717E0,1.1562116E0],"tree_param":{"num_deleted":"0","num_feature":"52","num_nodes":"5","size_leaf_vector":"0"}},{"base_weights":[-3.8405445E-1,-6.1150324E-1,2.2776689E-1,-7.093139E-1,-1.5072644E-1],"categories":[],"categories_nodes":[],"categories_segments":[],"categories_sizes":[],"default_left":[1,1,0,0,0],"id":15,"left_children":[1,3,-1,-1,-1],"loss_changes":[8.921998E-1,8.3081126E-2,0E0,0E0,0E0],"parents":[2147483647,0,0,1,1],"right_children":[2,4,-1,-1,-1],"split_conditions":[1.917547E2,3.45E1,6.833007E-2,-2.1279418E-1,-4.521793E-2],"split_indices":[24,37,0,0,0],"split_type":[0,0,0,0,0],"sum_hessian":[4.410537E0,3.2156255E0,1.1949111E0,2.2076194E0,1.0080061E0],"tree_param":{"num_deleted":"0","num_feature":"52","num_nodes":"5","size_leaf_vector":"0"}},{"base_weights":[-3.4077442E-1,-6.719627E-1,8.49816E-2,-2.2327983E-1,3.4845516E-1],"categories":[],"categories_nodes":[],"categories_segments":[],"categories_sizes":[],"default_left":[1,0,1,0,0],"id":16,"left_children":[1,-1,3,-1,-1],"loss_changes":[7.557864E-1,0E0,3.259838E-1,0E0,0E0],"parents":[2147483647,0,0,2,2],"right_children":[2,-1,4,-1,-1],"split_conditions":[1.5357742E2,-2.0158881E-1,2.65E1,-6.698395E-2,1.04536556E-1],"split_indices":[25,0,32,0,0],"split_type":[0,0,0,0,0],"sum_hessian":[3.9550018E0,1.8992931E0,2.055709E0,1.0176369E0,1.0380719E0],"tree_param":{"num_deleted":"0","num_feature":"52","num_nodes":"5","size_leaf_vector":"0"}},{"base_weights":[-2.9996997E-1,-5.2468854E-1,2.0578498E-1,-1.5697727E-1,-6.106201E-1],"categories":[],"categories_nodes":[],"categories_segments":[],"categories_sizes":[],"default_left":[1,1,0,0,0],"id":17,"left_children":[1,3,-1,-1,-1],"loss_changes":[6.31366E-1,1.3797939E-2,0E0,0E0,0E0],"parents":[2147483647,0,0,1,1],"right_children":[2,4,-1,-1,-1],"split_conditions":[1.917547E2,6.3052086E1,6.1735496E-2,-4.7093183E-2,-1.8318602E-1],"split_indices":[24,3,0,0,0],"split_type":[0,0,0,0,0],"sum_hessian":[3.6052024E0,2.4701996E0,1.135003E0,1.0033816E0,1.466818E0],"tree_param":{"num_deleted":"0","num_feature":"52","num_nodes":"5","size_leaf_vector":"0"}},{"base_weights":[-2.6806858E-1,2.2994725E-1,-4.8756543E-1,-4.8468586E-2,-6.571371E-1],"categories":[],"categories_nodes":[],"categories_segments":[],"categories_sizes":[],"default_left":[1,0,1,0,0],"id":18,"left_children":[1,-1,3,-1,-1],"loss_changes":[5.8427036E-1,0E0,2.1523601E-1,0E0,0E0],"parents":[2147483647,0,0,2,2],"right_children":[2,-1,4,-1,-1],"split_conditions":[9.45E1,6.898418E-2,2.85E1,-1.4540576E-2,-1.9714114E-1],"split_indices":[19,0,38,0,0],"split_type":[0,0,0,0,0],"sum_hessian":[3.3193073E0,1.0008563E0,2.318451E0,1.0041325E0,1.3143185E0],"tree_param":{"num_deleted":"0","num_feature":"52","num_nodes":"5","size_leaf_vector":"0"}},{"base_weights":[-2.3500772E-1,-5.769732E-1,1.24799795E-1],"categories":[],"categories_nodes":[],"categories_segments":[],"categories_sizes":[],"default_left":[1,0,0],"id":19,"left_children":[1,-1,-1],"loss_changes":[5.814365E-1,0E0,0E0],"parents":[2147483647,0,0],"right_children":[2,-1,-1],"split_conditions":[1.5357742E2,-1.7309196E-1,3.743994E-2],"split_indices":[25,0,0],"split_type":[0,0,0],"sum_hessian":[3.140305E0,1.3006196E0,1.8396856E0],"tree_param":{"num_deleted":"0","num_feature":"52","num_nodes":"3","size_leaf_vector":"0"}},{"base_weights":[-2.114582E-1,2.1572377E-1,-4.301403E-1],"categories":[],"categories_nodes":[],"categories_segments":[],"categories_sizes":[],"default_left":[1,0,0],"id":20,"left_children":[1,-1,-1],"loss_changes":[4.6153253E-1,0E0,0E0],"parents":[2147483647,0,0],"right_children":[2,-1,-1],"split_conditions":[2.6465E3,6.471714E-2,-1.2904209E-1],"split_indices":[20,0,0],"split_type":[0,0,0],"sum_hessian":[2.9472566E0,1.0024872E0,1.9447694E0],"tree_param":{"num_deleted":"0","num_feature":"52","num_nodes":"3","size_leaf_vector":"0"}},{"base_weights":[-1.7252979E-1,-5.123675E-1,1.3445547E-1],"categories":[],"categories_nodes":[],"categories_segments":[],"categories_sizes":[],"default_left":[1,0,0],"id":21,"left_children":[1,-1,-1],"loss_changes":[4.668249E-1,0E0,0E0],"parents":[2147483647,0,0],"right_children":[2,-1,-1],"split_conditions":[1.5357742E2,-1.5371025E-1,4.0336642E-2],"split_indices":[25,0,0],"split_type":[0,0,0],"sum_hessian":[2.8143654E0,1.0181867E0,1.7961787E0],"tree_param":{"num_deleted":"0","num_feature":"52","num_nodes":"3","size_leaf_vector":"0"}},{"base_weights":[-1.590463E-1,1.5016304E-1,-4.7561237E-1],"categories":[],"categories_nodes":[],"categories_segments":[],"categories_sizes":[],"default_left":[1,0,0],"id":22,"left_children":[1,-1,-1],"loss_changes":[4.3165416E-1,0E0,0E0],"parents":[2147483647,0,0],"right_children":[2,-1,-1],"split_conditions":[2.95E1,4.5048915E-2,-1.4268371E-1],"split_indices":[38,0,0],"split_type":[0,0,0],"sum_hessian":[2.680176E0,1.6217573E0,1.0584188E0],"tree_param":{"num_deleted":"0","num_feature":"52","num_nodes":"3","size_leaf_vector":"0"}},{"base_weights":[-1.4271367E-1,-3.763378E-1,2.2885536E-1],"categories":[],"categories_nodes":[],"categories_segments":[],"categories_sizes":[],"default_left":[1,0,0],"id":23,"left_children":[1,-1,-1],"loss_changes":[3.9903888E-1,0E0,0E0],"parents":[2147483647,0,0],"right_children":[2,-1,-1],"split_conditions":[1.9076141E2,-1.12901345E-1,6.865661E-2],"split_indices":[24,0,0],"split_type":[0,0,0],"sum_hessian":[2.6046653E0,1.5913006E0,1.0133648E0],"tree_param":{"num_deleted":"0","num_feature":"52","num_nodes":"3","size_leaf_vector":"0"}},{"base_weights":[-1.191731E-1,1.8942222E-1,-4.0614524E-1],"categories":[],"categories_nodes":[],"categories_segments":[],"categories_sizes":[],"default_left":[1,0,0],"id":24,"left_children":[1,-1,-1],"loss_changes":[3.8268614E-1,0E0,0E0],"parents":[2147483647,0,0],"right_children":[2,-1,-1],"split_conditions":[2.7555E3,5.682667E-2,-1.2184358E-1],"split_indices":[20,0,0],"split_type":[0,0,0],"sum_hessian":[2.4525657E0,1.3455536E0,1.1070122E0],"tree_param":{"num_deleted":"0","num_feature":"52","num_nodes":"3","size_leaf_vector":"0"}},{"base_weights":[-1.0572791E-1,1.5582196E-1,-3.5756E-1],"categories":[],"categories_nodes":[],"categories_segments":[],"categories_sizes":[],"default_left":[1,0,0],"id":25,"left_children":[1,-1,-1],"loss_changes":[2.78862E-1,0E0,0E0],"parents":[2147483647,0,0],"right_children":[2,-1,-1],"split_conditions":[2.7555E3,4.674659E-2,-1.07268006E-1],"split_indices":[20,0,0],"split_type":[0,0,0],"sum_hessian":[2.387849E0,1.3583399E0,1.0295093E0],"tree_param":{"num_deleted":"0","num_feature":"52","num_nodes":"3","size_leaf_vector":"0"}},{"base_weights":[-9.435148E-2,-3.0065072E-1,1.9149794E-1],"categories":[],"categories_nodes":[],"categories_segments":[],"categories_sizes":[],"default_left":[1,0,0],"id":26,"left_children":[1,-1,-1],"loss_changes":[2.5439224E-1,0E0,0E0],"parents":[2147483647,0,0],"right_children":[2,-1,-1],"split_conditions":[1.8801237E2,-9.0195216E-2,5.744938E-2],"split_indices":[24,0,0],"split_type":[0,0,0],"sum_hessian":[2.3375704E0,1.3276311E0,1.0099393E0],"tree_param":{"num_deleted":"0","num_feature":"52","num_nodes":"3","size_leaf_vector":"0"}},{"base_weights":[-7.927485E-2,1.9847842E-1,-2.994883E-1],"categories":[],"categories_nodes":[],"categories_segments":[],"categories_sizes":[],"default_left":[1,0,0],"id":27,"left_children":[1,-1,-1],"loss_changes":[2.576232E-1,0E0,0E0],"parents":[2147483647,0,0],"right_children":[2,-1,-1],"split_conditions":[5.885E2,5.9543528E-2,-8.984649E-2],"split_indices":[33,0,0],"split_type":[0,0,0],"sum_hessian":[2.2401083E0,1.03428E0,1.2058283E0],"tree_param":{"num_deleted":"0","num_feature":"52","num_nodes":"3","size_leaf_vector":"0"}},{"base_weights":[-6.651463E-2,1.757222E-1,-2.6362637E-1],"categories":[],"categories_nodes":[],"categories_segments":[],"categories_sizes":[],"default_left":[1,0,0],"id":28,"left_children":[1,-1,-1],"loss_changes":[1.9903935E-1,0E0,0E0],"parents":[2147483647,0,0],"right_children":[2,-1,-1],"split_conditions":[6.405208E1,5.271666E-2,-7.908791E-2],"split_indices":[3,0,0],"split_type":[0,0,0],"sum_hessian":[2.198359E0,1.0349683E0,1.1633908E0],"tree_param":{"num_deleted":"0","num_feature":"52","num_nodes":"3","size_leaf_vector":"0"}},{"base_weights":[-5.595288E-2,-2.4680035E-1,1.7730005E-1],"categories":[],"categories_nodes":[],"categories_segments":[],"categories_sizes":[],"default_left":[1,0,0],"id":29,"left_children":[1,-1,-1],"loss_changes":[1.8473734E-1,0E0,0E0],"parents":[2147483647,0,0],"right_children":[2,-1,-1],"split_conditions":[1.8543112E2,-7.404011E-2,5.319002E-2],"split_indices":[24,0,0],"split_type":[0,0,0],"sum_hessian":[2.1669624E0,1.1598737E0,1.0070885E0],"tree_param":{"num_deleted":"0","num_feature":"52","num_nodes":"3","size_leaf_vector":"0"}},{"base_weights":[-4.7421526E-2,-2.3507491E-1,1.6676864E-1],"categories":[],"categories_nodes":[],"categories_segments":[],"categories_sizes":[],"default_left":[1,0,0],"id":30,"left_children":[1,-1,-1],"loss_changes":[1.637634E-1,0E0,0E0],"parents":[2147483647,0,0],"right_children":[2,-1,-1],"split_conditions":[7.06875E1,-7.052247E-2,5.0030593E-2],"split_indices":[0,0,0],"split_type":[0,0,0],"sum_hessian":[2.0990148E0,1.066842E0,1.0321728E0],"tree_param":{"num_deleted":"0","num_feature":"52","num_nodes":"3","size_leaf_vector":"0"}},{"base_weights":[-4.092332E-2,1.5855251E-1,-2.1780854E-1],"categories":[],"categories_nodes":[],"categories_segments":[],"categories_sizes":[],"default_left":[1,0,0],"id":31,"left_children":[1,-1,-1],"loss_changes":[1.4230068E-1,0E0,0E0],"parents":[2147483647,0,0],"right_children":[2,-1,-1],"split_conditions":[6.409375E1,4.7565755E-2,-6.534257E-2],"split_indices":[3,0,0],"split_type":[0,0,0],"sum_hessian":[2.0542338E0,1.0141758E0,1.0400579E0],"tree_param":{"num_deleted":"0","num_feature":"52","num_nodes":"3","size_leaf_vector":"0"}},{"base_weights":[-3.5053648E-2,1.4772306E-1,-1.9743359E-1],"categories":[],"categories_nodes":[],"categories_segments":[],"categories_sizes":[],"default_left":[1,0,0],"id":32,"left_children":[1,-1,-1],"loss_changes":[1.192892E-1,0E0,0E0],"parents":[2147483647,0,0],"right_children":[2,-1,-1],"split_conditions":[6.407292E1,4.431692E-2,-5.9230078E-2],"split_indices":[3,0,0],"split_type":[0,0,0],"sum_hessian":[2.0365875E0,1.0005828E0,1.0360045E0],"tree_param":{"num_deleted":"0","num_feature":"52","num_nodes":"3","size_leaf_vector":"0"}},{"base_weights":[-2.9919023E-2,-1.8284667E-1,1.3847136E-1],"categories":[],"categories_nodes":[],"categories_segments":[],"categories_sizes":[],"default_left":[1,0,0],"id":33,"left_children":[1,-1,-1],"loss_changes":[1.0311501E-1,0E0,0E0],"parents":[2147483647,0,0],"right_children":[2,-1,-1],"split_conditions":[1.803138E2,-5.4854E-2,4.1541412E-2],"split_indices":[24,0,0],"split_type":[0,0,0],"sum_hessian":[2.021022E0,1.0141492E0,1.0068729E0],"tree_param":{"num_deleted":"0","num_feature":"52","num_nodes":"3","size_leaf_vector":"0"}},{"base_weights":[-2.6030615E-2],"categories":[],"categories_nodes":[],"categories_segments":[],"categories_sizes":[],"default_left":[0],"id":34,"left_children":[-1],"loss_changes":[0E0],"parents":[2147483647],"right_children":[-1],"split_conditions":[-7.809185E-3],"split_indices":[0],"split_type":[0],"sum_hessian":[1.9801757E0],"tree_param":{"num_deleted":"0","num_feature":"52","num_nodes":"1","size_leaf_vector":"0"}},{"base_weights":[-2.08817E-2],"categories":[],"categories_nodes":[],"categories_segments":[],"categories_sizes":[],"default_left":[0],"id":35,"left_children":[-1],"loss_changes":[0E0],"parents":[2147483647],"right_children":[-1],"split_conditions":[-6.26451E-3],"split_indices":[0],"split_type":[0],"sum_hessian":[1.9753832E0],"tree_param":{"num_deleted":"0","num_feature":"52","num_nodes":"1","size_leaf_vector":"0"}},{"base_weights":[-1.6748007E-2],"categories":[],"categories_nodes":[],"categories_segments":[],"categories_sizes":[],"default_left":[0],"id":36,"left_children":[-1],"loss_changes":[0E0],"parents":[2147483647],"right_children":[-1],"split_conditions":[-5.0244024E-3],"split_indices":[0],"split_type":[0],"sum_hessian":[1.9715755E0],"tree_param":{"num_deleted":"0","num_feature":"52","num_nodes":"1","size_leaf_vector":"0"}},{"base_weights":[-1.3430693E-2],"categories":[],"categories_nodes":[],"categories_segments":[],"categories_sizes":[],"default_left":[0],"id":37,"left_children":[-1],"loss_changes":[0E0],"parents":[2147483647],"right_children":[-1],"split_conditions":[-4.0292083E-3],"split_indices":[0],"split_type":[0],"sum_hessian":[1.9685453E0],"tree_param":{"num_deleted":"0","num_feature":"52","num_nodes":"1","size_leaf_vector":"0"}},{"base_weights":[-1.07692005E-2],"categories":[],"categories_nodes":[],"categories_segments":[],"categories_sizes":[],"default_left":[0],"id":38,"left_children":[-1],"loss_changes":[0E0],"parents":[2147483647],"right_children":[-1],"split_conditions":[-3.2307603E-3],"split_indices":[0],"split_type":[0],"sum_hessian":[1.9661304E0],"tree_param":{"num_deleted":"0","num_feature":"52","num_nodes":"1","size_leaf_vector":"0"}},{"base_weights":[-8.634322E-3],"categories":[],"categories_nodes":[],"categories_segments":[],"categories_sizes":[],"default_left":[0],"id":39,"left_children":[-1],"loss_changes":[0E0],"parents":[2147483647],"right_children":[-1],"split_conditions":[-2.5902968E-3],"split_indices":[0],"split_type":[0],"sum_hessian":[1.9642038E0],"tree_param":{"num_deleted":"0","num_feature":"52","num_nodes":"1","size_leaf_vector":"0"}},{"base_weights":[-6.9222148E-3],"categories":[],"categories_nodes":[],"categories_segments":[],"categories_sizes":[],"default_left":[0],"id":40,"left_children":[-1],"loss_changes":[0E0],"parents":[2147483647],"right_children":[-1],"split_conditions":[-2.0766645E-3],"split_indices":[0],"split_type":[0],"sum_hessian":[1.9626654E0],"tree_param":{"num_deleted":"0","num_feature":"52","num_nodes":"1","size_leaf_vector":"0"}},{"base_weights":[-5.549143E-3],"categories":[],"categories_nodes":[],"categories_segments":[],"categories_sizes":[],"default_left":[0],"id":41,"left_children":[-1],"loss_changes":[0E0],"parents":[2147483647],"right_children":[-1],"split_conditions":[-1.664743E-3],"split_indices":[0],"split_type":[0],"sum_hessian":[1.9614362E0],"tree_param":{"num_deleted":"0","num_feature":"52","num_nodes":"1","size_leaf_vector":"0"}},{"base_weights":[-4.4483454E-3],"categories":[],"categories_nodes":[],"categories_segments":[],"categories_sizes":[],"default_left":[0],"id":42,"left_children":[-1],"loss_changes":[0E0],"parents":[2147483647],"right_children":[-1],"split_conditions":[-1.3345036E-3],"split_indices":[0],"split_type":[0],"sum_hessian":[1.9604532E0],"tree_param":{"num_deleted":"0","num_feature":"52","num_nodes":"1","size_leaf_vector":"0"}},{"base_weights":[-3.5658034E-3],"categories":[],"categories_nodes":[],"categories_segments":[],"categories_sizes":[],"default_left":[0],"id":43,"left_children":[-1],"loss_changes":[0E0],"parents":[2147483647],"right_children":[-1],"split_conditions":[-1.0697411E-3],"split_indices":[0],"split_type":[0],"sum_hessian":[1.9596666E0],"tree_param":{"num_deleted":"0","num_feature":"52","num_nodes":"1","size_leaf_vector":"0"}},{"base_weights":[-2.8582194E-3],"categories":[],"categories_nodes":[],"categories_segments":[],"categories_sizes":[],"default_left":[0],"id":44,"left_children":[-1],"loss_changes":[0E0],"parents":[2147483647],"right_children":[-1],"split_conditions":[-8.5746584E-4],"split_indices":[0],"split_type":[0],"sum_hessian":[1.9590374E0],"tree_param":{"num_deleted":"0","num_feature":"52","num_nodes":"1","size_leaf_vector":"0"}},{"base_weights":[-2.2910074E-3],"categories":[],"categories_nodes":[],"categories_segments":[],"categories_sizes":[],"default_left":[0],"id":45,"left_children":[-1],"loss_changes":[0E0],"parents":[2147483647],"right_children":[-1],"split_conditions":[-6.8730226E-4],"split_indices":[0],"split_type":[0],"sum_hessian":[1.9585338E0],"tree_param":{"num_deleted":"0","num_feature":"52","num_nodes":"1","size_leaf_vector":"0"}},{"base_weights":[-1.8363749E-3],"categories":[],"categories_nodes":[],"categories_segments":[],"categories_sizes":[],"default_left":[0],"id":46,"left_children":[-1],"loss_changes":[0E0],"parents":[2147483647],"right_children":[-1],"split_conditions":[-5.5091246E-4],"split_indices":[0],"split_type":[0],"sum_hessian":[1.9581305E0],"tree_param":{"num_deleted":"0","num_feature":"52","num_nodes":"1","size_leaf_vector":"0"}},{"base_weights":[-1.471863E-3],"categories":[],"categories_nodes":[],"categories_segments":[],"categories_sizes":[],"default_left":[0],"id":47,"left_children":[-1],"loss_changes":[0E0],"parents":[2147483647],"right_children":[-1],"split_conditions":[-4.4155892E-4],"split_indices":[0],"split_type":[0],"sum_hessian":[1.9578075E0],"tree_param":{"num_deleted":"0","num_feature":"52","num_nodes":"1","size_leaf_vector":"0"}},{"base_weights":[-1.1797082E-3],"categories":[],"categories_nodes":[],"categories_segments":[],"categories_sizes":[],"default_left":[0],"id":48,"left_children":[-1],"loss_changes":[0E0],"parents":[2147483647],"right_children":[-1],"split_conditions":[-3.5391247E-4],"split_indices":[0],"split_type":[0],"sum_hessian":[1.9575489E0],"tree_param":{"num_deleted":"0","num_feature":"52","num_nodes":"1","size_leaf_vector":"0"}},{"base_weights":[-9.4559375E-4],"categories":[],"categories_nodes":[],"categories_segments":[],"categories_sizes":[],"default_left":[0],"id":49,"left_children":[-1],"loss_changes":[0E0],"parents":[2147483647],"right_children":[-1],"split_conditions":[-2.8367815E-4],"split_indices":[0],"split_type":[0],"sum_hessian":[1.9573416E0],"tree_param":{"num_deleted":"0","num_feature":"52","num_nodes":"1","size_leaf_vector":"0"}},{"base_weights":[-7.5789075E-4],"categories":[],"categories_nodes":[],"categories_segments":[],"categories_sizes":[],"default_left":[0],"id":50,"left_children":[-1],"loss_changes":[0E0],"parents":[2147483647],"right_children":[-1],"split_conditions":[-2.2736723E-4],"split_indices":[0],"split_type":[0],"sum_hessian":[1.9571755E0],"tree_param":{"num_deleted":"0","num_feature":"52","num_nodes":"1","size_leaf_vector":"0"}},{"base_weights":[-6.073829E-4],"categories":[],"categories_nodes":[],"categories_segments":[],"categories_sizes":[],"default_left":[0],"id":51,"left_children":[-1],"loss_changes":[0E0],"parents":[2147483647],"right_children":[-1],"split_conditions":[-1.8221488E-4],"split_indices":[0],"split_type":[0],"sum_hessian":[1.9570425E0],"tree_param":{"num_deleted":"0","num_feature":"52","num_nodes":"1","size_leaf_vector":"0"}},{"base_weights":[-4.8682213E-4],"categories":[],"categories_nodes":[],"categories_segments":[],"categories_sizes":[],"default_left":[0],"id":52,"left_children":[-1],"loss_changes":[0E0],"parents":[2147483647],"right_children":[-1],"split_conditions":[-1.4604664E-4],"split_indices":[0],"split_type":[0],"sum_hessian":[1.9569359E0],"tree_param":{"num_deleted":"0","num_feature":"52","num_nodes":"1","size_leaf_vector":"0"}},{"base_weights":[-3.9017847E-4],"categories":[],"categories_nodes":[],"categories_segments":[],"categories_sizes":[],"default_left":[0],"id":53,"left_children":[-1],"loss_changes":[0E0],"parents":[2147483647],"right_children":[-1],"split_conditions":[-1.1705355E-4],"split_indices":[0],"split_type":[0],"sum_hessian":[1.9568505E0],"tree_param":{"num_deleted":"0","num_feature":"52","num_nodes":"1","size_leaf_vector":"0"}},{"base_weights":[-3.127687E-4],"categories":[],"categories_nodes":[],"categories_segments":[],"categories_sizes":[],"default_left":[0],"id":54,"left_children":[-1],"loss_changes":[0E0],"parents":[2147483647],"right_children":[-1],"split_conditions":[-9.383062E-5],"split_indices":[0],"split_type":[0],"sum_hessian":[1.9567821E0],"tree_param":{"num_deleted":"0","num_feature":"52","num_nodes":"1","size_leaf_vector":"0"}},{"base_weights":[-2.5061046E-4],"categories":[],"categories_nodes":[],"categories_segments":[],"categories_sizes":[],"default_left":[0],"id":55,"left_children":[-1],"loss_changes":[0E0],"parents":[2147483647],"right_children":[-1],"split_conditions":[-7.518314E-5],"split_indices":[0],"split_type":[0],"sum_hessian":[1.9567273E0],"tree_param":{"num_deleted":"0","num_feature":"52","num_nodes":"1","size_leaf_vector":"0"}},{"base_weights":[-2.0092588E-4],"categories":[],"categories_nodes":[],"categories_segments":[],"categories_sizes":[],"default_left":[0],"id":56,"left_children":[-1],"loss_changes":[0E0],"parents":[2147483647],"right_children":[-1],"split_conditions":[-6.0277765E-5],"split_indices":[0],"split_type":[0],"sum_hessian":[1.956683E0],"tree_param":{"num_deleted":"0","num_feature":"52","num_nodes":"1","size_leaf_vector":"0"}},{"base_weights":[-1.610019E-4],"categories":[],"categories_nodes":[],"categories_segments":[],"categories_sizes":[],"default_left":[0],"id":57,"left_children":[-1],"loss_changes":[0E0],"parents":[2147483647],"right_children":[-1],"split_conditions":[-4.830057E-5],"split_indices":[0],"split_type":[0],"sum_hessian":[1.956648E0],"tree_param":{"num_deleted":"0","num_feature":"52","num_nodes":"1","size_leaf_vector":"0"}},{"base_weights":[-1.290588E-4],"categories":[],"categories_nodes":[],"categories_segments":[],"categories_sizes":[],"default_left":[0],"id":58,"left_children":[-1],"loss_changes":[0E0],"parents":[2147483647],"right_children":[-1],"split_conditions":[-3.871764E-5],"split_indices":[0],"split_type":[0],"sum_hessian":[1.9566199E0],"tree_param":{"num_deleted":"0","num_feature":"52","num_nodes":"1","size_leaf_vector":"0"}},{"base_weights":[-1.0349695E-4],"categories":[],"categories_nodes":[],"categories_segments":[],"categories_sizes":[],"default_left":[0],"id":59,"left_children":[-1],"loss_changes":[0E0],"parents":[2147483647],"right_children":[-1],"split_conditions":[-3.1049087E-5],"split_indices":[0],"split_type":[0],"sum_hessian":[1.9565972E0],"tree_param":{"num_deleted":"0","num_feature":"52","num_nodes":"1","size_leaf_vector":"0"}},{"base_weights":[-8.2924234E-5],"categories":[],"categories_nodes":[],"categories_segments":[],"categories_sizes":[],"default_left":[0],"id":60,"left_children":[-1],"loss_changes":[0E0],"parents":[2147483647],"right_children":[-1],"split_conditions":[-2.4877272E-5],"split_indices":[0],"split_type":[0],"sum_hessian":[1.9565792E0],"tree_param":{"num_deleted":"0","num_feature":"52","num_nodes":"1","size_leaf_vector":"0"}},{"base_weights":[-6.652798E-5],"categories":[],"categories_nodes":[],"categories_segments":[],"categories_sizes":[],"default_left":[0],"id":61,"left_children":[-1],"loss_changes":[0E0],"parents":[2147483647],"right_children":[-1],"split_conditions":[-1.9958396E-5],"split_indices":[0],"split_type":[0],"sum_hessian":[1.9565647E0],"tree_param":{"num_deleted":"0","num_feature":"52","num_nodes":"1","size_leaf_vector":"0"}},{"base_weights":[-5.330626E-5],"categories":[],"categories_nodes":[],"categories_segments":[],"categories_sizes":[],"default_left":[0],"id":62,"left_children":[-1],"loss_changes":[0E0],"parents":[2147483647],"right_children":[-1],"split_conditions":[-1.5991878E-5],"split_indices":[0],"split_type":[0],"sum_hessian":[1.9565529E0],"tree_param":{"num_deleted":"0","num_feature":"52","num_nodes":"1","size_leaf_vector":"0"}},{"base_weights":[-4.272486E-5],"categories":[],"categories_nodes":[],"categories_segments":[],"categories_sizes":[],"default_left":[0],"id":63,"left_children":[-1],"loss_changes":[0E0],"parents":[2147483647],"right_children":[-1],"split_conditions":[-1.2817459E-5],"split_indices":[0],"split_type":[0],"sum_hessian":[1.9565434E0],"tree_param":{"num_deleted":"0","num_feature":"52","num_nodes":"1","size_leaf_vector":"0"}},{"base_weights":[-3.4159755E-5],"categories":[],"categories_nodes":[],"categories_segments":[],"categories_sizes":[],"default_left":[0],"id":64,"left_children":[-1],"loss_changes":[0E0],"parents":[2147483647],"right_children":[-1],"split_conditions":[-1.0247927E-5],"split_indices":[0],"split_type":[0],"sum_hessian":[1.9565359E0],"tree_param":{"num_deleted":"0","num_feature":"52","num_nodes":"1","size_leaf_vector":"0"}},{"base_weights":[-2.7407368E-5],"categories":[],"categories_nodes":[],"categories_segments":[],"categories_sizes":[],"default_left":[0],"id":65,"left_children":[-1],"loss_changes":[0E0],"parents":[2147483647],"right_children":[-1],"split_conditions":[-8.22221E-6],"split_indices":[0],"split_type":[0],"sum_hessian":[1.9565301E0],"tree_param":{"num_deleted":"0","num_feature":"52","num_nodes":"1","size_leaf_vector":"0"}},{"base_weights":[-2.2001303E-5],"categories":[],"categories_nodes":[],"categories_segments":[],"categories_sizes":[],"default_left":[0],"id":66,"left_children":[-1],"loss_changes":[0E0],"parents":[2147483647],"right_children":[-1],"split_conditions":[-6.600391E-6],"split_indices":[0],"split_type":[0],"sum_hessian":[1.9565254E0],"tree_param":{"num_deleted":"0","num_feature":"52","num_nodes":"1","size_leaf_vector":"0"}},{"base_weights":[-1.7633081E-5],"categories":[],"categories_nodes":[],"categories_segments":[],"categories_sizes":[],"default_left":[0],"id":67,"left_children":[-1],"loss_changes":[0E0],"parents":[2147483647],"right_children":[-1],"split_conditions":[-5.2899245E-6],"split_indices":[0],"split_type":[0],"sum_hessian":[1.9565214E0],"tree_param":{"num_deleted":"0","num_feature":"52","num_nodes":"1","size_leaf_vector":"0"}},{"base_weights":[-1.415151E-5],"categories":[],"categories_nodes":[],"categories_segments":[],"categories_sizes":[],"default_left":[0],"id":68,"left_children":[-1],"loss_changes":[0E0],"parents":[2147483647],"right_children":[-1],"split_conditions":[-4.245453E-6],"split_indices":[0],"split_type":[0],"sum_hessian":[1.9565184E0],"tree_param":{"num_deleted":"0","num_feature":"52","num_nodes":"1","size_leaf_vector":"0"}},{"base_weights":[-1.1266178E-5],"categories":[],"categories_nodes":[],"categories_segments":[],"categories_sizes":[],"default_left":[0],"id":69,"left_children":[-1],"loss_changes":[0E0],"parents":[2147483647],"right_children":[-1],"split_conditions":[-3.3798535E-6],"split_indices":[0],"split_type":[0],"sum_hessian":[1.956516E0],"tree_param":{"num_deleted":"0","num_feature":"52","num_nodes":"1","size_leaf_vector":"0"}},{"base_weights":[-9.047414E-6],"categories":[],"categories_nodes":[],"categories_segments":[],"categories_sizes":[],"default_left":[0],"id":70,"left_children":[-1],"loss_changes":[0E0],"parents":[2147483647],"right_children":[-1],"split_conditions":[-2.7142244E-6],"split_indices":[0],"split_type":[0],"sum_hessian":[1.956514E0],"tree_param":{"num_deleted":"0","num_feature":"52","num_nodes":"1","size_leaf_vector":"0"}},{"base_weights":[-7.3453375E-6],"categories":[],"categories_nodes":[],"categories_segments":[],"categories_sizes":[],"default_left":[0],"id":71,"left_children":[-1],"loss_changes":[0E0],"parents":[2147483647],"right_children":[-1],"split_conditions":[-2.2036013E-6],"split_indices":[0],"split_type":[0],"sum_hessian":[1.9565122E0],"tree_param":{"num_deleted":"0","num_feature":"52","num_nodes":"1","size_leaf_vector":"0"}},{"base_weights":[-5.8020014E-6],"categories":[],"categories_nodes":[],"categories_segments":[],"categories_sizes":[],"default_left":[0],"id":72,"left_children":[-1],"loss_changes":[0E0],"parents":[2147483647],"right_children":[-1],"split_conditions":[-1.7406005E-6],"split_indices":[0],"split_type":[0],"sum_hessian":[1.956511E0],"tree_param":{"num_deleted":"0","num_feature":"52","num_nodes":"1","size_leaf_vector":"0"}},{"base_weights":[-4.642717E-6],"categories":[],"categories_nodes":[],"categories_segments":[],"categories_sizes":[],"default_left":[0],"id":73,"left_children":[-1],"loss_changes":[0E0],"parents":[2147483647],"right_children":[-1],"split_conditions":[-1.3928152E-6],"split_indices":[0],"split_type":[0],"sum_hessian":[1.95651E0],"tree_param":{"num_deleted":"0","num_feature":"52","num_nodes":"1","size_leaf_vector":"0"}},{"base_weights":[-3.6602692E-6],"categories":[],"categories_nodes":[],"categories_segments":[],"categories_sizes":[],"default_left":[0],"id":74,"left_children":[-1],"loss_changes":[0E0],"parents":[2147483647],"right_children":[-1],"split_conditions":[-1.0980808E-6],"split_indices":[0],"split_type":[0],"sum_hessian":[1.9565091E0],"tree_param":{"num_deleted":"0","num_feature":"52","num_nodes":"1","size_leaf_vector":"0"}},{"base_weights":[-2.9782982E-6],"categories":[],"categories_nodes":[],"categories_segments":[],"categories_sizes":[],"default_left":[0],"id":75,"left_children":[-1],"loss_changes":[0E0],"parents":[2147483647],"right_children":[-1],"split_conditions":[-8.9348947E-7],"split_indices":[0],"split_type":[0],"sum_hessian":[1.9565084E0],"tree_param":{"num_deleted":"0","num_feature":"52","num_nodes":"1","size_leaf_vector":"0"}},{"base_weights":[-2.345232E-6],"categories":[],"categories_nodes":[],"categories_segments":[],"categories_sizes":[],"default_left":[0],"id":76,"left_children":[-1],"loss_changes":[0E0],"parents":[2147483647],"right_children":[-1],"split_conditions":[-7.035696E-7],"split_indices":[0],"split_type":[0],"sum_hessian":[1.9565079E0],"tree_param":{"num_deleted":"0","num_feature":"52","num_nodes":"1","size_leaf_vector":"0"}},{"base_weights":[-1.934718E-6],"categories":[],"categories_nodes":[],"categories_segments":[],"categories_sizes":[],"default_left":[0],"id":77,"left_children":[-1],"loss_changes":[0E0],"parents":[2147483647],"right_children":[-1],"split_conditions":[-5.804154E-7],"split_indices":[0],"split_type":[0],"sum_hessian":[1.9565076E0],"tree_param":{"num_deleted":"0","num_feature":"52","num_nodes":"1","size_leaf_vector":"0"}},{"base_weights":[-1.6342797E-6],"categories":[],"categories_nodes":[],"categories_segments":[],"categories_sizes":[],"default_left":[0],"id":78,"left_children":[-1],"loss_changes":[0E0],"parents":[2147483647],"right_children":[-1],"split_conditions":[-4.902839E-7],"split_indices":[0],"split_type":[0],"sum_hessian":[1.9565072E0],"tree_param":{"num_deleted":"0","num_feature":"52","num_nodes":"1","size_leaf_vector":"0"}},{"base_weights":[-1.2973791E-6],"categories":[],"categories_nodes":[],"categories_segments":[],"categories_sizes":[],"default_left":[0],"id":79,"left_children":[-1],"loss_changes":[0E0],"parents":[2147483647],"right_children":[-1],"split_conditions":[-3.8921374E-7],"split_indices":[0],"split_type":[0],"sum_hessian":[1.9565071E0],"tree_param":{"num_deleted":"0","num_feature":"52","num_nodes":"1","size_leaf_vector":"0"}},{"base_weights":[-1.0234405E-6],"categories":[],"categories_nodes":[],"categories_segments":[],"categories_sizes":[],"default_left":[0],"id":80,"left_children":[-1],"loss_changes":[0E0],"parents":[2147483647],"right_children":[-1],"split_conditions":[-3.0703217E-7],"split_indices":[0],"split_type":[0],"sum_hessian":[1.9565067E0],"tree_param":{"num_deleted":"0","num_feature":"52","num_nodes":"1","size_leaf_vector":"0"}},{"base_weights":[-7.7820704E-7],"categories":[],"categories_nodes":[],"categories_segments":[],"categories_sizes":[],"default_left":[0],"id":81,"left_children":[-1],"loss_changes":[0E0],"parents":[2147483647],"right_children":[-1],"split_conditions":[-2.3346212E-7],"split_indices":[0],"split_type":[0],"sum_hessian":[1.9565065E0],"tree_param":{"num_deleted":"0","num_feature":"52","num_nodes":"1","size_leaf_vector":"0"}},{"base_weights":[-6.704744E-7],"categories":[],"categories_nodes":[],"categories_segments":[],"categories_sizes":[],"default_left":[0],"id":82,"left_children":[-1],"loss_changes":[0E0],"parents":[2147483647],"right_children":[-1],"split_conditions":[-2.0114233E-7],"split_indices":[0],"split_type":[0],"sum_hessian":[1.9565065E0],"tree_param":{"num_deleted":"0","num_feature":"52","num_nodes":"1","size_leaf_vector":"0"}},{"base_weights":[-5.444713E-7],"categories":[],"categories_nodes":[],"categories_segments":[],"categories_sizes":[],"default_left":[0],"id":83,"left_children":[-1],"loss_changes":[0E0],"parents":[2147483647],"right_children":[-1],"split_conditions":[-1.6334138E-7],"split_indices":[0],"split_type":[0],"sum_hessian":[1.9565065E0],"tree_param":{"num_deleted":"0","num_feature":"52","num_nodes":"1","size_leaf_vector":"0"}},{"base_weights":[-4.984802E-7],"categories":[],"categories_nodes":[],"categories_segments":[],"categories_sizes":[],"default_left":[0],"id":84,"left_children":[-1],"loss_changes":[0E0],"parents":[2147483647],"right_children":[-1],"split_conditions":[-1.4954406E-7],"split_indices":[0],"split_type":[0],"sum_hessian":[1.9565064E0],"tree_param":{"num_deleted":"0","num_feature":"52","num_nodes":"1","size_leaf_vector":"0"}},{"base_weights":[-3.8003722E-7],"categories":[],"categories_nodes":[],"categories_segments":[],"categories_sizes":[],"default_left":[0],"id":85,"left_children":[-1],"loss_changes":[0E0],"parents":[2147483647],"right_children":[-1],"split_conditions":[-1.1401117E-7],"split_indices":[0],"split_type":[0],"sum_hessian":[1.9565064E0],"tree_param":{"num_deleted":"0","num_feature":"52","num_nodes":"1","size_leaf_vector":"0"}},{"base_weights":[-3.6995698E-7],"categories":[],"categories_nodes":[],"categories_segments":[],"categories_sizes":[],"default_left":[0],"id":86,"left_children":[-1],"loss_changes":[0E0],"parents":[2147483647],"right_children":[-1],"split_conditions":[-1.10987095E-7],"split_indices":[0],"split_type":[0],"sum_hessian":[1.9565064E0],"tree_param":{"num_deleted":"0","num_feature":"52","num_nodes":"1","size_leaf_vector":"0"}},{"base_weights":[-3.4979647E-7],"categories":[],"categories_nodes":[],"categories_segments":[],"categories_sizes":[],"default_left":[0],"id":87,"left_children":[-1],"loss_changes":[0E0],"parents":[2147483647],"right_children":[-1],"split_conditions":[-1.0493894E-7],"split_indices":[0],"split_type":[0],"sum_hessian":[1.9565064E0],"tree_param":{"num_deleted":"0","num_feature":"52","num_nodes":"1","size_leaf_vector":"0"}},{"base_weights":[-2.741946E-7],"categories":[],"categories_nodes":[],"categories_segments":[],"categories_sizes":[],"default_left":[0],"id":88,"left_children":[-1],"loss_changes":[0E0],"parents":[2147483647],"right_children":[-1],"split_conditions":[-8.225838E-8],"split_indices":[0],"split_type":[0],"sum_hessian":[1.9565064E0],"tree_param":{"num_deleted":"0","num_feature":"52","num_nodes":"1","size_leaf_vector":"0"}},{"base_weights":[-2.3387359E-7],"categories":[],"categories_nodes":[],"categories_segments":[],"categories_sizes":[],"default_left":[0],"id":89,"left_children":[-1],"loss_changes":[0E0],"parents":[2147483647],"right_children":[-1],"split_conditions":[-7.016208E-8],"split_indices":[0],"split_type":[0],"sum_hessian":[1.9565065E0],"tree_param":{"num_deleted":"0","num_feature":"52","num_nodes":"1","size_leaf_vector":"0"}},{"base_weights":[-2.2379335E-7],"categories":[],"categories_nodes":[],"categories_segments":[],"categories_sizes":[],"default_left":[0],"id":90,"left_children":[-1],"loss_changes":[0E0],"parents":[2147483647],"right_children":[-1],"split_conditions":[-6.713801E-8],"split_indices":[0],"split_type":[0],"sum_hessian":[1.9565065E0],"tree_param":{"num_deleted":"0","num_feature":"52","num_nodes":"1","size_leaf_vector":"0"}},{"base_weights":[-1.7843222E-7],"categories":[],"categories_nodes":[],"categories_segments":[],"categories_sizes":[],"default_left":[0],"id":91,"left_children":[-1],"loss_changes":[0E0],"parents":[2147483647],"right_children":[-1],"split_conditions":[-5.3529668E-8],"split_indices":[0],"split_type":[0],"sum_hessian":[1.9565065E0],"tree_param":{"num_deleted":"0","num_feature":"52","num_nodes":"1","size_leaf_vector":"0"}},{"base_weights":[-1.7843222E-7],"categories":[],"categories_nodes":[],"categories_segments":[],"categories_sizes":[],"default_left":[0],"id":92,"left_children":[-1],"loss_changes":[0E0],"parents":[2147483647],"right_children":[-1],"split_conditions":[-5.3529668E-8],"split_indices":[0],"split_type":[0],"sum_hessian":[1.9565065E0],"tree_param":{"num_deleted":"0","num_feature":"52","num_nodes":"1","size_leaf_vector":"0"}},{"base_weights":[-1.7843222E-7],"categories":[],"categories_nodes":[],"categories_segments":[],"categories_sizes":[],"default_left":[0],"id":93,"left_children":[-1],"loss_changes":[0E0],"parents":[2147483647],"right_children":[-1],"split_conditions":[-5.3529668E-8],"split_indices":[0],"split_type":[0],"sum_hessian":[1.9565065E0],"tree_param":{"num_deleted":"0","num_feature":"52","num_nodes":"1","size_leaf_vector":"0"}},{"base_weights":[-1.7843222E-7],"categories":[],"categories_nodes":[],"categories_segments":[],"categories_sizes":[],"default_left":[0],"id":94,"left_children":[-1],"loss_changes":[0E0],"parents":[2147483647],"right_children":[-1],"split_conditions":[-5.3529668E-8],"split_indices":[0],"split_type":[0],"sum_hessian":[1.9565065E0],"tree_param":{"num_deleted":"0","num_feature":"52","num_nodes":"1","size_leaf_vector":"0"}},{"base_weights":[-1.7843222E-7],"categories":[],"categories_nodes":[],"categories_segments":[],"categories_sizes":[],"default_left":[0],"id":95,"left_children":[-1],"loss_changes":[0E0],"parents":[2147483647],"right_children":[-1],"split_conditions":[-5.3529668E-8],"split_indices":[0],"split_type":[0],"sum_hessian":[1.9565065E0],"tree_param":{"num_deleted":"0","num_feature":"52","num_nodes":"1","size_leaf_vector":"0"}},{"base_weights":[-1.3811122E-7],"categories":[],"categories_nodes":[],"categories_segments":[],"categories_sizes":[],"default_left":[0],"id":96,"left_children":[-1],"loss_changes":[0E0],"parents":[2147483647],"right_children":[-1],"split_conditions":[-4.1433367E-8],"split_indices":[0],"split_type":[0],"sum_hessian":[1.9565065E0],"tree_param":{"num_deleted":"0","num_feature":"52","num_nodes":"1","size_leaf_vector":"0"}},{"base_weights":[-1.3811122E-7],"categories":[],"categories_nodes":[],"categories_segments":[],"categories_sizes":[],"default_left":[0],"id":97,"left_children":[-1],"loss_changes":[0E0],"parents":[2147483647],"right_children":[-1],"split_conditions":[-4.1433367E-8],"split_indices":[0],"split_type":[0],"sum_hessian":[1.9565065E0],"tree_param":{"num_deleted":"0","num_feature":"52","num_nodes":"1","size_leaf_vector":"0"}},{"base_weights":[-1.3811122E-7],"categories":[],"categories_nodes":[],"categories_segments":[],"categories_sizes":[],"default_left":[0],"id":98,"left_children":[-1],"loss_changes":[0E0],"parents":[2147483647],"right_children":[-1],"split_conditions":[-4.1433367E-8],"split_indices":[0],"split_type":[0],"sum_hessian":[1.9565065E0],"tree_param":{"num_deleted":"0","num_feature":"52","num_nodes":"1","size_leaf_vector":"0"}},{"base_weights":[-1.3811122E-7],"categories":[],"categories_nodes":[],"categories_segments":[],"categories_sizes":[],"default_left":[0],"id":99,"left_children":[-1],"loss_changes":[0E0],"parents":[2147483647],"right_children":[-1],"split_conditions":[-4.1433367E-8],"split_indices":[0],"split_type":[0],"sum_hessian":[1.9565065E0],"tree_param":{"num_deleted":"0","num_feature":"52","num_nodes":"1","size_leaf_vector":"0"}}]},"name":"gbtree"},"learner_model_param":{"base_score":"5E-1","num_class":"0","num_feature":"52","num_target":"1"},"objective":{"name":"binary:logistic","reg_loss_param":{"scale_pos_weight":"1"}}},"version":[1,6,2]}