{"learner":{"attributes":{"best_iteration":"99","best_ntree_limit":"100","scikit_learn":"{\"use_label_encoder\": false, \"n_estimators\": 100, \"objective\": \"binary:logistic\", \"max_depth\": null, \"max_leaves\": null, \"max_bin\": null, \"grow_policy\": null, \"learning_rate\": null, \"verbosity\": null, \"booster\": null, \"tree_method\": null, \"gamma\": null, \"min_child_weight\": null, \"max_delta_step\": null, \"subsample\": null, \"sampling_method\": null, \"colsample_bytree\": null, \"colsample_bylevel\": null, \"colsample_bynode\": null, \"reg_alpha\": null, \"reg_lambda\": null, \"scale_pos_weight\": null, \"base_score\": null, \"missing\": NaN, \"num_parallel_tree\": null, \"random_state\": null, \"n_jobs\": null, \"monotone_constraints\": null, \"interaction_constraints\": null, \"importance_type\": null, \"gpu_id\": null, \"validate_parameters\": null, \"predictor\": null, \"enable_categorical\": false, \"max_cat_to_onehot\": null, \"eval_metric\": null, \"early_stopping_rounds\": null, \"callbacks\": null, \"classes_\": [0, 1], \"n_classes_\": 2, \"_estimator_type\": \"classifier\"}"},"feature_names":["PutRequests_mean","DeleteRequests_mean","PostRequests_mean","FirstByteLatency_mean","HeadRequests_mean","TotalRequestLatency_mean","SelectRequests_mean","BucketSizeBytes_mean","NumberOfObjects_mean","4xxErrors_mean","GetRequests_mean","5xxErrors_mean","AllRequests_mean","AllRequests_max","PutRequests_max","DeleteRequests_max","HeadRequests_max","SelectRequests_max","4xxErrors_max","FirstByteLatency_max","TotalRequestLatency_max","BucketSizeBytes_max","NumberOfObjects_max","GetRequests_max","PostRequests_max","5xxErrors_max","AllRequests_min","PutRequests_min","DeleteRequests_min","HeadRequests_min","SelectRequests_min","4xxErrors_min","FirstByteLatency_min","TotalRequestLatency_min","BucketSizeBytes_min","NumberOfObjects_min","GetRequests_min","PostRequests_min","5xxErrors_min","AllRequests_median","PutRequests_median","DeleteRequests_median","HeadRequests_median","SelectRequests_median","4xxErrors_median","FirstByteLatency_median","TotalRequestLatency_median","BucketSizeBytes_median","NumberOfObjects_median","GetRequests_median","PostRequests_median","5xxErrors_median"],"feature_types":["float","float","float","float","float","float","float","float","float","float","float","float","float","int","int","int","int","int","int","int","int","int","int","float","float","float","int","int","int","int","int","int","int","int","int","int","float","float","float","float","float","float","float","float","float","float","float","float","float","float","float","float"],"gradient_booster":{"model":{"gbtree_model_param":{"num_parallel_tree":"1","num_trees":"100","size_leaf_vector":"0"},"tree_info":[0,0,0,0,0,0,0,0,0,0,0,0,0,0,0,0,0,0,0,0,0,0,0,0,0,0,0,0,0,0,0,0,0,0,0,0,0,0,0,0,0,0,0,0,0,0,0,0,0,0,0,0,0,0,0,0,0,0,0,0,0,0,0,0,0,0,0,0,0,0,0,0,0,0,0,0,0,0,0,0,0,0,0,0,0,0,0,0,0,0,0,0,0,0,0,0,0,0,0,0],"trees":[{"base_weights":[-1.849315E0,-1.9157895E0,5.4545456E-1,-1.956044E0,-7.5E-1,-1.2727273E0,2.2222222E-1],"categories":[],"categories_nodes":[],"categories_segments":[],"categories_sizes":[],"default_left":[1,1,0,0,1,0,0],"id":0,"left_children":[1,3,-1,-1,5,-1,-1],"loss_changes":[1.2665894E1,1.8766174E0,0E0,0E0,2.3156567E0,0E0,0E0],"parents":[2147483647,0,0,1,1,4,4],"right_children":[2,4,-1,-1,6,-1,-1],"split_conditions":[1.9095456E2,7.592891E1,1.6363637E-1,-5.868132E-1,1.7617292E3,-3.818182E-1,6.666667E-2],"split_indices":[24,10,0,0,5,0,0],"split_type":[0,0,0,0,0,0,0],"sum_hessian":[7.2E1,7.025E1,1.75E0,6.725E1,3E0,1.75E0,1.25E0],"tree_param":{"num_deleted":"0","num_feature":"52","num_nodes":"7","size_leaf_vector":"0"}},{"base_weights":[-1.4282798E0,-1.4845405E0,4.4343472E-1,-1.5325824E0,-7.487861E-1,-1.120951E0,4.0878043E-1],"categories":[],"categories_nodes":[],"categories_segments":[],"categories_sizes":[],"default_left":[1,1,0,0,1,0,0],"id":1,"left_children":[1,3,-1,-1,5,-1,-1],"loss_changes":[7.7612762E0,1.1752167E0,0E0,0E0,3.0358126E0,0E0,0E0],"parents":[2147483647,0,0,1,1,4,4],"right_children":[2,4,-1,-1,6,-1,-1],"split_conditions":[1.9095456E2,7.317643E1,1.3303041E-1,-4.5977473E-1,1.76475E3,-3.3628532E-1,1.22634135E-1],"split_indices":[24,2,0,0,46,0,0],"split_type":[0,0,0,0,0,0,0],"sum_hessian":[6.645206E1,6.471372E1,1.7383372E0,5.9730537E1,4.983184E0,3.794772E0,1.1884118E0],"tree_param":{"num_deleted":"0","num_feature":"52","num_nodes":"7","size_leaf_vector":"0"}},{"base_weights":[-1.2210711E0,-1.3309292E0,-2.866725E-1,6.5043217E-1,-7.376421E-1,-1.1258886E0,2.3308823E-1],"categories":[],"categories_nodes":[],"categories_segments":[],"categories_sizes":[],"default_left":[1,0,1,0,1,0,0],"id":2,"left_children":[1,-1,3,-1,5,-1,-1],"loss_changes":[5.5141144E0,0E0,3.5718598E0,0E0,2.3006744E0,0E0,0E0],"parents":[2147483647,0,0,2,2,4,4],"right_children":[2,-1,4,-1,6,-1,-1],"split_conditions":[1.5357742E2,-3.9927876E-1,2.25E1,1.9512966E-1,1.045E2,-3.377666E-1,6.992647E-2],"split_indices":[25,0,37,0,18,0,0],"split_type":[0,0,0,0,0,0,0],"sum_hessian":[5.643385E1,5.0117165E1,6.3166866E0,1.9085225E0,4.408164E0,3.0346217E0,1.3735423E0],"tree_param":{"num_deleted":"0","num_feature":"52","num_nodes":"7","size_leaf_vector":"0"}},{"base_weights":[-1.093157E0,-1.2107038E0,-2.3222409E-1,-6.392175E-1,6.9276184E-1,3.5328504E-1,-9.68468E-1],"categories":[],"categories_nodes":[],"categories_segments":[],"categories_sizes":[],"default_left":[1,0,1,1,0,0,0],"id":3,"left_children":[1,-1,3,5,-1,-1,-1],"loss_changes":[4.493828E0,0E0,3.0425317E0,2.079207E0,0E0,0E0,0E0],"parents":[2147483647,0,0,2,2,3,3],"right_children":[2,-1,4,6,-1,-1,-1],"split_conditions":[1.5357742E2,-3.6321115E-1,4.05E1,2.4760418E1,2.0782857E-1,1.05985515E-1,-2.9054043E-1],"split_indices":[25,0,30,8,0,0,0],"split_type":[0,0,0,0,0,0,0],"sum_hessian":[4.6183662E1,4.0278057E1,5.905606E0,4.3156605E0,1.5899453E0,1.056853E0,3.2588074E0],"tree_param":{"num_deleted":"0","num_feature":"52","num_nodes":"7","size_leaf_vector":"0"}},{"base_weights":[-9.97282E-1,-1.1322843E0,-1.7499371E-1,-8.6409736E-1,2.955813E-1,7.4013287E-1,-4.9826035E-1,9.761651E-1,1.6316895E-1],"categories":[],"categories_nodes":[],"categories_segments":[],"categories_sizes":[],"default_left":[1,0,1,0,1,1,0,0,0],"id":4,"left_children":[1,-1,3,-1,5,7,-1,-1,-1],"loss_changes":[4.041889E0,0E0,2.3856485E0,0E0,2.009316E0,3.013246E-1,0E0,0E0,0E0],"parents":[2147483647,0,0,2,2,4,4,5,5],"right_children":[2,-1,4,-1,6,8,-1,-1,-1],"split_conditions":[1.5357742E2,-3.396853E-1,4.015E2,-2.592292E-1,3.45E1,6.3958332E1,-1.4947811E-1,2.9284954E-1,4.8950687E-2],"split_indices":[25,0,39,0,22,3,0,0,0],"split_type":[0,0,0,0,0,0,0,0,0],"sum_hessian":[3.719476E1,3.162553E1,5.5692315E0,1.9205483E0,3.6486835E0,2.382269E0,1.2664144E0,1.1996145E0,1.1826545E0],"tree_param":{"num_deleted":"0","num_feature":"52","num_nodes":"9","size_leaf_vector":"0"}},{"base_weights":[-9.2363495E-1,-1.0761794E0,-1.4557548E-1,5.330161E-1,-5.3755397E-1,1.9950868E-1,-8.8510597E-1],"categories":[],"categories_nodes":[],"categories_segments":[],"categories_sizes":[],"default_left":[1,0,1,0,1,0,0],"id":5,"left_children":[1,-1,3,-1,5,-1,-1],"loss_changes":[3.4852753E0,0E0,1.9320346E0,0E0,1.308621E0,0E0,0E0],"parents":[2147483647,0,0,2,2,4,4],"right_children":[2,-1,4,-1,6,-1,-1],"split_conditions":[1.5357742E2,-3.2285383E-1,2.25E1,1.5990484E-1,6.951078E1,5.9852608E-2,-2.655318E-1],"split_indices":[25,0,37,0,51,0,0],"split_type":[0,0,0,0,0,0,0],"sum_hessian":[2.9684818E1,2.4498537E1,5.1862826E0,1.7671648E0,3.4191177E0,1.2321098E0,2.187008E0],"tree_param":{"num_deleted":"0","num_feature":"52","num_nodes":"7","size_leaf_vector":"0"}},{"base_weights":[-8.593699E-1,-1.0333349E0,-1.09208256E-1,4.9041575E-1,-6.342552E-1,-3.7373986E-2,8.023875E-1,-6.354007E-2,-8.4374285E-1],"categories":[],"categories_nodes":[],"categories_segments":[],"categories_sizes":[],"default_left":[1,0,1,1,1,0,0,0,0],"id":6,"left_children":[1,-1,3,5,7,-1,-1,-1,-1],"loss_changes":[3.1052475E0,0E0,2.124554E0,5.6562805E-1,3.656969E-1,0E0,0E0,0E0,0E0],"parents":[2147483647,0,0,2,2,3,3,4,4],"right_children":[2,-1,4,6,8,-1,-1,-1,-1],"split_conditions":[7.30595E1,-3.1000048E-1,6.40625E1,6.2729168E1,6.625E1,-1.1212196E-2,2.4071625E-1,-1.9062022E-2,-2.5312287E-1],"split_indices":[2,0,3,3,41,0,0,0,0],"split_type":[0,0,0,0,0,0,0,0,0],"sum_hessian":[2.3659386E1,1.8899132E1,4.7602544E0,2.253093E0,2.5071614E0,1.16402E0,1.0890731E0,1.0231277E0,1.4840337E0],"tree_param":{"num_deleted":"0","num_feature":"52","num_nodes":"9","size_leaf_vector":"0"}},{"base_weights":[-7.9733104E-1,-9.9719864E-1,-8.48095E-2,-4.4024992E-1,5.528157E-1,-8.195508E-1,1.9467977E-1],"categories":[],"categories_nodes":[],"categories_segments":[],"categories_sizes":[],"default_left":[1,0,1,1,0,0,0],"id":7,"left_children":[1,-1,3,5,-1,-1,-1],"loss_changes":[2.7570553E0,0E0,1.4817338E0,1.138524E0,0E0,0E0,0E0],"parents":[2147483647,0,0,2,2,3,3],"right_children":[2,-1,4,6,-1,-1,-1],"split_conditions":[1.5357742E2,-2.9915962E-1,4.05E1,6.775E1,1.6584471E-1,-2.4586526E-1,5.840393E-2],"split_indices":[25,0,30,42,0,0,0],"split_type":[0,0,0,0,0,0,0],"sum_hessian":[1.8953852E1,1.4489817E1,4.4640355E0,3.0650108E0,1.399025E0,1.7367305E0,1.3282803E0],"tree_param":{"num_deleted":"0","num_feature":"52","num_nodes":"7","size_leaf_vector":"0"}},{"base_weights":[-7.378495E-1,-9.62454E-1,-7.2223395E-2,-6.427689E-1,2.665548E-1,6.502343E-1,-2.8920406E-1],"categories":[],"categories_nodes":[],"categories_segments":[],"categories_sizes":[],"default_left":[1,0,1,0,1,0,0],"id":8,"left_children":[1,-1,3,-1,5,-1,-1],"loss_changes":[2.3648062E0,0E0,1.1743569E0,0E0,1.0330536E0,0E0,0E0],"parents":[2147483647,0,0,2,2,4,4],"right_children":[2,-1,4,-1,6,-1,-1],"split_conditions":[1.5357742E2,-2.8873622E-1,4.015E2,-1.9283068E-1,6.43125E1,1.950703E-1,-8.676122E-2],"split_indices":[25,0,39,0,3,0,0],"split_type":[0,0,0,0,0,0,0],"sum_hessian":[1.5282776E1,1.1093514E1,4.189261E0,1.2264495E0,2.9628117E0,1.652193E0,1.3106186E0],"tree_param":{"num_deleted":"0","num_feature":"52","num_nodes":"7","size_leaf_vector":"0"}},{"base_weights":[-6.836251E-1,-9.2920804E-1,-6.20147E-2,4.9728873E-1,-4.2503235E-1,-6.9349647E-1,1.1384159E-1],"categories":[],"categories_nodes":[],"categories_segments":[],"categories_sizes":[],"default_left":[1,0,1,0,1,0,0],"id":9,"left_children":[1,-1,3,-1,5,-1,-1],"loss_changes":[1.9924812E0,0E0,1.2010982E0,0E0,5.845935E-1,0E0,0E0],"parents":[2147483647,0,0,2,2,4,4],"right_children":[2,-1,4,-1,6,-1,-1],"split_conditions":[7.30595E1,-2.7876243E-1,2.25E1,1.4918663E-1,1.045E2,-2.0804895E-1,3.4152478E-2],"split_indices":[2,0,37,0,18,0,0],"split_type":[0,0,0,0,0,0,0],"sum_hessian":[1.2429501E1,8.554851E0,3.8746502E0,1.3794494E0,2.4952006E0,1.4739503E0,1.0212505E0],"tree_param":{"num_deleted":"0","num_feature":"52","num_nodes":"7","size_leaf_vector":"0"}},{"base_weights":[-6.288786E-1,-8.931925E-1,-5.51859E-2,3.2895988E-1,-4.788378E-1],"categories":[],"categories_nodes":[],"categories_segments":[],"categories_sizes":[],"default_left":[1,0,1,0,0],"id":10,"left_children":[1,-1,3,-1,-1],"loss_changes":[1.6463046E0,0E0,9.0496516E-1,0E0,0E0],"parents":[2147483647,0,0,2,2],"right_children":[2,-1,4,-1,-1],"split_conditions":[7.30595E1,-2.6795778E-1,7.766408E1,9.868797E-2,-1.4365134E-1],"split_indices":[2,0,2,0,0],"split_type":[0,0,0,0,0],"sum_hessian":[1.018209E1,6.589316E0,3.5927742E0,2.0014637E0,1.5913106E0],"tree_param":{"num_deleted":"0","num_feature":"52","num_nodes":"5","size_leaf_vector":"0"}},{"base_weights":[-5.670414E-1,-8.5584825E-1,-4.5762997E-2,-3.620871E-1,4.5176572E-1,-6.729704E-1,1.4087409E-1],"categories":[],"categories_nodes":[],"categories_segments":[],"categories_sizes":[],"default_left":[1,0,1,1,0,0,0],"id":11,"left_children":[1,-1,3,5,-1,-1,-1],"loss_changes":[1.4072165E0,0E0,8.6890465E-1,6.099943E-1,0E0,0E0,0E0],"parents":[2147483647,0,0,2,2,3,3],"right_children":[2,-1,4,6,-1,-1,-1],"split_conditions":[1.5357742E2,-2.567545E-1,4.05E1,4.0625E2,1.3552973E-1,-2.0189114E-1,4.2262226E-2],"split_indices":[25,0,30,39,0,0,0],"split_type":[0,0,0,0,0,0,0],"sum_hessian":[8.607403E0,5.1257358E0,3.4816666E0,2.2948508E0,1.1868159E0,1.2093363E0,1.0855145E0],"tree_param":{"num_deleted":"0","num_feature":"52","num_nodes":"7","size_leaf_vector":"0"}},{"base_weights":[-5.1359427E-1,-7.036786E-1,1.8668215E-1,-8.354994E-1,-1.1909381E-1],"categories":[],"categories_nodes":[],"categories_segments":[],"categories_sizes":[],"default_left":[1,1,0,0,0],"id":12,"left_children":[1,3,-1,-1,-1],"loss_changes":[1.2347925E0,4.1907048E-1,0E0,0E0,0E0],"parents":[2147483647,0,0,1,1],"right_children":[2,4,-1,-1,-1],"split_conditions":[1.8870732E2,7.075E1,5.6004647E-2,-2.5064984E-1,-3.5728145E-2],"split_indices":[24,50,0,0,0],"split_type":[0,0,0,0,0],"sum_hessian":[7.2895E0,5.729434E0,1.5600666E0,4.3249593E0,1.4044746E0],"tree_param":{"num_deleted":"0","num_feature":"52","num_nodes":"5","size_leaf_vector":"0"}},{"base_weights":[-4.532024E-1,-6.198843E-1,2.523891E-1,-7.717028E-1,6.827083E-2],"categories":[],"categories_nodes":[],"categories_segments":[],"categories_sizes":[],"default_left":[1,1,0,0,0],"id":13,"left_children":[1,3,-1,-1,-1],"loss_changes":[1.0206014E0,7.0386744E-1,0E0,0E0,0E0],"parents":[2147483647,0,0,1,1],"right_children":[2,4,-1,-1,-1],"split_conditions":[4.15E1,1.8996678E2,7.5716734E-2,-2.3151086E-1,2.0481251E-2],"split_indices":[30,24,0,0,0],"split_type":[0,0,0,0,0],"sum_hessian":[6.3476257E0,5.232921E0,1.1147047E0,4.187648E0,1.0452732E0],"tree_param":{"num_deleted":"0","num_feature":"52","num_nodes":"5","size_leaf_vector":"0"}},{"base_weights":[-3.873235E-1,-7.421645E-1,4.627754E-2,3.5303178E-1,-3.9327198E-1],"categories":[],"categories_nodes":[],"categories_segments":[],"categories_sizes":[],"default_left":[1,0,1,0,0],"id":14,"left_children":[1,-1,3,-1,-1],"loss_changes":[1.0496562E0,0E0,6.66197E-1,0E0,0E0],"parents":[2147483647,0,0,2,2],"right_children":[2,-1,4,-1,-1],"split_conditions":[7.360857E1,-2.2264935E-1,2.95E1,1.0590954E-1,-1.179816E-1],"split_indices":[11,0,38,0,0],"split_type":[0,0,0,0,0],"sum_hessian":[5.5989513E0,2.687766E0,2.9111853E0,1.8305252E0,1.08066E0],"tree_param":{"num_deleted":"0","num_feature":"52","num_nodes":"5","size_leaf_vector":"0"}},{"base_weights":[-3.4825897E-1,-6.933911E-1,3.042361E-2,3.2093686E-1,-3.6257228E-1],"categories":[],"categories_nodes":[],"categories_segments":[],"categories_sizes":[],"default_left":[1,0,1,0,0],"id":15,"left_children":[1,-1,3,-1,-1],"loss_changes":[8.038974E-1,0E0,5.517987E-1,0E0,0E0],"parents":[2147483647,0,0,2,2],"right_children":[2,-1,4,-1,-1],"split_conditions":[1.5357742E2,-2.0801733E-1,5.01322E5,9.628106E-2,-1.0877169E-1],"split_indices":[25,0,21,0,0],"split_type":[0,0,0,0,0],"sum_hessian":[4.989508E0,2.1756E0,2.8139083E0,1.7233324E0,1.0905758E0],"tree_param":{"num_deleted":"0","num_feature":"52","num_nodes":"5","size_leaf_vector":"0"}},{"base_weights":[-3.1163925E-1,1.8225397E-1,-5.317319E-1,-6.7778677E-1,-1.18204154E-1],"categories":[],"categories_nodes":[],"categories_segments":[],"categories_sizes":[],"default_left":[1,0,1,0,0],"id":16,"left_children":[1,-1,3,-1,-1],"loss_changes":[6.986534E-1,0E0,1.6657937E-1,0E0,0E0],"parents":[2147483647,0,0,2,2],"right_children":[2,-1,4,-1,-1],"split_conditions":[2.25E1,5.4676194E-2,1.045E2,-2.0333605E-1,-3.5461247E-2],"split_indices":[37,0,18,0,0],"split_type":[0,0,0,0,0],"sum_hessian":[4.5356994E0,1.4511672E0,3.084532E0,1.8072053E0,1.2773268E0],"tree_param":{"num_deleted":"0","num_feature":"52","num_nodes":"5","size_leaf_vector":"0"}},{"base_weights":[-2.73416E-1,-6.2502205E-1,5.7823423E-2,-3.1388283E-1,3.2747087E-1],"categories":[],"categories_nodes":[],"categories_segments":[],"categories_sizes":[],"default_left":[1,0,1,0,0],"id":17,"left_children":[1,-1,3,-1,-1],"loss_changes":[6.426368E-1,0E0,4.6328652E-1,0E0,0E0],"parents":[2147483647,0,0,2,2],"right_children":[2,-1,4,-1,-1],"split_conditions":[7.360857E1,-1.8750663E-1,3.1E1,-9.4164856E-2,9.824126E-2],"split_indices":[11,0,30,0,0],"split_type":[0,0,0,0,0],"sum_hessian":[4.2075024E0,1.6107718E0,2.5967307E0,1.0227842E0,1.5739466E0],"tree_param":{"num_deleted":"0","num_feature":"52","num_nodes":"5","size_leaf_vector":"0"}},{"base_weights":[-2.4702339E-1,-4.5362806E-1,1.8787906E-1,-6.459899E-1,2.2432838E-2],"categories":[],"categories_nodes":[],"categories_segments":[],"categories_sizes":[],"default_left":[1,1,0,0,0],"id":18,"left_children":[1,3,-1,-1,-1],"loss_changes":[5.2412796E-1,3.445651E-1,0E0,0E0,0E0],"parents":[2147483647,0,0,1,1],"right_children":[2,4,-1,-1,-1],"split_conditions":[1.8870732E2,1.765E3,5.636372E-2,-1.9379698E-1,6.7298515E-3],"split_indices":[24,46,0,0,0],"split_type":[0,0,0,0,0],"sum_hessian":[3.8846593E0,2.6043706E0,1.2802888E0,1.6006488E0,1.0037217E0],"tree_param":{"num_deleted":"0","num_feature":"52","num_nodes":"5","size_leaf_vector":"0"}},{"base_weights":[-2.170089E-1,-4.1813523E-1,2.2099343E-1,-6.596175E-1,9.236544E-2],"categories":[],"categories_nodes":[],"categories_segments":[],"categories_sizes":[],"default_left":[1,1,0,0,0],"id":19,"left_children":[1,3,-1,-1,-1],"loss_changes":[4.9872115E-1,4.932137E-1,0E0,0E0,0E0],"parents":[2147483647,0,0,1,1],"right_children":[2,4,-1,-1,-1],"split_conditions":[4.05E1,4.0625E2,6.629803E-2,-1.9788526E-1,2.7709635E-2],"split_indices":[30,39,0,0,0],"split_type":[0,0,0,0,0],"sum_hessian":[3.612311E0,2.5066435E0,1.1056674E0,1.5033938E0,1.0032498E0],"tree_param":{"num_deleted":"0","num_feature":"52","num_nodes":"5","size_leaf_vector":"0"}},{"base_weights":[-1.8940184E-1,-5.269951E-1,8.340631E-2,3.2749435E-1,-1.8102328E-1],"categories":[],"categories_nodes":[],"categories_segments":[],"categories_sizes":[],"default_left":[1,0,1,0,0],"id":20,"left_children":[1,-1,3,-1,-1],"loss_changes":[4.4669577E-1,0E0,2.711112E-1,0E0,0E0],"parents":[2147483647,0,0,2,2],"right_children":[2,-1,4,-1,-1],"split_conditions":[7.360857E1,-1.5809855E-1,7.025E1,9.824831E-2,-5.4306988E-2],"split_indices":[11,0,51,0,0],"split_type":[0,0,0,0,0],"sum_hessian":[3.3729525E0,1.0910556E0,2.2818968E0,1.0625714E0,1.2193254E0],"tree_param":{"num_deleted":"0","num_feature":"52","num_nodes":"5","size_leaf_vector":"0"}},{"base_weights":[-1.691125E-1,2.0887953E-1,-3.9077342E-1],"categories":[],"categories_nodes":[],"categories_segments":[],"categories_sizes":[],"default_left":[1,0,0],"id":21,"left_children":[1,-1,-1],"loss_changes":[4.313029E-1,0E0,0E0],"parents":[2147483647,0,0],"right_children":[2,-1,-1],"split_conditions":[2.25E1,6.266386E-2,-1.1723203E-1],"split_indices":[37,0,0],"split_type":[0,0,0],"sum_hessian":[3.1734662E0,1.1943822E0,1.9790839E0],"tree_param":{"num_deleted":"0","num_feature":"52","num_nodes":"3","size_leaf_vector":"0"}},{"base_weights":[-1.3795514E-1,-3.8886252E-1,1.7623214E-1],"categories":[],"categories_nodes":[],"categories_segments":[],"categories_sizes":[],"default_left":[1,0,0],"id":22,"left_children":[1,-1,-1],"loss_changes":[3.8623637E-1,0E0,0E0],"parents":[2147483647,0,0],"right_children":[2,-1,-1],"split_conditions":[7.111458E1,-1.1665876E-1,5.2869644E-2],"split_indices":[0,0,0],"split_type":[0,0,0],"sum_hessian":[3.0301738E0,1.5526015E0,1.4775722E0],"tree_param":{"num_deleted":"0","num_feature":"52","num_nodes":"3","size_leaf_vector":"0"}},{"base_weights":[-1.16672456E-1,1.5149671E-1,-4.155072E-1],"categories":[],"categories_nodes":[],"categories_segments":[],"categories_sizes":[],"default_left":[1,0,0],"id":23,"left_children":[1,-1,-1],"loss_changes":[3.780128E-1,0E0,0E0],"parents":[2147483647,0,0],"right_children":[2,-1,-1],"split_conditions":[2.95E1,4.5449015E-2,-1.2465216E-1],"split_indices":[38,0,0],"split_type":[0,0,0],"sum_hessian":[2.9315157E0,1.8048849E0,1.1266309E0],"tree_param":{"num_deleted":"0","num_feature":"52","num_nodes":"3","size_leaf_vector":"0"}},{"base_weights":[-1.05472855E-1,-3.1912908E-1,2.085984E-1],"categories":[],"categories_nodes":[],"categories_segments":[],"categories_sizes":[],"default_left":[1,0,0],"id":24,"left_children":[1,-1,-1],"loss_changes":[3.2476914E-1,0E0,0E0],"parents":[2147483647,0,0],"right_children":[2,-1,-1],"split_conditions":[6.775E1,-9.573873E-2,6.257953E-2],"split_indices":[42,0,0],"split_type":[0,0,0],"sum_hessian":[2.8477898E0,1.685247E0,1.1625429E0],"tree_param":{"num_deleted":"0","num_feature":"52","num_nodes":"3","size_leaf_vector":"0"}},{"base_weights":[-8.530311E-2,-2.8896964E-1,2.3065898E-1],"categories":[],"categories_nodes":[],"categories_segments":[],"categories_sizes":[],"default_left":[1,0,0],"id":25,"left_children":[1,-1,-1],"loss_changes":[3.086992E-1,0E0,0E0],"parents":[2147483647,0,0],"right_children":[2,-1,-1],"split_conditions":[3.95E1,-8.6690895E-2,6.91977E-2],"split_indices":[30,0,0],"split_type":[0,0,0],"sum_hessian":[2.761342E0,1.7309898E0,1.0303521E0],"tree_param":{"num_deleted":"0","num_feature":"52","num_nodes":"3","size_leaf_vector":"0"}},{"base_weights":[-6.631768E-2,-3.1442642E-1,1.8443024E-1],"categories":[],"categories_nodes":[],"categories_segments":[],"categories_sizes":[],"default_left":[1,0,0],"id":26,"left_children":[1,-1,-1],"loss_changes":[2.875468E-1,0E0,0E0],"parents":[2147483647,0,0],"right_children":[2,-1,-1],"split_conditions":[1.8597055E2,-9.4327934E-2,5.5329073E-2],"split_indices":[25,0,0],"split_type":[0,0,0],"sum_hessian":[2.689872E0,1.2244025E0,1.4654696E0],"tree_param":{"num_deleted":"0","num_feature":"52","num_nodes":"3","size_leaf_vector":"0"}},{"base_weights":[-5.9094205E-2,1.9163898E-1,-3.2270488E-1],"categories":[],"categories_nodes":[],"categories_segments":[],"categories_sizes":[],"default_left":[1,0,0],"id":27,"left_children":[1,-1,-1],"loss_changes":[3.0054268E-1,0E0,0E0],"parents":[2147483647,0,0],"right_children":[2,-1,-1],"split_conditions":[6.405208E1,5.7491694E-2,-9.6811466E-2],"split_indices":[3,0,0],"split_type":[0,0,0],"sum_hessian":[2.6114144E0,1.4783272E0,1.1330874E0],"tree_param":{"num_deleted":"0","num_feature":"52","num_nodes":"3","size_leaf_vector":"0"}},{"base_weights":[-5.3851403E-2,2.2617711E-1,-2.569778E-1],"categories":[],"categories_nodes":[],"categories_segments":[],"categories_sizes":[],"default_left":[1,0,0],"id":28,"left_children":[1,-1,-1],"loss_changes":[2.602899E-1,0E0,0E0],"parents":[2147483647,0,0],"right_children":[2,-1,-1],"split_conditions":[2.25E1,6.785314E-2,-7.709334E-2],"split_indices":[37,0,0],"split_type":[0,0,0],"sum_hessian":[2.5542054E0,1.0261219E0,1.5280837E0],"tree_param":{"num_deleted":"0","num_feature":"52","num_nodes":"3","size_leaf_vector":"0"}},{"base_weights":[-4.1608725E-2,2.13672E-1,-2.570291E-1],"categories":[],"categories_nodes":[],"categories_segments":[],"categories_sizes":[],"default_left":[1,0,0],"id":29,"left_children":[1,-1,-1],"loss_changes":[2.4645452E-1,0E0,0E0],"parents":[2147483647,0,0],"right_children":[2,-1,-1],"split_conditions":[3.35E1,6.41016E-2,-7.7108726E-2],"split_indices":[22,0,0],"split_type":[0,0,0],"sum_hessian":[2.4829113E0,1.1400399E0,1.3428715E0],"tree_param":{"num_deleted":"0","num_feature":"52","num_nodes":"3","size_leaf_vector":"0"}},{"base_weights":[-3.3775117E-2,-2.5614294E-1,1.955946E-1],"categories":[],"categories_nodes":[],"categories_segments":[],"categories_sizes":[],"default_left":[1,0,0],"id":30,"left_children":[1,-1,-1],"loss_changes":[2.2523242E-1,0E0,0E0],"parents":[2147483647,0,0],"right_children":[2,-1,-1],"split_conditions":[7.111458E1,-7.684289E-2,5.867838E-2],"split_indices":[0,0,0],"split_type":[0,0,0],"sum_hessian":[2.4336667E0,1.1764269E0,1.2572397E0],"tree_param":{"num_deleted":"0","num_feature":"52","num_nodes":"3","size_leaf_vector":"0"}},{"base_weights":[-2.979858E-2,-2.1985464E-1,2.087617E-1],"categories":[],"categories_nodes":[],"categories_segments":[],"categories_sizes":[],"default_left":[1,0,0],"id":31,"left_children":[1,-1,-1],"loss_changes":[1.9934948E-1,0E0,0E0],"parents":[2147483647,0,0],"right_children":[2,-1,-1],"split_conditions":[6.775E1,-6.595639E-2,6.2628515E-2],"split_indices":[42,0,0],"split_type":[0,0,0],"sum_hessian":[2.3844914E0,1.3708078E0,1.0136837E0],"tree_param":{"num_deleted":"0","num_feature":"52","num_nodes":"3","size_leaf_vector":"0"}},{"base_weights":[-2.2465082E-2,-2.3281045E-1,1.7210947E-1],"categories":[],"categories_nodes":[],"categories_segments":[],"categories_sizes":[],"default_left":[1,0,0],"id":32,"left_children":[1,-1,-1],"loss_changes":[1.7660213E-1,0E0,0E0],"parents":[2147483647,0,0],"right_children":[2,-1,-1],"split_conditions":[1.8597055E2,-6.9843136E-2,5.1632844E-2],"split_indices":[25,0,0],"split_type":[0,0,0],"sum_hessian":[2.3359494E0,1.0280563E0,1.3078933E0],"tree_param":{"num_deleted":"0","num_feature":"52","num_nodes":"3","size_leaf_vector":"0"}},{"base_weights":[-2.18693E-2,1.9343431E-1,-2.1302335E-1],"categories":[],"categories_nodes":[],"categories_segments":[],"categories_sizes":[],"default_left":[1,0,0],"id":33,"left_children":[1,-1,-1],"loss_changes":[1.7650925E-1,0E0,0E0],"parents":[2147483647,0,0],"right_children":[2,-1,-1],"split_conditions":[3.35E1,5.8030296E-2,-6.3907005E-2],"split_indices":[22,0,0],"split_type":[0,0,0],"sum_hessian":[2.2875576E0,1.0702114E0,1.2173462E0],"tree_param":{"num_deleted":"0","num_feature":"52","num_nodes":"3","size_leaf_vector":"0"}},{"base_weights":[-1.7541097E-2,1.733873E-1,-2.0539753E-1],"categories":[],"categories_nodes":[],"categories_segments":[],"categories_sizes":[],"default_left":[1,0,0],"id":34,"left_children":[1,-1,-1],"loss_changes":[1.5231064E-1,0E0,0E0],"parents":[2147483647,0,0],"right_children":[2,-1,-1],"split_conditions":[2.75E1,5.2016195E-2,-6.1619263E-2],"split_indices":[28,0,0],"split_type":[0,0,0],"sum_hessian":[2.2536006E0,1.1558608E0,1.0977399E0],"tree_param":{"num_deleted":"0","num_feature":"52","num_nodes":"3","size_leaf_vector":"0"}},{"base_weights":[-1.5604228E-2,-2.0487171E-1,1.7015749E-1],"categories":[],"categories_nodes":[],"categories_segments":[],"categories_sizes":[],"default_left":[1,0,0],"id":35,"left_children":[1,-1,-1],"loss_changes":[1.4827228E-1,0E0,0E0],"parents":[2147483647,0,0],"right_children":[2,-1,-1],"split_conditions":[7.111458E1,-6.1461516E-2,5.104725E-2],"split_indices":[0,0,0],"split_type":[0,0,0],"sum_hessian":[2.2257156E0,1.0514988E0,1.1742169E0],"tree_param":{"num_deleted":"0","num_feature":"52","num_nodes":"3","size_leaf_vector":"0"}},{"base_weights":[-1.4550548E-2,1.6940333E-1,-1.8011816E-1],"categories":[],"categories_nodes":[],"categories_segments":[],"categories_sizes":[],"default_left":[1,0,0],"id":36,"left_children":[1,-1,-1],"loss_changes":[1.2772867E-1,0E0,0E0],"parents":[2147483647,0,0],"right_children":[2,-1,-1],"split_conditions":[5.011935E5,5.0821003E-2,-5.403545E-2],"split_indices":[21,0,0],"split_type":[0,0,0],"sum_hessian":[2.191933E0,1.0273398E0,1.164593E0],"tree_param":{"num_deleted":"0","num_feature":"52","num_nodes":"3","size_leaf_vector":"0"}},{"base_weights":[-1.14470115E-2,-1.7888431E-1,1.483386E-1],"categories":[],"categories_nodes":[],"categories_segments":[],"categories_sizes":[],"default_left":[1,0,0],"id":37,"left_children":[1,-1,-1],"loss_changes":[1.1135787E-1,0E0,0E0],"parents":[2147483647,0,0],"right_children":[2,-1,-1],"split_conditions":[7.111458E1,-5.3665295E-2,4.450158E-2],"split_indices":[0,0,0],"split_type":[0,0,0],"sum_hessian":[2.170449E0,1.0014818E0,1.1689671E0],"tree_param":{"num_deleted":"0","num_feature":"52","num_nodes":"3","size_leaf_vector":"0"}},{"base_weights":[-1.1177619E-2,-1.7429715E-1,1.5250859E-1],"categories":[],"categories_nodes":[],"categories_segments":[],"categories_sizes":[],"default_left":[1,0,0],"id":38,"left_children":[1,-1,-1],"loss_changes":[1.1052827E-1,0E0,0E0],"parents":[2147483647,0,0],"right_children":[2,-1,-1],"split_conditions":[1.045E2,-5.2289147E-2,4.5752577E-2],"split_indices":[18,0,0],"split_type":[0,0,0],"sum_hessian":[2.1440127E0,1.0413964E0,1.1026162E0],"tree_param":{"num_deleted":"0","num_feature":"52","num_nodes":"3","size_leaf_vector":"0"}},{"base_weights":[-1.0149577E-2,1.5335973E-1,-1.6081032E-1],"categories":[],"categories_nodes":[],"categories_segments":[],"categories_sizes":[],"default_left":[1,0,0],"id":39,"left_children":[1,-1,-1],"loss_changes":[1.01513065E-1,0E0,0E0],"parents":[2147483647,0,0],"right_children":[2,-1,-1],"split_conditions":[3.35E1,4.600792E-2,-4.8243098E-2],"split_indices":[22,0,0],"split_type":[0,0,0],"sum_hessian":[2.1196668E0,1.0078988E0,1.111768E0],"tree_param":{"num_deleted":"0","num_feature":"52","num_nodes":"3","size_leaf_vector":"0"}},{"base_weights":[-8.009742E-3,1.3941191E-1,-1.522193E-1],"categories":[],"categories_nodes":[],"categories_segments":[],"categories_sizes":[],"default_left":[1,0,0],"id":40,"left_children":[1,-1,-1],"loss_changes":[8.7109976E-2,0E0,0E0],"parents":[2147483647,0,0],"right_children":[2,-1,-1],"split_conditions":[4.9996294E5,4.1823573E-2,-4.566579E-2],"split_indices":[7,0,0],"split_type":[0,0,0],"sum_hessian":[2.0992467E0,1.0545136E0,1.0447332E0],"tree_param":{"num_deleted":"0","num_feature":"52","num_nodes":"3","size_leaf_vector":"0"}},{"base_weights":[-7.003783E-3,1.294923E-1,-1.4497262E-1],"categories":[],"categories_nodes":[],"categories_segments":[],"categories_sizes":[],"default_left":[1,0,0],"id":41,"left_children":[1,-1,-1],"loss_changes":[7.682787E-2,0E0,0E0],"parents":[2147483647,0,0],"right_children":[2,-1,-1],"split_conditions":[2.75E1,3.8847692E-2,-4.349179E-2],"split_indices":[28,0,0],"split_type":[0,0,0],"sum_hessian":[2.0827527E0,1.0778481E0,1.0049046E0],"tree_param":{"num_deleted":"0","num_feature":"52","num_nodes":"3","size_leaf_vector":"0"}},{"base_weights":[-6.549979E-3,-1.333522E-1,1.2203638E-1],"categories":[],"categories_nodes":[],"categories_segments":[],"categories_sizes":[],"default_left":[1,0,0],"id":42,"left_children":[1,-1,-1],"loss_changes":[6.628126E-2,0E0,0E0],"parents":[2147483647,0,0],"right_children":[2,-1,-1],"split_conditions":[1.045E2,-4.000566E-2,3.6610916E-2],"split_indices":[18,0,0],"split_type":[0,0,0],"sum_hessian":[2.0669932E0,1.0220555E0,1.0449377E0],"tree_param":{"num_deleted":"0","num_feature":"52","num_nodes":"3","size_leaf_vector":"0"}},{"base_weights":[-5.81415E-3,1.1772025E-1,-1.2679742E-1],"categories":[],"categories_nodes":[],"categories_segments":[],"categories_sizes":[],"default_left":[1,0,0],"id":43,"left_children":[1,-1,-1],"loss_changes":[6.0517605E-2,0E0,0E0],"parents":[2147483647,0,0],"right_children":[2,-1,-1],"split_conditions":[9.85E1,3.5316076E-2,-3.803923E-2],"split_indices":[19,0,0],"split_type":[0,0,0],"sum_hessian":[2.050463E0,1.0278797E0,1.0225834E0],"tree_param":{"num_deleted":"0","num_feature":"52","num_nodes":"3","size_leaf_vector":"0"}},{"base_weights":[-5.0513437E-3,1.14119075E-1,-1.2289629E-1],"categories":[],"categories_nodes":[],"categories_segments":[],"categories_sizes":[],"default_left":[1,0,0],"id":44,"left_children":[1,-1,-1],"loss_changes":[5.67632E-2,0E0,0E0],"parents":[2147483647,0,0],"right_children":[2,-1,-1],"split_conditions":[4.9996294E5,3.4235723E-2,-3.686889E-2],"split_indices":[7,0,0],"split_type":[0,0,0],"sum_hessian":[2.0432577E0,1.0316355E0,1.0116221E0],"tree_param":{"num_deleted":"0","num_feature":"52","num_nodes":"3","size_leaf_vector":"0"}},{"base_weights":[-4.4913376E-3,-1.19726546E-1,1.1365116E-1],"categories":[],"categories_nodes":[],"categories_segments":[],"categories_sizes":[],"default_left":[1,0,0],"id":45,"left_children":[1,-1,-1],"loss_changes":[5.487782E-2,0E0,0E0],"parents":[2147483647,0,0],"right_children":[2,-1,-1],"split_conditions":[1.81819E2,-3.5917964E-2,3.4095347E-2],"split_indices":[24,0,0],"split_type":[0,0,0],"sum_hessian":[2.031455E0,1.0215933E0,1.0098617E0],"tree_param":{"num_deleted":"0","num_feature":"52","num_nodes":"3","size_leaf_vector":"0"}},{"base_weights":[-3.8332262E-3,1.02240525E-1,-1.0866369E-1],"categories":[],"categories_nodes":[],"categories_segments":[],"categories_sizes":[],"default_left":[1,0,0],"id":46,"left_children":[1,-1,-1],"loss_changes":[4.465187E-2,0E0,0E0],"parents":[2147483647,0,0],"right_children":[2,-1,-1],"split_conditions":[9.85E1,3.0672159E-2,-3.259911E-2],"split_indices":[19,0,0],"split_type":[0,0,0],"sum_hessian":[2.0164351E0,1.0145543E0,1.0018809E0],"tree_param":{"num_deleted":"0","num_feature":"52","num_nodes":"3","size_leaf_vector":"0"}},{"base_weights":[-3.3808693E-3,-1.05789244E-1,1.0084776E-1],"categories":[],"categories_nodes":[],"categories_segments":[],"categories_sizes":[],"default_left":[1,0,0],"id":47,"left_children":[1,-1,-1],"loss_changes":[4.2812813E-2,0E0,0E0],"parents":[2147483647,0,0],"right_children":[2,-1,-1],"split_conditions":[1.81819E2,-3.1736776E-2,3.0254329E-2],"split_indices":[24,0,0],"split_type":[0,0,0],"sum_hessian":[2.0114815E0,1.0070478E0,1.0044338E0],"tree_param":{"num_deleted":"0","num_feature":"52","num_nodes":"3","size_leaf_vector":"0"}},{"base_weights":[-2.922614E-3],"categories":[],"categories_nodes":[],"categories_segments":[],"categories_sizes":[],"default_left":[0],"id":48,"left_children":[-1],"loss_changes":[0E0],"parents":[2147483647],"right_children":[-1],"split_conditions":[-8.7678427E-4],"split_indices":[0],"split_type":[0],"sum_hessian":[1.9991169E0],"tree_param":{"num_deleted":"0","num_feature":"52","num_nodes":"1","size_leaf_vector":"0"}},{"base_weights":[-2.338424E-3],"categories":[],"categories_nodes":[],"categories_segments":[],"categories_sizes":[],"default_left":[0],"id":49,"left_children":[-1],"loss_changes":[0E0],"parents":[2147483647],"right_children":[-1],"split_conditions":[-7.015272E-4],"split_indices":[0],"split_type":[0],"sum_hessian":[1.9988533E0],"tree_param":{"num_deleted":"0","num_feature":"52","num_nodes":"1","size_leaf_vector":"0"}},{"base_weights":[-1.8710293E-3],"categories":[],"categories_nodes":[],"categories_segments":[],"categories_sizes":[],"default_left":[0],"id":50,"left_children":[-1],"loss_changes":[0E0],"parents":[2147483647],"right_children":[-1],"split_conditions":[-5.613088E-4],"split_indices":[0],"split_type":[0],"sum_hessian":[1.998643E0],"tree_param":{"num_deleted":"0","num_feature":"52","num_nodes":"1","size_leaf_vector":"0"}},{"base_weights":[-1.4969733E-3],"categories":[],"categories_nodes":[],"categories_segments":[],"categories_sizes":[],"default_left":[0],"id":51,"left_children":[-1],"loss_changes":[0E0],"parents":[2147483647],"right_children":[-1],"split_conditions":[-4.49092E-4],"split_indices":[0],"split_type":[0],"sum_hessian":[1.9984754E0],"tree_param":{"num_deleted":"0","num_feature":"52","num_nodes":"1","size_leaf_vector":"0"}},{"base_weights":[-1.1977267E-3],"categories":[],"categories_nodes":[],"categories_segments":[],"categories_sizes":[],"default_left":[0],"id":52,"left_children":[-1],"loss_changes":[0E0],"parents":[2147483647],"right_children":[-1],"split_conditions":[-3.5931802E-4],"split_indices":[0],"split_type":[0],"sum_hessian":[1.9983412E0],"tree_param":{"num_deleted":"0","num_feature":"52","num_nodes":"1","size_leaf_vector":"0"}},{"base_weights":[-9.583229E-4],"categories":[],"categories_nodes":[],"categories_segments":[],"categories_sizes":[],"default_left":[0],"id":53,"left_children":[-1],"loss_changes":[0E0],"parents":[2147483647],"right_children":[-1],"split_conditions":[-2.874969E-4],"split_indices":[0],"split_type":[0],"sum_hessian":[1.9982339E0],"tree_param":{"num_deleted":"0","num_feature":"52","num_nodes":"1","size_leaf_vector":"0"}},{"base_weights":[-7.6672406E-4],"categories":[],"categories_nodes":[],"categories_segments":[],"categories_sizes":[],"default_left":[0],"id":54,"left_children":[-1],"loss_changes":[0E0],"parents":[2147483647],"right_children":[-1],"split_conditions":[-2.3001722E-4],"split_indices":[0],"split_type":[0],"sum_hessian":[1.9981483E0],"tree_param":{"num_deleted":"0","num_feature":"52","num_nodes":"1","size_leaf_vector":"0"}},{"base_weights":[-6.1340653E-4],"categories":[],"categories_nodes":[],"categories_segments":[],"categories_sizes":[],"default_left":[0],"id":55,"left_children":[-1],"loss_changes":[0E0],"parents":[2147483647],"right_children":[-1],"split_conditions":[-1.8402196E-4],"split_indices":[0],"split_type":[0],"sum_hessian":[1.9980801E0],"tree_param":{"num_deleted":"0","num_feature":"52","num_nodes":"1","size_leaf_vector":"0"}},{"base_weights":[-4.907471E-4],"categories":[],"categories_nodes":[],"categories_segments":[],"categories_sizes":[],"default_left":[0],"id":56,"left_children":[-1],"loss_changes":[0E0],"parents":[2147483647],"right_children":[-1],"split_conditions":[-1.4722414E-4],"split_indices":[0],"split_type":[0],"sum_hessian":[1.9980254E0],"tree_param":{"num_deleted":"0","num_feature":"52","num_nodes":"1","size_leaf_vector":"0"}},{"base_weights":[-3.9253765E-4],"categories":[],"categories_nodes":[],"categories_segments":[],"categories_sizes":[],"default_left":[0],"id":57,"left_children":[-1],"loss_changes":[0E0],"parents":[2147483647],"right_children":[-1],"split_conditions":[-1.177613E-4],"split_indices":[0],"split_type":[0],"sum_hessian":[1.9979817E0],"tree_param":{"num_deleted":"0","num_feature":"52","num_nodes":"1","size_leaf_vector":"0"}},{"base_weights":[-3.1408638E-4],"categories":[],"categories_nodes":[],"categories_segments":[],"categories_sizes":[],"default_left":[0],"id":58,"left_children":[-1],"loss_changes":[0E0],"parents":[2147483647],"right_children":[-1],"split_conditions":[-9.422592E-5],"split_indices":[0],"split_type":[0],"sum_hessian":[1.9979466E0],"tree_param":{"num_deleted":"0","num_feature":"52","num_nodes":"1","size_leaf_vector":"0"}},{"base_weights":[-2.512881E-4],"categories":[],"categories_nodes":[],"categories_segments":[],"categories_sizes":[],"default_left":[0],"id":59,"left_children":[-1],"loss_changes":[0E0],"parents":[2147483647],"right_children":[-1],"split_conditions":[-7.538643E-5],"split_indices":[0],"split_type":[0],"sum_hessian":[1.9979186E0],"tree_param":{"num_deleted":"0","num_feature":"52","num_nodes":"1","size_leaf_vector":"0"}},{"base_weights":[-2.0112004E-4],"categories":[],"categories_nodes":[],"categories_segments":[],"categories_sizes":[],"default_left":[0],"id":60,"left_children":[-1],"loss_changes":[0E0],"parents":[2147483647],"right_children":[-1],"split_conditions":[-6.0336013E-5],"split_indices":[0],"split_type":[0],"sum_hessian":[1.9978962E0],"tree_param":{"num_deleted":"0","num_feature":"52","num_nodes":"1","size_leaf_vector":"0"}},{"base_weights":[-1.6086867E-4],"categories":[],"categories_nodes":[],"categories_segments":[],"categories_sizes":[],"default_left":[0],"id":61,"left_children":[-1],"loss_changes":[0E0],"parents":[2147483647],"right_children":[-1],"split_conditions":[-4.8260605E-5],"split_indices":[0],"split_type":[0],"sum_hessian":[1.9978782E0],"tree_param":{"num_deleted":"0","num_feature":"52","num_nodes":"1","size_leaf_vector":"0"}},{"base_weights":[-1.2872973E-4],"categories":[],"categories_nodes":[],"categories_segments":[],"categories_sizes":[],"default_left":[0],"id":62,"left_children":[-1],"loss_changes":[0E0],"parents":[2147483647],"right_children":[-1],"split_conditions":[-3.861892E-5],"split_indices":[0],"split_type":[0],"sum_hessian":[1.997864E0],"tree_param":{"num_deleted":"0","num_feature":"52","num_nodes":"1","size_leaf_vector":"0"}},{"base_weights":[-1.0296001E-4],"categories":[],"categories_nodes":[],"categories_segments":[],"categories_sizes":[],"default_left":[0],"id":63,"left_children":[-1],"loss_changes":[0E0],"parents":[2147483647],"right_children":[-1],"split_conditions":[-3.0888004E-5],"split_indices":[0],"split_type":[0],"sum_hessian":[1.9978526E0],"tree_param":{"num_deleted":"0","num_feature":"52","num_nodes":"1","size_leaf_vector":"0"}},{"base_weights":[-8.233044E-5],"categories":[],"categories_nodes":[],"categories_segments":[],"categories_sizes":[],"default_left":[0],"id":64,"left_children":[-1],"loss_changes":[0E0],"parents":[2147483647],"right_children":[-1],"split_conditions":[-2.4699135E-5],"split_indices":[0],"split_type":[0],"sum_hessian":[1.9978434E0],"tree_param":{"num_deleted":"0","num_feature":"52","num_nodes":"1","size_leaf_vector":"0"}},{"base_weights":[-6.589379E-5],"categories":[],"categories_nodes":[],"categories_segments":[],"categories_sizes":[],"default_left":[0],"id":65,"left_children":[-1],"loss_changes":[0E0],"parents":[2147483647],"right_children":[-1],"split_conditions":[-1.9768138E-5],"split_indices":[0],"split_type":[0],"sum_hessian":[1.9978359E0],"tree_param":{"num_deleted":"0","num_feature":"52","num_nodes":"1","size_leaf_vector":"0"}},{"base_weights":[-5.2678402E-5],"categories":[],"categories_nodes":[],"categories_segments":[],"categories_sizes":[],"default_left":[0],"id":66,"left_children":[-1],"loss_changes":[0E0],"parents":[2147483647],"right_children":[-1],"split_conditions":[-1.5803522E-5],"split_indices":[0],"split_type":[0],"sum_hessian":[1.9978303E0],"tree_param":{"num_deleted":"0","num_feature":"52","num_nodes":"1","size_leaf_vector":"0"}},{"base_weights":[-4.2197087E-5],"categories":[],"categories_nodes":[],"categories_segments":[],"categories_sizes":[],"default_left":[0],"id":67,"left_children":[-1],"loss_changes":[0E0],"parents":[2147483647],"right_children":[-1],"split_conditions":[-1.2659127E-5],"split_indices":[0],"split_type":[0],"sum_hessian":[1.9978256E0],"tree_param":{"num_deleted":"0","num_feature":"52","num_nodes":"1","size_leaf_vector":"0"}},{"base_weights":[-3.3772318E-5],"categories":[],"categories_nodes":[],"categories_segments":[],"categories_sizes":[],"default_left":[0],"id":68,"left_children":[-1],"loss_changes":[0E0],"parents":[2147483647],"right_children":[-1],"split_conditions":[-1.01316955E-5],"split_indices":[0],"split_type":[0],"sum_hessian":[1.9978216E0],"tree_param":{"num_deleted":"0","num_feature":"52","num_nodes":"1","size_leaf_vector":"0"}},{"base_weights":[-2.7039336E-5],"categories":[],"categories_nodes":[],"categories_segments":[],"categories_sizes":[],"default_left":[0],"id":69,"left_children":[-1],"loss_changes":[0E0],"parents":[2147483647],"right_children":[-1],"split_conditions":[-8.111801E-6],"split_indices":[0],"split_type":[0],"sum_hessian":[1.9978187E0],"tree_param":{"num_deleted":"0","num_feature":"52","num_nodes":"1","size_leaf_vector":"0"}},{"base_weights":[-2.1643324E-5],"categories":[],"categories_nodes":[],"categories_segments":[],"categories_sizes":[],"default_left":[0],"id":70,"left_children":[-1],"loss_changes":[0E0],"parents":[2147483647],"right_children":[-1],"split_conditions":[-6.4929973E-6],"split_indices":[0],"split_type":[0],"sum_hessian":[1.9978163E0],"tree_param":{"num_deleted":"0","num_feature":"52","num_nodes":"1","size_leaf_vector":"0"}},{"base_weights":[-1.7408674E-5],"categories":[],"categories_nodes":[],"categories_segments":[],"categories_sizes":[],"default_left":[0],"id":71,"left_children":[-1],"loss_changes":[0E0],"parents":[2147483647],"right_children":[-1],"split_conditions":[-5.2226023E-6],"split_indices":[0],"split_type":[0],"sum_hessian":[1.997814E0],"tree_param":{"num_deleted":"0","num_feature":"52","num_nodes":"1","size_leaf_vector":"0"}},{"base_weights":[-1.3790611E-5],"categories":[],"categories_nodes":[],"categories_segments":[],"categories_sizes":[],"default_left":[0],"id":72,"left_children":[-1],"loss_changes":[0E0],"parents":[2147483647],"right_children":[-1],"split_conditions":[-4.1371836E-6],"split_indices":[0],"split_type":[0],"sum_hessian":[1.9978129E0],"tree_param":{"num_deleted":"0","num_feature":"52","num_nodes":"1","size_leaf_vector":"0"}},{"base_weights":[-1.1011046E-5],"categories":[],"categories_nodes":[],"categories_segments":[],"categories_sizes":[],"default_left":[0],"id":73,"left_children":[-1],"loss_changes":[0E0],"parents":[2147483647],"right_children":[-1],"split_conditions":[-3.3033139E-6],"split_indices":[0],"split_type":[0],"sum_hessian":[1.9978116E0],"tree_param":{"num_deleted":"0","num_feature":"52","num_nodes":"1","size_leaf_vector":"0"}},{"base_weights":[-8.803203E-6],"categories":[],"categories_nodes":[],"categories_segments":[],"categories_sizes":[],"default_left":[0],"id":74,"left_children":[-1],"loss_changes":[0E0],"parents":[2147483647],"right_children":[-1],"split_conditions":[-2.640961E-6],"split_indices":[0],"split_type":[0],"sum_hessian":[1.9978106E0],"tree_param":{"num_deleted":"0","num_feature":"52","num_nodes":"1","size_leaf_vector":"0"}},{"base_weights":[-7.0414967E-6],"categories":[],"categories_nodes":[],"categories_segments":[],"categories_sizes":[],"default_left":[0],"id":75,"left_children":[-1],"loss_changes":[0E0],"parents":[2147483647],"right_children":[-1],"split_conditions":[-2.112449E-6],"split_indices":[0],"split_type":[0],"sum_hessian":[1.9978096E0],"tree_param":{"num_deleted":"0","num_feature":"52","num_nodes":"1","size_leaf_vector":"0"}},{"base_weights":[-5.6741424E-6],"categories":[],"categories_nodes":[],"categories_segments":[],"categories_sizes":[],"default_left":[0],"id":76,"left_children":[-1],"loss_changes":[0E0],"parents":[2147483647],"right_children":[-1],"split_conditions":[-1.7022428E-6],"split_indices":[0],"split_type":[0],"sum_hessian":[1.997809E0],"tree_param":{"num_deleted":"0","num_feature":"52","num_nodes":"1","size_leaf_vector":"0"}},{"base_weights":[-4.531799E-6],"categories":[],"categories_nodes":[],"categories_segments":[],"categories_sizes":[],"default_left":[0],"id":77,"left_children":[-1],"loss_changes":[0E0],"parents":[2147483647],"right_children":[-1],"split_conditions":[-1.3595397E-6],"split_indices":[0],"split_type":[0],"sum_hessian":[1.9978085E0],"tree_param":{"num_deleted":"0","num_feature":"52","num_nodes":"1","size_leaf_vector":"0"}},{"base_weights":[-3.5753596E-6],"categories":[],"categories_nodes":[],"categories_segments":[],"categories_sizes":[],"default_left":[0],"id":78,"left_children":[-1],"loss_changes":[0E0],"parents":[2147483647],"right_children":[-1],"split_conditions":[-1.0726079E-6],"split_indices":[0],"split_type":[0],"sum_hessian":[1.9978081E0],"tree_param":{"num_deleted":"0","num_feature":"52","num_nodes":"1","size_leaf_vector":"0"}},{"base_weights":[-2.9359085E-6],"categories":[],"categories_nodes":[],"categories_segments":[],"categories_sizes":[],"default_left":[0],"id":79,"left_children":[-1],"loss_changes":[0E0],"parents":[2147483647],"right_children":[-1],"split_conditions":[-8.807726E-7],"split_indices":[0],"split_type":[0],"sum_hessian":[1.9978077E0],"tree_param":{"num_deleted":"0","num_feature":"52","num_nodes":"1","size_leaf_vector":"0"}},{"base_weights":[-2.3033695E-6],"categories":[],"categories_nodes":[],"categories_segments":[],"categories_sizes":[],"default_left":[0],"id":80,"left_children":[-1],"loss_changes":[0E0],"parents":[2147483647],"right_children":[-1],"split_conditions":[-6.910109E-7],"split_indices":[0],"split_type":[0],"sum_hessian":[1.9978075E0],"tree_param":{"num_deleted":"0","num_feature":"52","num_nodes":"1","size_leaf_vector":"0"}},{"base_weights":[-1.8501925E-6],"categories":[],"categories_nodes":[],"categories_segments":[],"categories_sizes":[],"default_left":[0],"id":81,"left_children":[-1],"loss_changes":[0E0],"parents":[2147483647],"right_children":[-1],"split_conditions":[-5.5505774E-7],"split_indices":[0],"split_type":[0],"sum_hessian":[1.9978074E0],"tree_param":{"num_deleted":"0","num_feature":"52","num_nodes":"1","size_leaf_vector":"0"}},{"base_weights":[-1.4605761E-6],"categories":[],"categories_nodes":[],"categories_segments":[],"categories_sizes":[],"default_left":[0],"id":82,"left_children":[-1],"loss_changes":[0E0],"parents":[2147483647],"right_children":[-1],"split_conditions":[-4.3817283E-7],"split_indices":[0],"split_type":[0],"sum_hessian":[1.9978074E0],"tree_param":{"num_deleted":"0","num_feature":"52","num_nodes":"1","size_leaf_vector":"0"}},{"base_weights":[-1.228216E-6],"categories":[],"categories_nodes":[],"categories_segments":[],"categories_sizes":[],"default_left":[0],"id":83,"left_children":[-1],"loss_changes":[0E0],"parents":[2147483647],"right_children":[-1],"split_conditions":[-3.684648E-7],"split_indices":[0],"split_type":[0],"sum_hessian":[1.997807E0],"tree_param":{"num_deleted":"0","num_feature":"52","num_nodes":"1","size_leaf_vector":"0"}},{"base_weights":[-9.29237E-7],"categories":[],"categories_nodes":[],"categories_segments":[],"categories_sizes":[],"default_left":[0],"id":84,"left_children":[-1],"loss_changes":[0E0],"parents":[2147483647],"right_children":[-1],"split_conditions":[-2.787711E-7],"split_indices":[0],"split_type":[0],"sum_hessian":[1.9978069E0],"tree_param":{"num_deleted":"0","num_feature":"52","num_nodes":"1","size_leaf_vector":"0"}},{"base_weights":[-7.4998167E-7],"categories":[],"categories_nodes":[],"categories_segments":[],"categories_sizes":[],"default_left":[0],"id":85,"left_children":[-1],"loss_changes":[0E0],"parents":[2147483647],"right_children":[-1],"split_conditions":[-2.2499451E-7],"split_indices":[0],"split_type":[0],"sum_hessian":[1.9978067E0],"tree_param":{"num_deleted":"0","num_feature":"52","num_nodes":"1","size_leaf_vector":"0"}},{"base_weights":[-6.058317E-7],"categories":[],"categories_nodes":[],"categories_segments":[],"categories_sizes":[],"default_left":[0],"id":86,"left_children":[-1],"loss_changes":[0E0],"parents":[2147483647],"right_children":[-1],"split_conditions":[-1.8174951E-7],"split_indices":[0],"split_type":[0],"sum_hessian":[1.9978068E0],"tree_param":{"num_deleted":"0","num_feature":"52","num_nodes":"1","size_leaf_vector":"0"}},{"base_weights":[-4.7535113E-7],"categories":[],"categories_nodes":[],"categories_segments":[],"categories_sizes":[],"default_left":[0],"id":87,"left_children":[-1],"loss_changes":[0E0],"parents":[2147483647],"right_children":[-1],"split_conditions":[-1.4260534E-7],"split_indices":[0],"split_type":[0],"sum_hessian":[1.9978068E0],"tree_param":{"num_deleted":"0","num_feature":"52","num_nodes":"1","size_leaf_vector":"0"}},{"base_weights":[-3.7531603E-7],"categories":[],"categories_nodes":[],"categories_segments":[],"categories_sizes":[],"default_left":[0],"id":88,"left_children":[-1],"loss_changes":[0E0],"parents":[2147483647],"right_children":[-1],"split_conditions":[-1.1259481E-7],"split_indices":[0],"split_type":[0],"sum_hessian":[1.9978069E0],"tree_param":{"num_deleted":"0","num_feature":"52","num_nodes":"1","size_leaf_vector":"0"}},{"base_weights":[-3.3057984E-7],"categories":[],"categories_nodes":[],"categories_segments":[],"categories_sizes":[],"default_left":[0],"id":89,"left_children":[-1],"loss_changes":[0E0],"parents":[2147483647],"right_children":[-1],"split_conditions":[-9.917395E-8],"split_indices":[0],"split_type":[0],"sum_hessian":[1.9978069E0],"tree_param":{"num_deleted":"0","num_feature":"52","num_nodes":"1","size_leaf_vector":"0"}},{"base_weights":[-3.057264E-7],"categories":[],"categories_nodes":[],"categories_segments":[],"categories_sizes":[],"default_left":[0],"id":90,"left_children":[-1],"loss_changes":[0E0],"parents":[2147483647],"right_children":[-1],"split_conditions":[-9.171792E-8],"split_indices":[0],"split_type":[0],"sum_hessian":[1.9978069E0],"tree_param":{"num_deleted":"0","num_feature":"52","num_nodes":"1","size_leaf_vector":"0"}},{"base_weights":[-2.8087297E-7],"categories":[],"categories_nodes":[],"categories_segments":[],"categories_sizes":[],"default_left":[0],"id":91,"left_children":[-1],"loss_changes":[0E0],"parents":[2147483647],"right_children":[-1],"split_conditions":[-8.426189E-8],"split_indices":[0],"split_type":[0],"sum_hessian":[1.997807E0],"tree_param":{"num_deleted":"0","num_feature":"52","num_nodes":"1","size_leaf_vector":"0"}},{"base_weights":[-2.8087297E-7],"categories":[],"categories_nodes":[],"categories_segments":[],"categories_sizes":[],"default_left":[0],"id":92,"left_children":[-1],"loss_changes":[0E0],"parents":[2147483647],"right_children":[-1],"split_conditions":[-8.426189E-8],"split_indices":[0],"split_type":[0],"sum_hessian":[1.997807E0],"tree_param":{"num_deleted":"0","num_feature":"52","num_nodes":"1","size_leaf_vector":"0"}},{"base_weights":[-2.3116608E-7],"categories":[],"categories_nodes":[],"categories_segments":[],"categories_sizes":[],"default_left":[0],"id":93,"left_children":[-1],"loss_changes":[0E0],"parents":[2147483647],"right_children":[-1],"split_conditions":[-6.934983E-8],"split_indices":[0],"split_type":[0],"sum_hessian":[1.997807E0],"tree_param":{"num_deleted":"0","num_feature":"52","num_nodes":"1","size_leaf_vector":"0"}},{"base_weights":[-2.0631265E-7],"categories":[],"categories_nodes":[],"categories_segments":[],"categories_sizes":[],"default_left":[0],"id":94,"left_children":[-1],"loss_changes":[0E0],"parents":[2147483647],"right_children":[-1],"split_conditions":[-6.18938E-8],"split_indices":[0],"split_type":[0],"sum_hessian":[1.997807E0],"tree_param":{"num_deleted":"0","num_feature":"52","num_nodes":"1","size_leaf_vector":"0"}},{"base_weights":[-2.0631265E-7],"categories":[],"categories_nodes":[],"categories_segments":[],"categories_sizes":[],"default_left":[0],"id":95,"left_children":[-1],"loss_changes":[0E0],"parents":[2147483647],"right_children":[-1],"split_conditions":[-6.18938E-8],"split_indices":[0],"split_type":[0],"sum_hessian":[1.997807E0],"tree_param":{"num_deleted":"0","num_feature":"52","num_nodes":"1","size_leaf_vector":"0"}},{"base_weights":[-1.7648851E-7],"categories":[],"categories_nodes":[],"categories_segments":[],"categories_sizes":[],"default_left":[0],"id":96,"left_children":[-1],"loss_changes":[0E0],"parents":[2147483647],"right_children":[-1],"split_conditions":[-5.2946557E-8],"split_indices":[0],"split_type":[0],"sum_hessian":[1.9978071E0],"tree_param":{"num_deleted":"0","num_feature":"52","num_nodes":"1","size_leaf_vector":"0"}},{"base_weights":[-1.7648851E-7],"categories":[],"categories_nodes":[],"categories_segments":[],"categories_sizes":[],"default_left":[0],"id":97,"left_children":[-1],"loss_changes":[0E0],"parents":[2147483647],"right_children":[-1],"split_conditions":[-5.2946557E-8],"split_indices":[0],"split_type":[0],"sum_hessian":[1.9978071E0],"tree_param":{"num_deleted":"0","num_feature":"52","num_nodes":"1","size_leaf_vector":"0"}},{"base_weights":[-1.7648851E-7],"categories":[],"categories_nodes":[],"categories_segments":[],"categories_sizes":[],"default_left":[0],"id":98,"left_children":[-1],"loss_changes":[0E0],"parents":[2147483647],"right_children":[-1],"split_conditions":[-5.2946557E-8],"split_indices":[0],"split_type":[0],"sum_hessian":[1.9978071E0],"tree_param":{"num_deleted":"0","num_feature":"52","num_nodes":"1","size_leaf_vector":"0"}},{"base_weights":[-1.7648851E-7],"categories":[],"categories_nodes":[],"categories_segments":[],"categories_sizes":[],"default_left":[0],"id":99,"left_children":[-1],"loss_changes":[0E0],"parents":[2147483647],"right_children":[-1],"split_conditions":[-5.2946557E-8],"split_indices":[0],"split_type":[0],"sum_hessian":[1.9978071E0],"tree_param":{"num_deleted":"0","num_feature":"52","num_nodes":"1","size_leaf_vector":"0"}}]},"name":"gbtree"},"learner_model_param":{"base_score":"5E-1","num_class":"0","num_feature":"52","num_target":"1"},"objective":{"name":"binary:logistic","reg_loss_param":{"scale_pos_weight":"1"}}},"version":[1,6,2]}