{"learner":{"attributes":{"best_iteration":"99","best_ntree_limit":"100","scikit_learn":"{\"use_label_encoder\": false, \"n_estimators\": 100, \"objective\": \"binary:logistic\", \"max_depth\": null, \"max_leaves\": null, \"max_bin\": null, \"grow_policy\": null, \"learning_rate\": null, \"verbosity\": null, \"booster\": null, \"tree_method\": null, \"gamma\": null, \"min_child_weight\": null, \"max_delta_step\": null, \"subsample\": null, \"sampling_method\": null, \"colsample_bytree\": null, \"colsample_bylevel\": null, \"colsample_bynode\": null, \"reg_alpha\": null, \"reg_lambda\": null, \"scale_pos_weight\": null, \"base_score\": null, \"missing\": NaN, \"num_parallel_tree\": null, \"random_state\": null, \"n_jobs\": null, \"monotone_constraints\": null, \"interaction_constraints\": null, \"importance_type\": null, \"gpu_id\": null, \"validate_parameters\": null, \"predictor\": null, \"enable_categorical\": false, \"max_cat_to_onehot\": null, \"eval_metric\": null, \"early_stopping_rounds\": null, \"callbacks\": null, \"classes_\": [0, 1], \"n_classes_\": 2, \"_estimator_type\": \"classifier\"}"},"feature_names":["ModelLatency_mean","TasksDeclined_mean","TasksSubmitted_mean","StepSucceeded_mean","DatasetObjectsLabelingFailed_mean","StepDuration_mean","GPUUtilization_mean","StepFailed_mean","ExecutionDuration_mean","ExecutionFailed_mean","MemoryUtilization_mean","TasksAccepted_mean","LoadedModelCount_mean","Latency_mean","GPUMemoryUtilization_mean","JobsSucceeded_mean","ExecutionSucceeded_mean","TimeSpent_mean","TasksReturned_mean","Invocations_mean","DiskUtilization_mean","ModelLoadingWaitTime_mean","ActiveWorkers_mean","JobsFailed_mean","CPUUtilization_mean","ModelLoadingTime_mean","Invocations_max","ModelLatency_max","ModelLoadingWaitTime_max","ModelLoadingTime_max","LoadedModelCount_max","CPUUtilization_max","MemoryUtilization_max","GPUUtilization_max","GPUMemoryUtilization_max","DiskUtilization_max","ActiveWorkers_max","DatasetObjectsLabelingFailed_max","JobsFailed_max","JobsSucceeded_max","TasksAccepted_max","TasksDeclined_max","TasksReturned_max","TasksSubmitted_max","TimeSpent_max","Latency_max","ExecutionFailed_max","ExecutionSucceeded_max","ExecutionDuration_max","StepFailed_max","StepSucceeded_max","StepDuration_max","Invocations_min","ModelLatency_min","ModelLoadingWaitTime_min","ModelLoadingTime_min","LoadedModelCount_min","CPUUtilization_min","MemoryUtilization_min","GPUUtilization_min","GPUMemoryUtilization_min","DiskUtilization_min","ActiveWorkers_min","DatasetObjectsLabelingFailed_min","JobsFailed_min","JobsSucceeded_min","TasksAccepted_min","TasksDeclined_min","TasksReturned_min","TasksSubmitted_min","TimeSpent_min","Latency_min","ExecutionFailed_min","ExecutionSucceeded_min","ExecutionDuration_min","StepFailed_min","StepSucceeded_min","StepDuration_min","Invocations_median","ModelLatency_median","ModelLoadingWaitTime_median","ModelLoadingTime_median","LoadedModelCount_median","CPUUtilization_median","MemoryUtilization_median","GPUUtilization_median","GPUMemoryUtilization_median","DiskUtilization_median","ActiveWorkers_median","DatasetObjectsLabelingFailed_median","JobsFailed_median","JobsSucceeded_median","TasksAccepted_median","TasksDeclined_median","TasksReturned_median","TasksSubmitted_median","TimeSpent_median","Latency_median","ExecutionFailed_median","ExecutionSucceeded_median","ExecutionDuration_median","StepFailed_median","StepSucceeded_median","StepDuration_median"],"feature_types":["float","float","float","float","float","float","float","float","float","float","float","float","float","float","float","float","float","float","float","float","float","float","float","float","float","float","int","float","int","float","int","int","int","int","int","int","int","int","float","int","int","float","int","int","float","float","float","int","float","int","int","int","int","float","int","float","int","int","int","int","int","int","int","int","float","int","int","float","int","int","float","float","float","int","float","int","int","int","float","float","float","float","float","float","float","float","float","float","float","float","float","float","float","float","float","float","float","float","float","float","float","float","float","float"],"gradient_booster":{"model":{"gbtree_model_param":{"num_parallel_tree":"1","num_trees":"100","size_leaf_vector":"0"},"tree_info":[0,0,0,0,0,0,0,0,0,0,0,0,0,0,0,0,0,0,0,0,0,0,0,0,0,0,0,0,0,0,0,0,0,0,0,0,0,0,0,0,0,0,0,0,0,0,0,0,0,0,0,0,0,0,0,0,0,0,0,0,0,0,0,0,0,0,0,0,0,0,0,0,0,0,0,0,0,0,0,0,0,0,0,0,0,0,0,0,0,0,0,0,0,0,0,0,0,0,0,0],"trees":[{"base_weights":[-1.5479453E0,-1.9693487E0,1.7714286E0],"categories":[],"categories_nodes":[],"categories_segments":[],"categories_sizes":[],"default_left":[1,0,0],"id":0,"left_children":[1,-1,-1],"loss_changes":[1.0560066E2,0E0,0E0],"parents":[2147483647,0,0],"right_children":[2,-1,-1],"split_conditions":[7.805891E2,-5.9080464E-1,5.314286E-1],"split_indices":[13,0,0],"split_type":[0,0,0],"sum_hessian":[7.2E1,6.425E1,7.75E0],"tree_param":{"num_deleted":"0","num_feature":"104","num_nodes":"3","size_leaf_vector":"0"}},{"base_weights":[-1.1927656E0,-1.5279636E0,1.394784E0],"categories":[],"categories_nodes":[],"categories_segments":[],"categories_sizes":[],"default_left":[1,0,0],"id":1,"left_children":[1,-1,-1],"loss_changes":[6.0400673E1,0E0,0E0],"parents":[2147483647,0,0],"right_children":[2,-1,-1],"split_conditions":[7.805891E2,-4.583891E-1,4.1843522E-1],"split_indices":[13,0,0],"split_type":[0,0,0],"sum_hessian":[6.61817E1,5.895412E1,7.22758E0],"tree_param":{"num_deleted":"0","num_feature":"104","num_nodes":"3","size_leaf_vector":"0"}},{"base_weights":[-1.0248995E0,-1.3234141E0,1.195108E0],"categories":[],"categories_nodes":[],"categories_segments":[],"categories_sizes":[],"default_left":[1,0,0],"id":2,"left_children":[1,-1,-1],"loss_changes":[3.9093987E1,0E0,0E0],"parents":[2147483647,0,0],"right_children":[2,-1,-1],"split_conditions":[7.805891E2,-3.9702424E-1,3.5853243E-1],"split_indices":[13,0,0],"split_type":[0,0,0],"sum_hessian":[5.5604935E1,4.937021E1,6.234726E0],"tree_param":{"num_deleted":"0","num_feature":"104","num_nodes":"3","size_leaf_vector":"0"}},{"base_weights":[-9.246736E-1,-1.205063E0,1.0651158E0],"categories":[],"categories_nodes":[],"categories_segments":[],"categories_sizes":[],"default_left":[1,0,0],"id":3,"left_children":[1,-1,-1],"loss_changes":[2.685701E1,0E0,0E0],"parents":[2147483647,0,0],"right_children":[2,-1,-1],"split_conditions":[7.805891E2,-3.6151892E-1,3.1953475E-1],"split_indices":[13,0,0],"split_type":[0,0,0],"sum_hessian":[4.483752E1,3.9645313E1,5.1922064E0],"tree_param":{"num_deleted":"0","num_feature":"104","num_nodes":"3","size_leaf_vector":"0"}},{"base_weights":[-8.5598093E-1,-1.1277753E0,9.685746E-1],"categories":[],"categories_nodes":[],"categories_segments":[],"categories_sizes":[],"default_left":[1,0,0],"id":4,"left_children":[1,-1,-1],"loss_changes":[1.9125341E1,0E0,0E0],"parents":[2147483647,0,0],"right_children":[2,-1,-1],"split_conditions":[7.805891E2,-3.383326E-1,2.9057238E-1],"split_indices":[13,0,0],"split_type":[0,0,0],"sum_hessian":[3.5363914E1,3.1111317E1,4.2525973E0],"tree_param":{"num_deleted":"0","num_feature":"104","num_nodes":"3","size_leaf_vector":"0"}},{"base_weights":[-8.0342585E-1,-1.0724262E0,8.8973397E-1],"categories":[],"categories_nodes":[],"categories_segments":[],"categories_sizes":[],"default_left":[1,0,0],"id":5,"left_children":[1,-1,-1],"loss_changes":[1.3958128E1,0E0,0E0],"parents":[2147483647,0,0],"right_children":[2,-1,-1],"split_conditions":[7.805891E2,-3.2172787E-1,2.669202E-1],"split_indices":[13,0,0],"split_type":[0,0,0],"sum_hessian":[2.755121E1,2.4090456E1,3.4607537E0],"tree_param":{"num_deleted":"0","num_feature":"104","num_nodes":"3","size_leaf_vector":"0"}},{"base_weights":[-7.590743E-1,-1.0291827E0,8.209456E-1],"categories":[],"categories_nodes":[],"categories_segments":[],"categories_sizes":[],"default_left":[1,0,0],"id":6,"left_children":[1,-1,-1],"loss_changes":[1.037511E1,0E0,0E0],"parents":[2147483647,0,0],"right_children":[2,-1,-1],"split_conditions":[7.805891E2,-3.087548E-1,2.462837E-1],"split_indices":[13,0,0],"split_type":[0,0,0],"sum_hessian":[2.1330673E1,1.8514244E1,2.8164294E0],"tree_param":{"num_deleted":"0","num_feature":"104","num_nodes":"3","size_leaf_vector":"0"}},{"base_weights":[-7.183309E-1,-9.9226964E-1,7.5843024E-1],"categories":[],"categories_nodes":[],"categories_segments":[],"categories_sizes":[],"default_left":[1,0,0],"id":7,"left_children":[1,-1,-1],"loss_changes":[7.8242674E0,0E0,0E0],"parents":[2147483647,0,0],"right_children":[2,-1,-1],"split_conditions":[7.805891E2,-2.976809E-1,2.2752908E-1],"split_indices":[13,0,0],"split_type":[0,0,0],"sum_hessian":[1.6480755E1,1.4178689E1,2.302065E0],"tree_param":{"num_deleted":"0","num_feature":"104","num_nodes":"3","size_leaf_vector":"0"}},{"base_weights":[-6.783843E-1,-9.5796037E-1,7.004492E-1],"categories":[],"categories_nodes":[],"categories_segments":[],"categories_sizes":[],"default_left":[1,0,0],"id":8,"left_children":[1,-1,-1],"loss_changes":[5.970959E0,0E0,0E0],"parents":[2147483647,0,0],"right_children":[2,-1,-1],"split_conditions":[7.805891E2,-2.8738812E-1,2.1013477E-1],"split_indices":[13,0,0],"split_type":[0,0,0],"sum_hessian":[1.2748665E1,1.0853266E1,1.8953991E0],"tree_param":{"num_deleted":"0","num_feature":"104","num_nodes":"3","size_leaf_vector":"0"}},{"base_weights":[-6.375591E-1,-9.237223E-1,6.463506E-1],"categories":[],"categories_nodes":[],"categories_segments":[],"categories_sizes":[],"default_left":[1,0,0],"id":9,"left_children":[1,-1,-1],"loss_changes":[4.6018186E0,0E0,0E0],"parents":[2147483647,0,0],"right_children":[2,-1,-1],"split_conditions":[7.805891E2,-2.7711672E-1,1.9390519E-1],"split_indices":[13,0,0],"split_type":[0,0,0],"sum_hessian":[9.900069E0,8.32508E0,1.5749897E0],"tree_param":{"num_deleted":"0","num_feature":"104","num_nodes":"3","size_leaf_vector":"0"}},{"base_weights":[-5.9503704E-1,-8.8785577E-1,5.9599954E-1],"categories":[],"categories_nodes":[],"categories_segments":[],"categories_sizes":[],"default_left":[1,0,0],"id":10,"left_children":[1,-1,-1],"loss_changes":[3.575926E0,0E0,0E0],"parents":[2147483647,0,0],"right_children":[2,-1,-1],"split_conditions":[7.805891E2,-2.6635674E-1,1.7879987E-1],"split_indices":[13,0,0],"split_type":[0,0,0],"sum_hessian":[7.7360477E0,6.4137635E0,1.3222843E0],"tree_param":{"num_deleted":"0","num_feature":"104","num_nodes":"3","size_leaf_vector":"0"}},{"base_weights":[-5.50708E-1,-8.493587E-1,5.4944247E-1],"categories":[],"categories_nodes":[],"categories_segments":[],"categories_sizes":[],"default_left":[1,0,0],"id":11,"left_children":[1,-1,-1],"loss_changes":[2.7979877E0,0E0,0E0],"parents":[2147483647,0,0],"right_children":[2,-1,-1],"split_conditions":[7.805891E2,-2.5480762E-1,1.6483274E-1],"split_indices":[13,0,0],"split_type":[0,0,0],"sum_hessian":[6.095535E0,4.9733996E0,1.1221352E0],"tree_param":{"num_deleted":"0","num_feature":"104","num_nodes":"3","size_leaf_vector":"0"}},{"base_weights":[-5.0504327E-1,-8.0593604E-1,4.7230518E-1],"categories":[],"categories_nodes":[],"categories_segments":[],"categories_sizes":[],"default_left":[1,0,0],"id":12,"left_children":[1,-1,-1],"loss_changes":[2.1015167E0,0E0,0E0],"parents":[2147483647,0,0],"right_children":[2,-1,-1],"split_conditions":[1.5422292E3,-2.4178082E-1,1.4169157E-1],"split_indices":[8,0,0],"split_type":[0,0,0],"sum_hessian":[4.8517604E0,3.843776E0,1.0079845E0],"tree_param":{"num_deleted":"0","num_feature":"104","num_nodes":"3","size_leaf_vector":"0"}},{"base_weights":[-4.585017E-1,-7.5472504E-1,3.5200188E-1],"categories":[],"categories_nodes":[],"categories_segments":[],"categories_sizes":[],"default_left":[1,0,0],"id":13,"left_children":[1,-1,-1],"loss_changes":[1.4499987E0,0E0,0E0],"parents":[2147483647,0,0],"right_children":[2,-1,-1],"split_conditions":[1.5209479E3,-2.2641753E-1,1.05600566E-1],"split_indices":[8,0,0],"split_type":[0,0,0],"sum_hessian":[3.932873E0,2.9306111E0,1.002262E0],"tree_param":{"num_deleted":"0","num_feature":"104","num_nodes":"3","size_leaf_vector":"0"}},{"base_weights":[-4.1255996E-1,-7.0276576E-1,2.697985E-1],"categories":[],"categories_nodes":[],"categories_segments":[],"categories_sizes":[],"default_left":[1,0,0],"id":14,"left_children":[1,-1,-1],"loss_changes":[1.0386677E0,0E0,0E0],"parents":[2147483647,0,0],"right_children":[2,-1,-1],"split_conditions":[1.3297812E3,-2.1082973E-1,8.0939546E-2],"split_indices":[0,0,0],"split_type":[0,0,0],"sum_hessian":[3.2876668E0,2.2856688E0,1.001998E0],"tree_param":{"num_deleted":"0","num_feature":"104","num_nodes":"3","size_leaf_vector":"0"}},{"base_weights":[-3.6959377E-1,-6.5137786E-1,2.1297489E-1],"categories":[],"categories_nodes":[],"categories_segments":[],"categories_sizes":[],"default_left":[1,0,0],"id":15,"left_children":[1,-1,-1],"loss_changes":[7.6640475E-1,0E0,0E0],"parents":[2147483647,0,0],"right_children":[2,-1,-1],"split_conditions":[1.3826042E2,-1.9541337E-1,6.389247E-2],"split_indices":[1,0,0],"split_type":[0,0,0],"sum_hessian":[2.823605E0,1.8234854E0,1.0001197E0],"tree_param":{"num_deleted":"0","num_feature":"104","num_nodes":"3","size_leaf_vector":"0"}},{"base_weights":[-3.309141E-1,-6.0147727E-1,1.7022383E-1],"categories":[],"categories_nodes":[],"categories_segments":[],"categories_sizes":[],"default_left":[1,0,0],"id":16,"left_children":[1,-1,-1],"loss_changes":[5.744768E-1,0E0,0E0],"parents":[2147483647,0,0],"right_children":[2,-1,-1],"split_conditions":[1.1625E3,-1.8044318E-1,5.106715E-2],"split_indices":[45,0,0],"split_type":[0,0,0],"sum_hessian":[2.4817684E0,1.4816216E0,1.0001467E0],"tree_param":{"num_deleted":"0","num_feature":"104","num_nodes":"3","size_leaf_vector":"0"}},{"base_weights":[-2.9696286E-1,-5.5414957E-1,1.3764578E-1],"categories":[],"categories_nodes":[],"categories_segments":[],"categories_sizes":[],"default_left":[1,0,0],"id":17,"left_children":[1,-1,-1],"loss_changes":[4.368452E-1,0E0,0E0],"parents":[2147483647,0,0],"right_children":[2,-1,-1],"split_conditions":[1.485375E3,-1.6624488E-1,4.1293737E-2],"split_indices":[8,0,0],"split_type":[0,0,0],"sum_hessian":[2.2258294E0,1.2255414E0,1.000288E0],"tree_param":{"num_deleted":"0","num_feature":"104","num_nodes":"3","size_leaf_vector":"0"}},{"base_weights":[-2.6763988E-1,-5.1041186E-1,1.1254928E-1],"categories":[],"categories_nodes":[],"categories_segments":[],"categories_sizes":[],"default_left":[1,0,0],"id":18,"left_children":[1,-1,-1],"loss_changes":[3.3719093E-1,0E0,0E0],"parents":[2147483647,0,0],"right_children":[2,-1,-1],"split_conditions":[2.273E3,-1.5312356E-1,3.3764787E-2],"split_indices":[48,0,0],"split_type":[0,0,0],"sum_hessian":[2.0308418E0,1.0303715E0,1.0004704E0],"tree_param":{"num_deleted":"0","num_feature":"104","num_nodes":"3","size_leaf_vector":"0"}},{"base_weights":[-2.4252129E-1],"categories":[],"categories_nodes":[],"categories_segments":[],"categories_sizes":[],"default_left":[0],"id":19,"left_children":[-1],"loss_changes":[0E0],"parents":[2147483647],"right_children":[-1],"split_conditions":[-7.275639E-2],"split_indices":[0],"split_type":[0],"sum_hessian":[1.8799081E0],"tree_param":{"num_deleted":"0","num_feature":"104","num_nodes":"1","size_leaf_vector":"0"}},{"base_weights":[-1.9890052E-1],"categories":[],"categories_nodes":[],"categories_segments":[],"categories_sizes":[],"default_left":[0],"id":20,"left_children":[-1],"loss_changes":[0E0],"parents":[2147483647],"right_children":[-1],"split_conditions":[-5.9670158E-2],"split_indices":[0],"split_type":[0],"sum_hessian":[1.83276E0],"tree_param":{"num_deleted":"0","num_feature":"104","num_nodes":"1","size_leaf_vector":"0"}},{"base_weights":[-1.6246817E-1],"categories":[],"categories_nodes":[],"categories_segments":[],"categories_sizes":[],"default_left":[0],"id":21,"left_children":[-1],"loss_changes":[0E0],"parents":[2147483647],"right_children":[-1],"split_conditions":[-4.874045E-2],"split_indices":[0],"split_type":[0],"sum_hessian":[1.800901E0],"tree_param":{"num_deleted":"0","num_feature":"104","num_nodes":"1","size_leaf_vector":"0"}},{"base_weights":[-1.3234152E-1],"categories":[],"categories_nodes":[],"categories_segments":[],"categories_sizes":[],"default_left":[0],"id":22,"left_children":[-1],"loss_changes":[0E0],"parents":[2147483647],"right_children":[-1],"split_conditions":[-3.9702456E-2],"split_indices":[0],"split_type":[0],"sum_hessian":[1.7793304E0],"tree_param":{"num_deleted":"0","num_feature":"104","num_nodes":"1","size_leaf_vector":"0"}},{"base_weights":[-1.0759992E-1],"categories":[],"categories_nodes":[],"categories_segments":[],"categories_sizes":[],"default_left":[0],"id":23,"left_children":[-1],"loss_changes":[0E0],"parents":[2147483647],"right_children":[-1],"split_conditions":[-3.227998E-2],"split_indices":[0],"split_type":[0],"sum_hessian":[1.7646666E0],"tree_param":{"num_deleted":"0","num_feature":"104","num_nodes":"1","size_leaf_vector":"0"}},{"base_weights":[-8.737282E-2],"categories":[],"categories_nodes":[],"categories_segments":[],"categories_sizes":[],"default_left":[0],"id":24,"left_children":[-1],"loss_changes":[0E0],"parents":[2147483647],"right_children":[-1],"split_conditions":[-2.6211847E-2],"split_indices":[0],"split_type":[0],"sum_hessian":[1.7546463E0],"tree_param":{"num_deleted":"0","num_feature":"104","num_nodes":"1","size_leaf_vector":"0"}},{"base_weights":[-7.088684E-2],"categories":[],"categories_nodes":[],"categories_segments":[],"categories_sizes":[],"default_left":[0],"id":25,"left_children":[-1],"loss_changes":[0E0],"parents":[2147483647],"right_children":[-1],"split_conditions":[-2.1266054E-2],"split_indices":[0],"split_type":[0],"sum_hessian":[1.7477549E0],"tree_param":{"num_deleted":"0","num_feature":"104","num_nodes":"1","size_leaf_vector":"0"}},{"base_weights":[-5.747878E-2],"categories":[],"categories_nodes":[],"categories_segments":[],"categories_sizes":[],"default_left":[0],"id":26,"left_children":[-1],"loss_changes":[0E0],"parents":[2147483647],"right_children":[-1],"split_conditions":[-1.7243635E-2],"split_indices":[0],"split_type":[0],"sum_hessian":[1.7429762E0],"tree_param":{"num_deleted":"0","num_feature":"104","num_nodes":"1","size_leaf_vector":"0"}},{"base_weights":[-4.6589043E-2],"categories":[],"categories_nodes":[],"categories_segments":[],"categories_sizes":[],"default_left":[0],"id":27,"left_children":[-1],"loss_changes":[0E0],"parents":[2147483647],"right_children":[-1],"split_conditions":[-1.3976714E-2],"split_indices":[0],"split_type":[0],"sum_hessian":[1.7396321E0],"tree_param":{"num_deleted":"0","num_feature":"104","num_nodes":"1","size_leaf_vector":"0"}},{"base_weights":[-3.7753604E-2],"categories":[],"categories_nodes":[],"categories_segments":[],"categories_sizes":[],"default_left":[0],"id":28,"left_children":[-1],"loss_changes":[0E0],"parents":[2147483647],"right_children":[-1],"split_conditions":[-1.1326082E-2],"split_indices":[0],"split_type":[0],"sum_hessian":[1.7372677E0],"tree_param":{"num_deleted":"0","num_feature":"104","num_nodes":"1","size_leaf_vector":"0"}},{"base_weights":[-3.058718E-2],"categories":[],"categories_nodes":[],"categories_segments":[],"categories_sizes":[],"default_left":[0],"id":29,"left_children":[-1],"loss_changes":[0E0],"parents":[2147483647],"right_children":[-1],"split_conditions":[-9.176155E-3],"split_indices":[0],"split_type":[0],"sum_hessian":[1.735582E0],"tree_param":{"num_deleted":"0","num_feature":"104","num_nodes":"1","size_leaf_vector":"0"}},{"base_weights":[-2.47784E-2],"categories":[],"categories_nodes":[],"categories_segments":[],"categories_sizes":[],"default_left":[0],"id":30,"left_children":[-1],"loss_changes":[0E0],"parents":[2147483647],"right_children":[-1],"split_conditions":[-7.43352E-3],"split_indices":[0],"split_type":[0],"sum_hessian":[1.7343647E0],"tree_param":{"num_deleted":"0","num_feature":"104","num_nodes":"1","size_leaf_vector":"0"}},{"base_weights":[-2.0071626E-2],"categories":[],"categories_nodes":[],"categories_segments":[],"categories_sizes":[],"default_left":[0],"id":31,"left_children":[-1],"loss_changes":[0E0],"parents":[2147483647],"right_children":[-1],"split_conditions":[-6.021488E-3],"split_indices":[0],"split_type":[0],"sum_hessian":[1.7334753E0],"tree_param":{"num_deleted":"0","num_feature":"104","num_nodes":"1","size_leaf_vector":"0"}},{"base_weights":[-1.6257806E-2],"categories":[],"categories_nodes":[],"categories_segments":[],"categories_sizes":[],"default_left":[0],"id":32,"left_children":[-1],"loss_changes":[0E0],"parents":[2147483647],"right_children":[-1],"split_conditions":[-4.877342E-3],"split_indices":[0],"split_type":[0],"sum_hessian":[1.7328192E0],"tree_param":{"num_deleted":"0","num_feature":"104","num_nodes":"1","size_leaf_vector":"0"}},{"base_weights":[-1.3168325E-2],"categories":[],"categories_nodes":[],"categories_segments":[],"categories_sizes":[],"default_left":[0],"id":33,"left_children":[-1],"loss_changes":[0E0],"parents":[2147483647],"right_children":[-1],"split_conditions":[-3.9504976E-3],"split_indices":[0],"split_type":[0],"sum_hessian":[1.7323289E0],"tree_param":{"num_deleted":"0","num_feature":"104","num_nodes":"1","size_leaf_vector":"0"}},{"base_weights":[-1.0664483E-2],"categories":[],"categories_nodes":[],"categories_segments":[],"categories_sizes":[],"default_left":[0],"id":34,"left_children":[-1],"loss_changes":[0E0],"parents":[2147483647],"right_children":[-1],"split_conditions":[-3.199345E-3],"split_indices":[0],"split_type":[0],"sum_hessian":[1.7319622E0],"tree_param":{"num_deleted":"0","num_feature":"104","num_nodes":"1","size_leaf_vector":"0"}},{"base_weights":[-8.637477E-3],"categories":[],"categories_nodes":[],"categories_segments":[],"categories_sizes":[],"default_left":[0],"id":35,"left_children":[-1],"loss_changes":[0E0],"parents":[2147483647],"right_children":[-1],"split_conditions":[-2.591243E-3],"split_indices":[0],"split_type":[0],"sum_hessian":[1.7316808E0],"tree_param":{"num_deleted":"0","num_feature":"104","num_nodes":"1","size_leaf_vector":"0"}},{"base_weights":[-6.9951224E-3],"categories":[],"categories_nodes":[],"categories_segments":[],"categories_sizes":[],"default_left":[0],"id":36,"left_children":[-1],"loss_changes":[0E0],"parents":[2147483647],"right_children":[-1],"split_conditions":[-2.0985368E-3],"split_indices":[0],"split_type":[0],"sum_hessian":[1.7314664E0],"tree_param":{"num_deleted":"0","num_feature":"104","num_nodes":"1","size_leaf_vector":"0"}},{"base_weights":[-5.6661894E-3],"categories":[],"categories_nodes":[],"categories_segments":[],"categories_sizes":[],"default_left":[0],"id":37,"left_children":[-1],"loss_changes":[0E0],"parents":[2147483647],"right_children":[-1],"split_conditions":[-1.6998568E-3],"split_indices":[0],"split_type":[0],"sum_hessian":[1.7312973E0],"tree_param":{"num_deleted":"0","num_feature":"104","num_nodes":"1","size_leaf_vector":"0"}},{"base_weights":[-4.5890077E-3],"categories":[],"categories_nodes":[],"categories_segments":[],"categories_sizes":[],"default_left":[0],"id":38,"left_children":[-1],"loss_changes":[0E0],"parents":[2147483647],"right_children":[-1],"split_conditions":[-1.3767023E-3],"split_indices":[0],"split_type":[0],"sum_hessian":[1.7311671E0],"tree_param":{"num_deleted":"0","num_feature":"104","num_nodes":"1","size_leaf_vector":"0"}},{"base_weights":[-3.716375E-3],"categories":[],"categories_nodes":[],"categories_segments":[],"categories_sizes":[],"default_left":[0],"id":39,"left_children":[-1],"loss_changes":[0E0],"parents":[2147483647],"right_children":[-1],"split_conditions":[-1.1149126E-3],"split_indices":[0],"split_type":[0],"sum_hessian":[1.7310656E0],"tree_param":{"num_deleted":"0","num_feature":"104","num_nodes":"1","size_leaf_vector":"0"}},{"base_weights":[-3.0098234E-3],"categories":[],"categories_nodes":[],"categories_segments":[],"categories_sizes":[],"default_left":[0],"id":40,"left_children":[-1],"loss_changes":[0E0],"parents":[2147483647],"right_children":[-1],"split_conditions":[-9.0294704E-4],"split_indices":[0],"split_type":[0],"sum_hessian":[1.7309853E0],"tree_param":{"num_deleted":"0","num_feature":"104","num_nodes":"1","size_leaf_vector":"0"}},{"base_weights":[-2.4374346E-3],"categories":[],"categories_nodes":[],"categories_segments":[],"categories_sizes":[],"default_left":[0],"id":41,"left_children":[-1],"loss_changes":[0E0],"parents":[2147483647],"right_children":[-1],"split_conditions":[-7.312304E-4],"split_indices":[0],"split_type":[0],"sum_hessian":[1.7309217E0],"tree_param":{"num_deleted":"0","num_feature":"104","num_nodes":"1","size_leaf_vector":"0"}},{"base_weights":[-1.973283E-3],"categories":[],"categories_nodes":[],"categories_segments":[],"categories_sizes":[],"default_left":[0],"id":42,"left_children":[-1],"loss_changes":[0E0],"parents":[2147483647],"right_children":[-1],"split_conditions":[-5.9198495E-4],"split_indices":[0],"split_type":[0],"sum_hessian":[1.7308725E0],"tree_param":{"num_deleted":"0","num_feature":"104","num_nodes":"1","size_leaf_vector":"0"}},{"base_weights":[-1.5988741E-3],"categories":[],"categories_nodes":[],"categories_segments":[],"categories_sizes":[],"default_left":[0],"id":43,"left_children":[-1],"loss_changes":[0E0],"parents":[2147483647],"right_children":[-1],"split_conditions":[-4.7966224E-4],"split_indices":[0],"split_type":[0],"sum_hessian":[1.7308307E0],"tree_param":{"num_deleted":"0","num_feature":"104","num_nodes":"1","size_leaf_vector":"0"}},{"base_weights":[-1.2950932E-3],"categories":[],"categories_nodes":[],"categories_segments":[],"categories_sizes":[],"default_left":[0],"id":44,"left_children":[-1],"loss_changes":[0E0],"parents":[2147483647],"right_children":[-1],"split_conditions":[-3.88528E-4],"split_indices":[0],"split_type":[0],"sum_hessian":[1.7307976E0],"tree_param":{"num_deleted":"0","num_feature":"104","num_nodes":"1","size_leaf_vector":"0"}},{"base_weights":[-1.049067E-3],"categories":[],"categories_nodes":[],"categories_segments":[],"categories_sizes":[],"default_left":[0],"id":45,"left_children":[-1],"loss_changes":[0E0],"parents":[2147483647],"right_children":[-1],"split_conditions":[-3.1472012E-4],"split_indices":[0],"split_type":[0],"sum_hessian":[1.7307711E0],"tree_param":{"num_deleted":"0","num_feature":"104","num_nodes":"1","size_leaf_vector":"0"}},{"base_weights":[-8.491566E-4],"categories":[],"categories_nodes":[],"categories_segments":[],"categories_sizes":[],"default_left":[0],"id":46,"left_children":[-1],"loss_changes":[0E0],"parents":[2147483647],"right_children":[-1],"split_conditions":[-2.54747E-4],"split_indices":[0],"split_type":[0],"sum_hessian":[1.7307514E0],"tree_param":{"num_deleted":"0","num_feature":"104","num_nodes":"1","size_leaf_vector":"0"}},{"base_weights":[-6.8684405E-4],"categories":[],"categories_nodes":[],"categories_segments":[],"categories_sizes":[],"default_left":[0],"id":47,"left_children":[-1],"loss_changes":[0E0],"parents":[2147483647],"right_children":[-1],"split_conditions":[-2.0605323E-4],"split_indices":[0],"split_type":[0],"sum_hessian":[1.7307372E0],"tree_param":{"num_deleted":"0","num_feature":"104","num_nodes":"1","size_leaf_vector":"0"}},{"base_weights":[-5.570755E-4],"categories":[],"categories_nodes":[],"categories_segments":[],"categories_sizes":[],"default_left":[0],"id":48,"left_children":[-1],"loss_changes":[0E0],"parents":[2147483647],"right_children":[-1],"split_conditions":[-1.6712265E-4],"split_indices":[0],"split_type":[0],"sum_hessian":[1.7307216E0],"tree_param":{"num_deleted":"0","num_feature":"104","num_nodes":"1","size_leaf_vector":"0"}},{"base_weights":[-4.513819E-4],"categories":[],"categories_nodes":[],"categories_segments":[],"categories_sizes":[],"default_left":[0],"id":49,"left_children":[-1],"loss_changes":[0E0],"parents":[2147483647],"right_children":[-1],"split_conditions":[-1.3541458E-4],"split_indices":[0],"split_type":[0],"sum_hessian":[1.7307105E0],"tree_param":{"num_deleted":"0","num_feature":"104","num_nodes":"1","size_leaf_vector":"0"}},{"base_weights":[-3.6527612E-4],"categories":[],"categories_nodes":[],"categories_segments":[],"categories_sizes":[],"default_left":[0],"id":50,"left_children":[-1],"loss_changes":[0E0],"parents":[2147483647],"right_children":[-1],"split_conditions":[-1.0958284E-4],"split_indices":[0],"split_type":[0],"sum_hessian":[1.7307025E0],"tree_param":{"num_deleted":"0","num_feature":"104","num_nodes":"1","size_leaf_vector":"0"}},{"base_weights":[-2.9556465E-4],"categories":[],"categories_nodes":[],"categories_segments":[],"categories_sizes":[],"default_left":[0],"id":51,"left_children":[-1],"loss_changes":[0E0],"parents":[2147483647],"right_children":[-1],"split_conditions":[-8.8669396E-5],"split_indices":[0],"split_type":[0],"sum_hessian":[1.7306961E0],"tree_param":{"num_deleted":"0","num_feature":"104","num_nodes":"1","size_leaf_vector":"0"}},{"base_weights":[-2.3935088E-4],"categories":[],"categories_nodes":[],"categories_segments":[],"categories_sizes":[],"default_left":[0],"id":52,"left_children":[-1],"loss_changes":[0E0],"parents":[2147483647],"right_children":[-1],"split_conditions":[-7.180527E-5],"split_indices":[0],"split_type":[0],"sum_hessian":[1.7306902E0],"tree_param":{"num_deleted":"0","num_feature":"104","num_nodes":"1","size_leaf_vector":"0"}},{"base_weights":[-1.9457664E-4],"categories":[],"categories_nodes":[],"categories_segments":[],"categories_sizes":[],"default_left":[0],"id":53,"left_children":[-1],"loss_changes":[0E0],"parents":[2147483647],"right_children":[-1],"split_conditions":[-5.8372996E-5],"split_indices":[0],"split_type":[0],"sum_hessian":[1.7306833E0],"tree_param":{"num_deleted":"0","num_feature":"104","num_nodes":"1","size_leaf_vector":"0"}},{"base_weights":[-1.5628577E-4],"categories":[],"categories_nodes":[],"categories_segments":[],"categories_sizes":[],"default_left":[0],"id":54,"left_children":[-1],"loss_changes":[0E0],"parents":[2147483647],"right_children":[-1],"split_conditions":[-4.6885732E-5],"split_indices":[0],"split_type":[0],"sum_hessian":[1.7306833E0],"tree_param":{"num_deleted":"0","num_feature":"104","num_nodes":"1","size_leaf_vector":"0"}},{"base_weights":[-1.277518E-4],"categories":[],"categories_nodes":[],"categories_segments":[],"categories_sizes":[],"default_left":[0],"id":55,"left_children":[-1],"loss_changes":[0E0],"parents":[2147483647],"right_children":[-1],"split_conditions":[-3.8325543E-5],"split_indices":[0],"split_type":[0],"sum_hessian":[1.7306775E0],"tree_param":{"num_deleted":"0","num_feature":"104","num_nodes":"1","size_leaf_vector":"0"}},{"base_weights":[-1.0265651E-4],"categories":[],"categories_nodes":[],"categories_segments":[],"categories_sizes":[],"default_left":[0],"id":56,"left_children":[-1],"loss_changes":[0E0],"parents":[2147483647],"right_children":[-1],"split_conditions":[-3.0796953E-5],"split_indices":[0],"split_type":[0],"sum_hessian":[1.7306775E0],"tree_param":{"num_deleted":"0","num_feature":"104","num_nodes":"1","size_leaf_vector":"0"}},{"base_weights":[-8.323838E-5],"categories":[],"categories_nodes":[],"categories_segments":[],"categories_sizes":[],"default_left":[0],"id":57,"left_children":[-1],"loss_changes":[0E0],"parents":[2147483647],"right_children":[-1],"split_conditions":[-2.4971516E-5],"split_indices":[0],"split_type":[0],"sum_hessian":[1.7306749E0],"tree_param":{"num_deleted":"0","num_feature":"104","num_nodes":"1","size_leaf_vector":"0"}},{"base_weights":[-6.78379E-5],"categories":[],"categories_nodes":[],"categories_segments":[],"categories_sizes":[],"default_left":[0],"id":58,"left_children":[-1],"loss_changes":[0E0],"parents":[2147483647],"right_children":[-1],"split_conditions":[-2.035137E-5],"split_indices":[0],"split_type":[0],"sum_hessian":[1.7306725E0],"tree_param":{"num_deleted":"0","num_feature":"104","num_nodes":"1","size_leaf_vector":"0"}},{"base_weights":[-5.516493E-5],"categories":[],"categories_nodes":[],"categories_segments":[],"categories_sizes":[],"default_left":[0],"id":59,"left_children":[-1],"loss_changes":[0E0],"parents":[2147483647],"right_children":[-1],"split_conditions":[-1.6549478E-5],"split_indices":[0],"split_type":[0],"sum_hessian":[1.7306703E0],"tree_param":{"num_deleted":"0","num_feature":"104","num_nodes":"1","size_leaf_vector":"0"}},{"base_weights":[-4.439281E-5],"categories":[],"categories_nodes":[],"categories_segments":[],"categories_sizes":[],"default_left":[0],"id":60,"left_children":[-1],"loss_changes":[0E0],"parents":[2147483647],"right_children":[-1],"split_conditions":[-1.3317844E-5],"split_indices":[0],"split_type":[0],"sum_hessian":[1.7306697E0],"tree_param":{"num_deleted":"0","num_feature":"104","num_nodes":"1","size_leaf_vector":"0"}},{"base_weights":[-3.6059537E-5],"categories":[],"categories_nodes":[],"categories_segments":[],"categories_sizes":[],"default_left":[0],"id":61,"left_children":[-1],"loss_changes":[0E0],"parents":[2147483647],"right_children":[-1],"split_conditions":[-1.0817861E-5],"split_indices":[0],"split_type":[0],"sum_hessian":[1.7306687E0],"tree_param":{"num_deleted":"0","num_feature":"104","num_nodes":"1","size_leaf_vector":"0"}},{"base_weights":[-2.915205E-5],"categories":[],"categories_nodes":[],"categories_segments":[],"categories_sizes":[],"default_left":[0],"id":62,"left_children":[-1],"loss_changes":[0E0],"parents":[2147483647],"right_children":[-1],"split_conditions":[-8.745616E-6],"split_indices":[0],"split_type":[0],"sum_hessian":[1.7306678E0],"tree_param":{"num_deleted":"0","num_feature":"104","num_nodes":"1","size_leaf_vector":"0"}},{"base_weights":[-2.369594E-5],"categories":[],"categories_nodes":[],"categories_segments":[],"categories_sizes":[],"default_left":[0],"id":63,"left_children":[-1],"loss_changes":[0E0],"parents":[2147483647],"right_children":[-1],"split_conditions":[-7.1087825E-6],"split_indices":[0],"split_type":[0],"sum_hessian":[1.7306674E0],"tree_param":{"num_deleted":"0","num_feature":"104","num_nodes":"1","size_leaf_vector":"0"}},{"base_weights":[-1.8692921E-5],"categories":[],"categories_nodes":[],"categories_segments":[],"categories_sizes":[],"default_left":[0],"id":64,"left_children":[-1],"loss_changes":[0E0],"parents":[2147483647],"right_children":[-1],"split_conditions":[-5.6078766E-6],"split_indices":[0],"split_type":[0],"sum_hessian":[1.7306681E0],"tree_param":{"num_deleted":"0","num_feature":"104","num_nodes":"1","size_leaf_vector":"0"}},{"base_weights":[-1.550572E-5],"categories":[],"categories_nodes":[],"categories_segments":[],"categories_sizes":[],"default_left":[0],"id":65,"left_children":[-1],"loss_changes":[0E0],"parents":[2147483647],"right_children":[-1],"split_conditions":[-4.651716E-6],"split_indices":[0],"split_type":[0],"sum_hessian":[1.7306665E0],"tree_param":{"num_deleted":"0","num_feature":"104","num_nodes":"1","size_leaf_vector":"0"}},{"base_weights":[-1.1942741E-5],"categories":[],"categories_nodes":[],"categories_segments":[],"categories_sizes":[],"default_left":[0],"id":66,"left_children":[-1],"loss_changes":[0E0],"parents":[2147483647],"right_children":[-1],"split_conditions":[-3.5828225E-6],"split_indices":[0],"split_type":[0],"sum_hessian":[1.7306677E0],"tree_param":{"num_deleted":"0","num_feature":"104","num_nodes":"1","size_leaf_vector":"0"}},{"base_weights":[-1.0713316E-5],"categories":[],"categories_nodes":[],"categories_segments":[],"categories_sizes":[],"default_left":[0],"id":67,"left_children":[-1],"loss_changes":[0E0],"parents":[2147483647],"right_children":[-1],"split_conditions":[-3.2139951E-6],"split_indices":[0],"split_type":[0],"sum_hessian":[1.7306644E0],"tree_param":{"num_deleted":"0","num_feature":"104","num_nodes":"1","size_leaf_vector":"0"}},{"base_weights":[-8.287179E-6],"categories":[],"categories_nodes":[],"categories_segments":[],"categories_sizes":[],"default_left":[0],"id":68,"left_children":[-1],"loss_changes":[0E0],"parents":[2147483647],"right_children":[-1],"split_conditions":[-2.4861538E-6],"split_indices":[0],"split_type":[0],"sum_hessian":[1.7306648E0],"tree_param":{"num_deleted":"0","num_feature":"104","num_nodes":"1","size_leaf_vector":"0"}},{"base_weights":[-6.1675687E-6],"categories":[],"categories_nodes":[],"categories_segments":[],"categories_sizes":[],"default_left":[0],"id":69,"left_children":[-1],"loss_changes":[0E0],"parents":[2147483647],"right_children":[-1],"split_conditions":[-1.8502707E-6],"split_indices":[0],"split_type":[0],"sum_hessian":[1.7306664E0],"tree_param":{"num_deleted":"0","num_feature":"104","num_nodes":"1","size_leaf_vector":"0"}},{"base_weights":[-5.5657706E-6],"categories":[],"categories_nodes":[],"categories_segments":[],"categories_sizes":[],"default_left":[0],"id":70,"left_children":[-1],"loss_changes":[0E0],"parents":[2147483647],"right_children":[-1],"split_conditions":[-1.6697312E-6],"split_indices":[0],"split_type":[0],"sum_hessian":[1.7306647E0],"tree_param":{"num_deleted":"0","num_feature":"104","num_nodes":"1","size_leaf_vector":"0"}},{"base_weights":[-3.6014287E-6],"categories":[],"categories_nodes":[],"categories_segments":[],"categories_sizes":[],"default_left":[0],"id":71,"left_children":[-1],"loss_changes":[0E0],"parents":[2147483647],"right_children":[-1],"split_conditions":[-1.0804287E-6],"split_indices":[0],"split_type":[0],"sum_hessian":[1.7306665E0],"tree_param":{"num_deleted":"0","num_feature":"104","num_nodes":"1","size_leaf_vector":"0"}},{"base_weights":[-3.2935372E-6],"categories":[],"categories_nodes":[],"categories_segments":[],"categories_sizes":[],"default_left":[0],"id":72,"left_children":[-1],"loss_changes":[0E0],"parents":[2147483647],"right_children":[-1],"split_conditions":[-9.880612E-7],"split_indices":[0],"split_type":[0],"sum_hessian":[1.7306657E0],"tree_param":{"num_deleted":"0","num_feature":"104","num_nodes":"1","size_leaf_vector":"0"}},{"base_weights":[-2.9833436E-6],"categories":[],"categories_nodes":[],"categories_segments":[],"categories_sizes":[],"default_left":[0],"id":73,"left_children":[-1],"loss_changes":[0E0],"parents":[2147483647],"right_children":[-1],"split_conditions":[-8.950031E-7],"split_indices":[0],"split_type":[0],"sum_hessian":[1.7306648E0],"tree_param":{"num_deleted":"0","num_feature":"104","num_nodes":"1","size_leaf_vector":"0"}},{"base_weights":[-2.676731E-6],"categories":[],"categories_nodes":[],"categories_segments":[],"categories_sizes":[],"default_left":[0],"id":74,"left_children":[-1],"loss_changes":[0E0],"parents":[2147483647],"right_children":[-1],"split_conditions":[-8.030193E-7],"split_indices":[0],"split_type":[0],"sum_hessian":[1.730664E0],"tree_param":{"num_deleted":"0","num_feature":"104","num_nodes":"1","size_leaf_vector":"0"}},{"base_weights":[-1.0269332E-6],"categories":[],"categories_nodes":[],"categories_segments":[],"categories_sizes":[],"default_left":[0],"id":75,"left_children":[-1],"loss_changes":[0E0],"parents":[2147483647],"right_children":[-1],"split_conditions":[-3.0807996E-7],"split_indices":[0],"split_type":[0],"sum_hessian":[1.7306666E0],"tree_param":{"num_deleted":"0","num_feature":"104","num_nodes":"1","size_leaf_vector":"0"}},{"base_weights":[-8.68596E-7],"categories":[],"categories_nodes":[],"categories_segments":[],"categories_sizes":[],"default_left":[0],"id":76,"left_children":[-1],"loss_changes":[0E0],"parents":[2147483647],"right_children":[-1],"split_conditions":[-2.6057882E-7],"split_indices":[0],"split_type":[0],"sum_hessian":[1.7306663E0],"tree_param":{"num_deleted":"0","num_feature":"104","num_nodes":"1","size_leaf_vector":"0"}},{"base_weights":[-7.2049056E-7],"categories":[],"categories_nodes":[],"categories_segments":[],"categories_sizes":[],"default_left":[0],"id":77,"left_children":[-1],"loss_changes":[0E0],"parents":[2147483647],"right_children":[-1],"split_conditions":[-2.1614717E-7],"split_indices":[0],"split_type":[0],"sum_hessian":[1.7306658E0],"tree_param":{"num_deleted":"0","num_feature":"104","num_nodes":"1","size_leaf_vector":"0"}},{"base_weights":[-7.2049056E-7],"categories":[],"categories_nodes":[],"categories_segments":[],"categories_sizes":[],"default_left":[0],"id":78,"left_children":[-1],"loss_changes":[0E0],"parents":[2147483647],"right_children":[-1],"split_conditions":[-2.1614717E-7],"split_indices":[0],"split_type":[0],"sum_hessian":[1.7306658E0],"tree_param":{"num_deleted":"0","num_feature":"104","num_nodes":"1","size_leaf_vector":"0"}},{"base_weights":[-7.2049056E-7],"categories":[],"categories_nodes":[],"categories_segments":[],"categories_sizes":[],"default_left":[0],"id":79,"left_children":[-1],"loss_changes":[0E0],"parents":[2147483647],"right_children":[-1],"split_conditions":[-2.1614717E-7],"split_indices":[0],"split_type":[0],"sum_hessian":[1.7306658E0],"tree_param":{"num_deleted":"0","num_feature":"104","num_nodes":"1","size_leaf_vector":"0"}},{"base_weights":[-7.2049056E-7],"categories":[],"categories_nodes":[],"categories_segments":[],"categories_sizes":[],"default_left":[0],"id":80,"left_children":[-1],"loss_changes":[0E0],"parents":[2147483647],"right_children":[-1],"split_conditions":[-2.1614717E-7],"split_indices":[0],"split_type":[0],"sum_hessian":[1.7306658E0],"tree_param":{"num_deleted":"0","num_feature":"104","num_nodes":"1","size_leaf_vector":"0"}},{"base_weights":[-7.2049056E-7],"categories":[],"categories_nodes":[],"categories_segments":[],"categories_sizes":[],"default_left":[0],"id":81,"left_children":[-1],"loss_changes":[0E0],"parents":[2147483647],"right_children":[-1],"split_conditions":[-2.1614717E-7],"split_indices":[0],"split_type":[0],"sum_hessian":[1.7306658E0],"tree_param":{"num_deleted":"0","num_feature":"104","num_nodes":"1","size_leaf_vector":"0"}},{"base_weights":[-7.2049056E-7],"categories":[],"categories_nodes":[],"categories_segments":[],"categories_sizes":[],"default_left":[0],"id":82,"left_children":[-1],"loss_changes":[0E0],"parents":[2147483647],"right_children":[-1],"split_conditions":[-2.1614717E-7],"split_indices":[0],"split_type":[0],"sum_hessian":[1.7306658E0],"tree_param":{"num_deleted":"0","num_feature":"104","num_nodes":"1","size_leaf_vector":"0"}},{"base_weights":[-7.2049056E-7],"categories":[],"categories_nodes":[],"categories_segments":[],"categories_sizes":[],"default_left":[0],"id":83,"left_children":[-1],"loss_changes":[0E0],"parents":[2147483647],"right_children":[-1],"split_conditions":[-2.1614717E-7],"split_indices":[0],"split_type":[0],"sum_hessian":[1.7306658E0],"tree_param":{"num_deleted":"0","num_feature":"104","num_nodes":"1","size_leaf_vector":"0"}},{"base_weights":[-7.2049056E-7],"categories":[],"categories_nodes":[],"categories_segments":[],"categories_sizes":[],"default_left":[0],"id":84,"left_children":[-1],"loss_changes":[0E0],"parents":[2147483647],"right_children":[-1],"split_conditions":[-2.1614717E-7],"split_indices":[0],"split_type":[0],"sum_hessian":[1.7306658E0],"tree_param":{"num_deleted":"0","num_feature":"104","num_nodes":"1","size_leaf_vector":"0"}},{"base_weights":[-7.2049056E-7],"categories":[],"categories_nodes":[],"categories_segments":[],"categories_sizes":[],"default_left":[0],"id":85,"left_children":[-1],"loss_changes":[0E0],"parents":[2147483647],"right_children":[-1],"split_conditions":[-2.1614717E-7],"split_indices":[0],"split_type":[0],"sum_hessian":[1.7306658E0],"tree_param":{"num_deleted":"0","num_feature":"104","num_nodes":"1","size_leaf_vector":"0"}},{"base_weights":[-7.2049056E-7],"categories":[],"categories_nodes":[],"categories_segments":[],"categories_sizes":[],"default_left":[0],"id":86,"left_children":[-1],"loss_changes":[0E0],"parents":[2147483647],"right_children":[-1],"split_conditions":[-2.1614717E-7],"split_indices":[0],"split_type":[0],"sum_hessian":[1.7306658E0],"tree_param":{"num_deleted":"0","num_feature":"104","num_nodes":"1","size_leaf_vector":"0"}},{"base_weights":[-7.2049056E-7],"categories":[],"categories_nodes":[],"categories_segments":[],"categories_sizes":[],"default_left":[0],"id":87,"left_children":[-1],"loss_changes":[0E0],"parents":[2147483647],"right_children":[-1],"split_conditions":[-2.1614717E-7],"split_indices":[0],"split_type":[0],"sum_hessian":[1.7306658E0],"tree_param":{"num_deleted":"0","num_feature":"104","num_nodes":"1","size_leaf_vector":"0"}},{"base_weights":[-7.2049056E-7],"categories":[],"categories_nodes":[],"categories_segments":[],"categories_sizes":[],"default_left":[0],"id":88,"left_children":[-1],"loss_changes":[0E0],"parents":[2147483647],"right_children":[-1],"split_conditions":[-2.1614717E-7],"split_indices":[0],"split_type":[0],"sum_hessian":[1.7306658E0],"tree_param":{"num_deleted":"0","num_feature":"104","num_nodes":"1","size_leaf_vector":"0"}},{"base_weights":[-7.2049056E-7],"categories":[],"categories_nodes":[],"categories_segments":[],"categories_sizes":[],"default_left":[0],"id":89,"left_children":[-1],"loss_changes":[0E0],"parents":[2147483647],"right_children":[-1],"split_conditions":[-2.1614717E-7],"split_indices":[0],"split_type":[0],"sum_hessian":[1.7306658E0],"tree_param":{"num_deleted":"0","num_feature":"104","num_nodes":"1","size_leaf_vector":"0"}},{"base_weights":[-7.2049056E-7],"categories":[],"categories_nodes":[],"categories_segments":[],"categories_sizes":[],"default_left":[0],"id":90,"left_children":[-1],"loss_changes":[0E0],"parents":[2147483647],"right_children":[-1],"split_conditions":[-2.1614717E-7],"split_indices":[0],"split_type":[0],"sum_hessian":[1.7306658E0],"tree_param":{"num_deleted":"0","num_feature":"104","num_nodes":"1","size_leaf_vector":"0"}},{"base_weights":[-7.2049056E-7],"categories":[],"categories_nodes":[],"categories_segments":[],"categories_sizes":[],"default_left":[0],"id":91,"left_children":[-1],"loss_changes":[0E0],"parents":[2147483647],"right_children":[-1],"split_conditions":[-2.1614717E-7],"split_indices":[0],"split_type":[0],"sum_hessian":[1.7306658E0],"tree_param":{"num_deleted":"0","num_feature":"104","num_nodes":"1","size_leaf_vector":"0"}},{"base_weights":[6.3283716E-7],"categories":[],"categories_nodes":[],"categories_segments":[],"categories_sizes":[],"default_left":[0],"id":92,"left_children":[-1],"loss_changes":[0E0],"parents":[2147483647],"right_children":[-1],"split_conditions":[1.8985115E-7],"split_indices":[0],"split_type":[0],"sum_hessian":[1.7306694E0],"tree_param":{"num_deleted":"0","num_feature":"104","num_nodes":"1","size_leaf_vector":"0"}},{"base_weights":[-7.2049056E-7],"categories":[],"categories_nodes":[],"categories_segments":[],"categories_sizes":[],"default_left":[0],"id":93,"left_children":[-1],"loss_changes":[0E0],"parents":[2147483647],"right_children":[-1],"split_conditions":[-2.1614717E-7],"split_indices":[0],"split_type":[0],"sum_hessian":[1.7306658E0],"tree_param":{"num_deleted":"0","num_feature":"104","num_nodes":"1","size_leaf_vector":"0"}},{"base_weights":[6.3283716E-7],"categories":[],"categories_nodes":[],"categories_segments":[],"categories_sizes":[],"default_left":[0],"id":94,"left_children":[-1],"loss_changes":[0E0],"parents":[2147483647],"right_children":[-1],"split_conditions":[1.8985115E-7],"split_indices":[0],"split_type":[0],"sum_hessian":[1.7306694E0],"tree_param":{"num_deleted":"0","num_feature":"104","num_nodes":"1","size_leaf_vector":"0"}},{"base_weights":[-7.2049056E-7],"categories":[],"categories_nodes":[],"categories_segments":[],"categories_sizes":[],"default_left":[0],"id":95,"left_children":[-1],"loss_changes":[0E0],"parents":[2147483647],"right_children":[-1],"split_conditions":[-2.1614717E-7],"split_indices":[0],"split_type":[0],"sum_hessian":[1.7306658E0],"tree_param":{"num_deleted":"0","num_feature":"104","num_nodes":"1","size_leaf_vector":"0"}},{"base_weights":[6.3283716E-7],"categories":[],"categories_nodes":[],"categories_segments":[],"categories_sizes":[],"default_left":[0],"id":96,"left_children":[-1],"loss_changes":[0E0],"parents":[2147483647],"right_children":[-1],"split_conditions":[1.8985115E-7],"split_indices":[0],"split_type":[0],"sum_hessian":[1.7306694E0],"tree_param":{"num_deleted":"0","num_feature":"104","num_nodes":"1","size_leaf_vector":"0"}},{"base_weights":[-7.2049056E-7],"categories":[],"categories_nodes":[],"categories_segments":[],"categories_sizes":[],"default_left":[0],"id":97,"left_children":[-1],"loss_changes":[0E0],"parents":[2147483647],"right_children":[-1],"split_conditions":[-2.1614717E-7],"split_indices":[0],"split_type":[0],"sum_hessian":[1.7306658E0],"tree_param":{"num_deleted":"0","num_feature":"104","num_nodes":"1","size_leaf_vector":"0"}},{"base_weights":[6.3283716E-7],"categories":[],"categories_nodes":[],"categories_segments":[],"categories_sizes":[],"default_left":[0],"id":98,"left_children":[-1],"loss_changes":[0E0],"parents":[2147483647],"right_children":[-1],"split_conditions":[1.8985115E-7],"split_indices":[0],"split_type":[0],"sum_hessian":[1.7306694E0],"tree_param":{"num_deleted":"0","num_feature":"104","num_nodes":"1","size_leaf_vector":"0"}},{"base_weights":[-7.2049056E-7],"categories":[],"categories_nodes":[],"categories_segments":[],"categories_sizes":[],"default_left":[0],"id":99,"left_children":[-1],"loss_changes":[0E0],"parents":[2147483647],"right_children":[-1],"split_conditions":[-2.1614717E-7],"split_indices":[0],"split_type":[0],"sum_hessian":[1.7306658E0],"tree_param":{"num_deleted":"0","num_feature":"104","num_nodes":"1","size_leaf_vector":"0"}}]},"name":"gbtree"},"learner_model_param":{"base_score":"5E-1","num_class":"0","num_feature":"104","num_target":"1"},"objective":{"name":"binary:logistic","reg_loss_param":{"scale_pos_weight":"1"}}},"version":[1,6,2]}