anomaly_failure,anomaly_slowness,job_name,metric_timestamp,ConcurrentExecutions,Throttles,Invocations,ProvisionedConcurrencyUtilization,PostRuntimeExtensionsDuration,ProvisionedConcurrencyInvocations,ProvisionedConcurrencySpilloverInvocations,ProvisionedConcurrentExecutions,Interval,Billed Duration (ms),Memory Size (MB),Max Memory Used (MB),Duration,Errors
0,0,AIP-NPROD-011004da1efea7656-ebsSnapShotLambda-tdyWZRDvpVhp,2023-03-06 05:40:00,1.0,0.0,1.0,-1.0,0.03,-1.0,-1.0,-1.0,-1.0,-1.0,-1.0,-1.0,1837.06,0.0
0,0,AIP-NPROD-011004da1efea7656-ebsSnapShotLambda-tdyWZRDvpVhp,2023-03-06 05:10:00,1.0,0.0,1.0,-1.0,0.12,-1.0,-1.0,-1.0,2050.0,128.0,106.0,2049.27,0.0
0,0,Other,2023-03-06 05:10:00,1.0,0.0,1.0,-1.0,0.12,-1.0,-1.0,-1.0,-1.0,-1.0,-1.0,-1.0,2049.27,0.0
0,0,Other,2023-03-06 05:40:00,1.0,0.0,1.0,-1.0,0.03,-1.0,-1.0,-1.0,-1.0,-1.0,-1.0,-1.0,1837.06,0.0
