cluster_id,creator_user_name,start_timestamp,cluster_name,disk_count,disk_size,availability,cluster_memory_mb,cluster_cores,start_time,last_activity_time,last_restarted_time,state,JobId,job_name,terminated_time,termination_reason,termination_status,cluster_run_time
0929-160441-oxs1wrrj,teresa.n.de.santis@accenture.com,,orchestrAI-cluster,0,,SPOT_WITH_FALLBACK,,,2023-09-29 16:04:41,2023-10-10 18:10:20,2023-10-10 18:08:58,TERMINATED,,,2023-10-10 18:19:48,CLOUD_PROVIDER_SHUTDOWN,CLOUD_FAILURE,266.252
0929-160441-oxs1wrrj,teresa.n.de.santis@accenture.com,,orchestrAI-cluster,0,,SPOT_WITH_FALLBACK,,,2023-09-29 16:04:41,2023-10-10 18:10:20,2023-10-10 18:08:58,TERMINATED,,,2023-10-10 18:19:48,CLOUD_PROVIDER_SHUTDOWN,CLOUD_FAILURE,266.252
0929-160441-oxs1wrrj,teresa.n.de.santis@accenture.com,,orchestrAI-cluster,0,,SPOT_WITH_FALLBACK,,,2023-09-29 16:04:41,2023-10-10 18:10:20,2023-10-10 18:08:58,TERMINATED,,,2023-10-10 18:19:48,CLOUD_PROVIDER_SHUTDOWN,CLOUD_FAILURE,266.252
0929-160441-oxs1wrrj,teresa.n.de.santis@accenture.com,,orchestrAI-cluster,0,,SPOT_WITH_FALLBACK,,,2023-09-29 16:04:41,2023-10-10 18:10:20,2023-10-10 18:08:58,TERMINATED,,,2023-10-10 18:19:48,CLOUD_PROVIDER_SHUTDOWN,CLOUD_FAILURE,266.252
0929-160441-oxs1wrrj,teresa.n.de.santis@accenture.com,,orchestrAI-cluster,0,,SPOT_WITH_FALLBACK,,,2023-09-29 16:04:41,2023-10-10 18:10:20,2023-10-10 18:08:58,TERMINATED,,,2023-10-10 18:19:48,CLOUD_PROVIDER_SHUTDOWN,CLOUD_FAILURE,266.252
0929-160441-oxs1wrrj,teresa.n.de.santis@accenture.com,,orchestrAI-cluster,0,,SPOT_WITH_FALLBACK,,,2023-09-29 16:04:41,2023-10-10 18:10:20,2023-10-10 18:08:58,TERMINATED,,,2023-10-10 18:19:48,CLOUD_PROVIDER_SHUTDOWN,CLOUD_FAILURE,266.252
0929-160441-oxs1wrrj,teresa.n.de.santis@accenture.com,,orchestrAI-cluster,0,,SPOT_WITH_FALLBACK,,,2023-09-29 16:04:41,2023-10-10 18:10:20,2023-10-10 18:08:58,TERMINATED,,,2023-10-10 18:19:48,CLOUD_PROVIDER_SHUTDOWN,CLOUD_FAILURE,266.252
0929-160441-oxs1wrrj,teresa.n.de.santis@accenture.com,,orchestrAI-cluster,0,,SPOT_WITH_FALLBACK,,,2023-09-29 16:04:41,2023-10-10 18:10:20,2023-10-10 18:08:58,TERMINATED,,,2023-10-10 18:19:48,CLOUD_PROVIDER_SHUTDOWN,CLOUD_FAILURE,266.252
0929-160441-oxs1wrrj,teresa.n.de.santis@accenture.com,,orchestrAI-cluster,0,,SPOT_WITH_FALLBACK,,,2023-09-29 16:04:41,2023-10-10 18:10:20,2023-10-10 18:08:58,TERMINATED,,,2023-10-10 18:19:48,CLOUD_PROVIDER_SHUTDOWN,CLOUD_FAILURE,266.252
0929-160441-oxs1wrrj,teresa.n.de.santis@accenture.com,,orchestrAI-cluster,0,,SPOT_WITH_FALLBACK,,,2023-09-29 16:04:41,2023-10-10 18:10:20,2023-10-10 18:08:58,TERMINATED,,,2023-10-10 18:19:48,CLOUD_PROVIDER_SHUTDOWN,CLOUD_FAILURE,266.252
0929-160441-oxs1wrrj,teresa.n.de.santis@accenture.com,,orchestrAI-cluster,0,,SPOT_WITH_FALLBACK,,,2023-09-29 16:04:41,2023-10-10 18:10:20,2023-10-10 18:08:58,TERMINATED,,,2023-10-10 18:19:48,CLOUD_PROVIDER_SHUTDOWN,CLOUD_FAILURE,266.252
