{
    "source": {
        "region": "us-east",
        "env": "prod",
        "service_provider": "AWS"
    },
    "ts": "2022-10-03 11:50",
    "functions": [
        {
            "functionName": "AIP-PROD-0ec93e6da619fd16f-ebsSnapShotLambda-1NTH9S502CB3H",
            "start_time": "2022-10-03 11:50",
            "end_time": "2022-10-03 11:55",
            "runs": [
                {
                    "Interval": "2022-10-03T11:50:00.922005+00:00",
                    "Billed Duration (ms)": 199866.0,
                    "Memory Size (MB)": 128.0,
                    "Max Memory Used (MB)": 128.0,
                    "Unique ID": "64e6d9875064ae13ec4d62c1e1ff772760d7794ebb2bb3bc2b499e25"
                }
            ],
            "Duration": 199865.29,
            "ConcurrentExecutions": 1.0,
            "Throttles": 0.0,
            "Invocations": 1.0,
            "Errors": 1.0
        },
        {
            "functionName": "AIP-PROD-8b46a1f0-ebsSnapShotLambda-2JB676Q2FE1X",
            "start_time": "2022-10-03 11:50",
            "end_time": "2022-10-03 11:55",
            "runs": [],
            "Duration": 4178.85,
            "ConcurrentExecutions": 1.0,
            "Throttles": 0.0,
            "Invocations": 1.0,
            "Errors": 0.0
        },
        {
            "functionName": "CDI_IWL_Chatbot_Router_V2",
            "start_time": "2022-10-03 11:50",
            "end_time": "2022-10-03 11:55",
            "runs": [],
            "Duration": 4108.11,
            "PostRuntimeExtensionsDuration": 0.18,
            "ConcurrentExecutions": 1.0,
            "Throttles": 0.0,
            "Invocations": 1.0,
            "Errors": 0.0
        },
        {
            "functionName": "DomainSelectionIntent",
            "start_time": "2022-10-03 11:50",
            "end_time": "2022-10-03 11:55",
            "runs": [],
            "Duration": 1425.57,
            "PostRuntimeExtensionsDuration": 0.13,
            "ConcurrentExecutions": 1.0,
            "Throttles": 0.0,
            "Invocations": 1.0,
            "Errors": 0.0
        },
        {
            "functionName": "IndustrySelectionIntent",
            "start_time": "2022-10-03 11:50",
            "end_time": "2022-10-03 11:55",
            "runs": [],
            "Duration": 1343.72,
            "PostRuntimeExtensionsDuration": 0.17,
            "ConcurrentExecutions": 1.0,
            "Throttles": 0.0,
            "Invocations": 1.0,
            "Errors": 0.0
        },
        {
            "functionName": "KeyFocusAreaSelectionIntent",
            "start_time": "2022-10-03 11:50",
            "end_time": "2022-10-03 11:55",
            "runs": [],
            "Duration": 1347.12,
            "PostRuntimeExtensionsDuration": 0.2,
            "ConcurrentExecutions": 1.0,
            "Throttles": 0.0,
            "Invocations": 1.0,
            "Errors": 0.0
        },
        {
            "functionName": "ProvisionedConcurrencyInvocations",
            "start_time": "2022-10-03 11:50",
            "end_time": "2022-10-03 11:55",
            "runs": [],
            "ProvisionedConcurrencyInvocations": 1.0
        },
        {
            "functionName": "ProvisionedConcurrencySpilloverInvocations",
            "start_time": "2022-10-03 11:50",
            "end_time": "2022-10-03 11:55",
            "runs": [],
            "ProvisionedConcurrencySpilloverInvocations": 0.0
        },
        {
            "functionName": "ProvisionedConcurrentExecutions",
            "start_time": "2022-10-03 11:50",
            "end_time": "2022-10-03 11:55",
            "runs": [],
            "ProvisionedConcurrentExecutions": 1.0
        }
    ]
}