{
    "source": {
        "region": "us-east",
        "env": "prod",
        "service_provider": "AWS"
    },
    "ts": "2022-10-03 11:51",
    "functions": [
        {
            "functionName": "AIP-PROD-8b46a1f0-ebsSnapShotLambda-2JB676Q2FE1X",
            "start_time": "2022-10-03 11:51",
            "end_time": "2022-10-03 11:51",
            "runs": [
                {
                    "Interval": "2022-10-03T11:50:00.922005+00:00",
                    "Billed Duration (ms)": 4179.0,
                    "Memory Size (MB)": 128.0,
                    "Max Memory Used (MB)": 122.0,
                    "Unique ID": "80da3d8523b63b2f8d293c3bb398b56777e69e1625497a207eba2206"
                }
            ]
        },
        {
            "functionName": "CDI_IWL_Chatbot_Router_V2",
            "start_time": "2022-10-03 11:51",
            "end_time": "2022-10-03 11:51",
            "runs": [
                {
                    "Interval": "2022-10-03T11:50:00.922005+00:00",
                    "Billed Duration (ms)": 2825.0,
                    "Memory Size (MB)": 1024.0,
                    "Max Memory Used (MB)": 83.0,
                    "Unique ID": "88ca61b8ef14310afeed1493b0c56571833e36492890eb67022d0c34"
                },
                {
                    "Interval": "2022-10-03T11:50:00.922005+00:00",
                    "Billed Duration (ms)": 4109.0,
                    "Memory Size (MB)": 1024.0,
                    "Max Memory Used (MB)": 84.0,
                    "Unique ID": "f078a92a4161a6ca9be11f25386026df910535838d3eafcafb0d82a7"
                },
                {
                    "Interval": "2022-10-03T11:50:00.922005+00:00",
                    "Billed Duration (ms)": 2793.0,
                    "Memory Size (MB)": 1024.0,
                    "Max Memory Used (MB)": 84.0,
                    "Unique ID": "1584d0693c06a181cfdf7f12229901eef77fa8784fab37efa5ac56a5"
                },
                {
                    "Interval": "2022-10-03T11:50:00.922005+00:00",
                    "Billed Duration (ms)": 239.0,
                    "Memory Size (MB)": 1024.0,
                    "Max Memory Used (MB)": 84.0,
                    "Unique ID": "b7022bcd37ede4a7228017b6beaea694c73dcdf0ad084c49b09cb5f2"
                },
                {
                    "Interval": "2022-10-03T11:50:00.922005+00:00",
                    "Billed Duration (ms)": 325.0,
                    "Memory Size (MB)": 1024.0,
                    "Max Memory Used (MB)": 84.0,
                    "Unique ID": "4897be53ba47a6eb13fc8dded19db8efe78299bc169f445584203db0"
                }
            ]
        },
        {
            "functionName": "DomainSelectionIntent",
            "start_time": "2022-10-03 11:51",
            "end_time": "2022-10-03 11:51",
            "runs": [
                {
                    "Interval": "2022-10-03T11:50:00.922005+00:00",
                    "Billed Duration (ms)": 1426.0,
                    "Memory Size (MB)": 1024.0,
                    "Max Memory Used (MB)": 138.0,
                    "Unique ID": "d82d7cf2153d6c227de1d3b4a2d395411b8fed77c77c24b410cd6cbe"
                },
                {
                    "Interval": "2022-10-03T11:50:00.922005+00:00",
                    "Billed Duration (ms)": 218.0,
                    "Memory Size (MB)": 1024.0,
                    "Max Memory Used (MB)": 140.0,
                    "Unique ID": "b88e5b75c39a0839409d823c833b038021bc113db2d07389e1c3879c"
                }
            ]
        },
        {
            "functionName": "IndustrySelectionIntent",
            "start_time": "2022-10-03 11:51",
            "end_time": "2022-10-03 11:51",
            "runs": [
                {
                    "Interval": "2022-10-03T11:50:00.922005+00:00",
                    "Billed Duration (ms)": 1344.0,
                    "Memory Size (MB)": 1024.0,
                    "Max Memory Used (MB)": 140.0,
                    "Unique ID": "ade5d0f60e1777c08cbfcb158025f749575d9867d4f09fb741817a43"
                },
                {
                    "Interval": "2022-10-03T11:50:00.922005+00:00",
                    "Billed Duration (ms)": 300.0,
                    "Memory Size (MB)": 1024.0,
                    "Max Memory Used (MB)": 141.0,
                    "Unique ID": "527d5ad626e3362877da2a3c4343eb4fc1408345b979d553ba6c162f"
                }
            ]
        },
        {
            "functionName": "KeyFocusAreaSelectionIntent",
            "start_time": "2022-10-03 11:51",
            "end_time": "2022-10-03 11:51",
            "runs": [
                {
                    "Interval": "2022-10-03T11:50:00.922005+00:00",
                    "Billed Duration (ms)": 1348.0,
                    "Memory Size (MB)": 1024.0,
                    "Max Memory Used (MB)": 139.0,
                    "Unique ID": "c66f64d918aafb2b050e8242f032215629e95f2546f962d4a2b7a668"
                }
            ]
        }
    ]
}