{
    "service_provider":"AWS", /* service provider name */
    "env":"DEV", /*env name */
    "account_id":"",/* client cloud provider service account id */
    "service_name":"glue", /* service name */
    "start_time":"01-08-2022 10:00:00", /* refresh start time */
    "end_time":"01-08-2022 10:30:00", /* refresh end time */
    "dimension": {
        "job_name": ["query-6", "query-2"]
    },/* if empty then ALL. Example for glue it should be jobname,s3=bucketname,ec2=instanceId,ebs=volumnId,lambda=function name,redshift=ClusterIdentifier,rds=DBInstanceIdentifier */
    "metric_name":[] /*if empty then ALL. List of the metrics should select based on service name */
}