{
    "service_provider":"AWS/AZURE/GCP", /* service provider name */
    "env_name":"DEV/QA/STAGE/PROD", /* environment details */
    "account_id":"", /* aws account id  */
    "start_time": "01-08-2022 10:00:00",/* refresh start time */
    "end_time": "01-08-2022 10:30:00", /* refresh end time */
    "service_name":"glue", /* service name for which we are collecting metrics */
    "metrics":
    {
            "dimension":["jobname"], /* filter name if not specific job name then ALL jobs.Note this list of dimension should changed/updated based on services*/
            /*list of all metric for particular services that we want to monitor. Note this list of metrics should changed/updated based on services*/
            "metric_name": ["jobname","run_id","start_time","end_time","execution_time","job_run_status","allocated_capacity","glue.driver.jvm.heap.usage"]
    },
    /* metrics value of different datapoint */
    "metric_records":[
        {
            "timestamp": "01-08-2022 10:00:00", /* data point of above list of the metrics on this timestamp */
            /* metric value on above timestamp  and all the metric_mame*/
            "metric_value":["jobname_value","run_id_value","start_time_value","end_time_value","execution_time_value","job_run_status_value","allocated_capacity_value","glue.driver.jvm.heap.usage.value"]
        },
        {
            "timestamp": "01-08-2022 10:05:00", /* data point of above list of the metrics on this timestamp */
            /* metric value on above timestamp  and all the metric_mame*/
            "metric_value":["jobname_value","run_id_value","start_time_value","end_time_value","execution_time_value","job_run_status_value","allocated_capacity_value","glue.driver.jvm.heap.usage.value"]
        },
        {
            "timestamp": "01-08-2022 10:10:00", /* data point of above list of the metrics on this timestamp */
            /* metric value on above timestamp  and all the metric_mame*/
            "metric_value":["jobname_value","run_id_value","start_time_value","end_time_value","execution_time_value","job_run_status_value","allocated_capacity_value","glue.driver.jvm.heap.usage.value"]
        },
        {
            "timestamp": "01-08-2022 10:15:00", /* data point of above list of the metrics on this timestamp */
            /* metric value on above timestamp  and all the metric_mame*/
            "metric_value":["jobname_value","run_id_value","start_time_value","end_time_value","execution_time_value","job_run_status_value","allocated_capacity_value","glue.driver.jvm.heap.usage.value"]
        },
        {
            "timestamp": "01-08-2022 10:20:00", /* data point of above list of the metrics on this timestamp */
            /* metric value on above timestamp  and all the metric_mame*/
            "metric_value":["jobname_value","run_id_value","start_time_value","end_time_value","execution_time_value","job_run_status_value","allocated_capacity_value","glue.driver.jvm.heap.usage.value"]
        },
        {
            "timestamp": "01-08-2022 10:25:00", /* data point of above list of the metrics on this timestamp */
            /* metric value on above timestamp  and all the metric_mame*/
            "metric_value":["jobname_value","run_id_value","start_time_value","end_time_value","execution_time_value","job_run_status_value","allocated_capacity_value","glue.driver.jvm.heap.usage.value"]
        },
        {
            "timestamp": "01-08-2022 10:30:00", /* data point of above list of the metrics on this timestamp */
            /* metric value on above timestamp  and all the metric_mame*/
            "metric_value":["jobname_value","run_id_value","start_time_value","end_time_value","execution_time_value","job_run_status_value","allocated_capacity_value","glue.driver.jvm.heap.usage.value"]
        },
   ]
 }
