{
  "ts": {
    "$date": {
      "$numberLong": "1678000800000"
    }
  },
  "domains": [
    {
      "domain_name": "DOM_INFA102_PROD_SUPP",
      "services": [
        {
          "nodes": [
            {
              "node_name": "PROD_SUPP_NODE02"
            },
            {
              "node_name": "PROD_SUPP_NODE01"
            },
            {
              "node_name": "PROD_SUPP_NODE03"
            }
          ],
          "service_name": "PCIS_INFA102_PROD_SUPP",
          "service_status": 0,
          "message": "Enabled"
        },
        {
          "nodes": [
            {
              "node_name": "PROD_SUPP_NODE01"
            },
            {
              "node_name": "PROD_SUPP_NODE02"
            }
          ],
          "service_name": "PCRS_INFA102_PROD_SUPP",
          "service_status": 0,
          "message": "Enabled"
        }
      ]
    }
  ],
  "source": {
    "region": "N.A.",
    "env": "prod",
    "service_provider": "informatica"
  },
  "_id": {
    "$oid": "645b245d636048d7b6ecac21"
  }
}