{
    "service_provider":"AWS",
    "env_name":"DEV",
    "account_id":"",
    "start_time": "01-08-2022 10:00:00",
    "end_time": "01-08-2022 10:30:00",
    "service_name":"glue",
    "metrics":
    {
            "dimension":["jobname"],
            "metric_name": ["jobname","run_id","DriverBytesRead","DriverElapsedTime","DriverNumCompletedStages","DriverNumCompletedTasks","DriverNumFailedTasks","DriverNumKilledTasks","DriverRecordsRead","DriverShuffleBytesWritten","DriverShuffleLocalBytesRead","DriverBlockManagerDiskSpaceUsed_MB","DriverNumberAllExecutors","DriverMaxNeededExecutors","DriverJvmHeapUsage","ExecutorIdJvmHeapUsage","JvmHeapUsageAll","DriverJvmHeapUsed","ExecutorIdJvmHeapUsed","JvmHeapUsedAll","S3DriverReadBytes","S3ExecutorIdReadBytes","S3ReadBytesAll","S3DriverWriteBytes","S3ExecutorIdWriteBytes","S3WriteBytesAll","DriverSystemCpuSystemLoad","ExecutorIdSystemCpuSystemLoad","CpuSystemLoadAll","DriverNumRecords","DriverBatchProcessingTimeinMs","Job Status","Execution Time","Job Start Time","Last Modified Time","Job End Time","Allocated Capacity","Max Capacity","Worker Type","Number Of Workers"]
    },
    "metric_records":[
        {
            "timestamp": "01-08-2022 10:00:00",
            "metric_value":["AAA","111","168614713","16187","4","3","0","49","7760035","2714","413","900","121","796","1","46","34","28576","40767","40757","85252","40197","33909","9726","21697","50913","92","70","6","73","32","INPROGRESS","110","8/11/2022 12:43","","","9","20","9","2"]
        },
        {
          "timestamp": "01-08-2022 10:00:00",
          "metric_value":["BBB","222","168614713","16187","4","3","0","49","7760035","2714","414","900","885","368","51","91","38","61475","70145","9581","89978","84461","91281","17514","99458","44483","54","81","16","10","61","INPROGRESS","41","8/11/2022 12:43","","","9","20","9","2"]
        },
        {
            "timestamp": "01-08-2022 10:05:00",
            "metric_value":["AAA","111","168614713","16187","4","3","0","49","7760035","2714","413","900","121","796","1","46","34","28576","40767","40757","85252","40197","33909","9726","21697","50913","92","70","6","73","32","INPROGRESS","99","8/11/2022 12:43","","","9","20","9","2"]
        },
        {
          "timestamp": "01-08-2022 10:05:00",
          "metric_value":["BBB","222","168614713","16187","4","3","0","49","7760035","2714","414","900","885","368","51","91","38","61475","70145","9581","89978","84461","91281","17514","99458","44483","54","81","16","10","61","INPROGRESS","41","8/11/2022 12:43","","`","9","20","9","2"]
        },
        {
            "timestamp": "01-08-2022 10:10:00",
            "metric_value":["AAA","111","168614713","16187","4","3","0","49","7760035","2714","413","900","121","796","1","46","34","28576","40767","40757","85252","40197","33909","9726","21697","50913","92","70","6","73","32","Failed","41","8/11/2022 12:43","","","9","20","9","2"]      
        },
        {
            "timestamp": "01-08-2022 10:10:00",
            "metric_value":["BBB","222","168614713","16187","4","3","0","49","7760035","2714","414","900","885","368","51","91","38","61475","70145","9581","89978","84461","91281","17514","99458","44483","54","81","16","10","61","SUCCESS","41","8/11/2022 12:43","8/11/2022 12:46","8/11/2022 12:46","9","20","9","2"]      
        },
        {
            "timestamp": "01-08-2022 10:15:00",
            "metric_value":["AAA","111","168614713","16187","4","3","0","49","7760035","2714","413","900","121","796","1","46","34","28576","40767","40757","85252","40197","33909","9726","21697","50913","92","70","6","73","32","SUCCESS","41","8/11/2022 12:43","8/11/2022 12:46","8/11/2022 12:46","9","20","9","2"]      
        },
        {
          "timestamp": "01-08-2022 10:15:00",
          "metric_value":["BBB","222","168614713","16187","4","3","0","49","7760035","2714","414","900","885","368","51","91","38","61475","70145","9581","89978","84461","91281","17514","99458","44483","54","81","16","10","61","SUCCESS","41","8/11/2022 12:43","8/11/2022 12:46","8/11/2022 12:46","9","20","9","2"]      
        },
        {
            "timestamp": "01-08-2022 10:20:00",
            "metric_value":["AAA","111","168614713","16187","4","3","0","49","7760035","2714","413","900","121","796","1","46","34","28576","40767","40757","85252","40197","33909","9726","21697","50913","92","70","6","73","32","SUCCESS","41","8/11/2022 12:43","8/11/2022 12:46","8/11/2022 12:46","9","20","9","2"]      
        },
        {
          "timestamp": "01-08-2022 10:20:00",
          "metric_value":["BBB","222","168614713","16187","4","3","0","49","7760035","2714","414","900","885","368","51","91","38","61475","70145","9581","89978","84461","91281","17514","99458","44483","54","81","16","10","61","SUCCESS","41","8/11/2022 12:43","8/11/2022 12:46","8/11/2022 12:46","9","20","9","2"]      
        },
        {
            "timestamp": "01-08-2022 10:25:00",
            "metric_value":["AAA","111","168614713","16187","4","3","0","49","7760035","2714","413","900","121","796","1","46","34","28576","40767","40757","85252","40197","33909","9726","21697","50913","92","70","6","73","32","SUCCESS","41","8/11/2022 12:43","8/11/2022 12:46","8/11/2022 12:46","9","20","9","2"]      
        },
        {
          "timestamp": "01-08-2022 10:25:00",
          "metric_value":["BBB","222","168614713","16187","4","3","0","49","7760035","2714","414","900","885","368","51","91","38","61475","70145","9581","89978","84461","91281","17514","99458","44483","54","81","16","10","61","SUCCESS","41","8/11/2022 12:43","8/11/2022 12:46","8/11/2022 12:46","9","20","9","2"]      
        },
        {
            "timestamp": "01-08-2022 10:30:00",
            "metric_value":["AAA","111","168614713","16187","4","3","0","49","7760035","2714","413","900","121","796","1","46","34","28576","40767","40757","85252","40197","33909","9726","21697","50913","92","70","6","73","32","SUCCESS","41","8/11/2022 12:43","8/11/2022 12:46","8/11/2022 12:46","9","20","9","2"]      
        },
        {
          "timestamp": "01-08-2022 10:30:00",
          "metric_value":["BBB","222","168614713","16187","4","3","0","49","7760035","2714","414","900","885","368","51","91","38","61475","70145","9581","89978","84461","91281","17514","99458","44483","54","81","16","10","61","SUCCESS","41","8/11/2022 12:43","8/11/2022 12:46","8/11/2022 12:46","9","20","9","2"]      
        }
   ]
  }