{
    "service_provider":"AWS",
    "env_name":"DEV",
    "account_id":"",
    "start_time": "01-08-2022 10:00:00",
    "end_time": "01-08-2022 10:30:00",
    "service_name":"lambda",
    "metrics":
    {
            "dimension":["jobname"],
            "metric_name": ["jobname","Duration","ConcurrentExecutions","ProvisionedConcurrencyUtilization"]
    },
    "metric_records":[
        {
            "timestamp": "01-08-2022 10:00:00",
            "metric_value":["Lambda_111",100,16,2]
        },
        {
          "timestamp": "01-08-2022 10:00:00",
          "metric_value":["Lambda_222",110,17,15]
        },
        {
          "timestamp": "01-08-2022 10:00:00",
          "metric_value":["Lambda_333",150,50,15]
        },
        {
            "timestamp": "01-08-2022 10:05:00",
            "metric_value":["Lambda_111",150,18,4]
        },
        {
          "timestamp": "01-08-2022 10:05:00",
          "metric_value":["Lambda_222",110,17,15]
        },
        {
          "timestamp": "01-08-2022 10:05:00",
          "metric_value":["Lambda_333",280,18,4]
        },
        {
            "timestamp": "01-08-2022 10:10:00",
            "metric_value":["Lambda_111",150,18,4]
        },
        {
            "timestamp": "01-08-2022 10:10:00",
            "metric_value":["Lambda_222",110,17,15]
        },
        {
          "timestamp": "01-08-2022 10:10:00",
          "metric_value":["Lambda_333",178,34,56]
        },
        {
            "timestamp": "01-08-2022 10:15:00",
            "metric_value":["Lambda_111",200,26,19]
        },
        {
          "timestamp": "01-08-2022 10:15:00",
          "metric_value":["Lambda_222",110,17,15]
        },
        {
          "timestamp": "01-08-2022 10:15:00",
          "metric_value":["Lambda_333",56,60,90]
        },
        {
            "timestamp": "01-08-2022 10:20:00",
            "metric_value":["Lambda_111",100,27,21]
        },
        {
          "timestamp": "01-08-2022 10:20:00",
          "metric_value":["Lambda_222",110,17,15]
        },
        {
          "timestamp": "01-08-2022 10:20:00",
          "metric_value":["Lambda_333",201,65,104]
        },
        {
            "timestamp": "01-08-2022 10:25:00",
            "metric_value":["Lambda_111",100,11,27]
        },
        {
          "timestamp": "01-08-2022 10:25:00",
          "metric_value":["Lambda_222",110,17,15]
        },
        {
          "timestamp": "01-08-2022 10:25:00",
          "metric_value":["Lambda_333",110,17,15]
        },
        {
            "timestamp": "01-08-2022 10:30:00",
            "metric_value":["Lambda_111",100,28,28]
        },
        {
          "timestamp": "01-08-2022 10:30:00",
          "metric_value":["Lambda_222",110,17,15]
        },
        {
          "timestamp": "01-08-2022 10:30:00",
          "metric_value":["Lambda_333",145,54,108]
        }
   ]
  }