{
    "service_provider":"AWS",
    "env_name":"DEV",
    "account_id":"",
    "start_time": "01-08-2022 10:00:00",
    "end_time": "01-08-2022 10:30:00",
    "service_name":"sagemaker",
    "metrics":
    {
            "dimension":["jobname"],
            "metric_name": ["JobName","Invocations","ModelLatency","ModelLoadingWaitTime","ModelLoadingTime","LoadedModelCount","CPUUtilization","MemoryUtilization","GPUUtilization","GPUMemoryUtilization","DiskUtilization","ActiveWorkers","DatasetObjectsLabelingFailed","JobsFailed","JobsSucceeded","TasksAccepted","TasksDeclined","TasksReturned","TasksSubmitted","TimeSpent","Latency","ExecutionFailed","ExecutionSucceeded","ExecutionDuration","StepFailed","StepSucceeded","StepDuration"]
    },
    "metric_records":[
        {
            "timestamp": "01-08-2022 10:00:00",
            "metric_value":["sagemaker_AAA",20,300,400,400,40,40,40,40,40,40,5,5,2,2,40,10,20,10,1500,400,2,10,1500,5,10,150]
        },
        {
          "timestamp": "01-08-2022 10:00:00",
          "metric_value":["sagemaker_BBB",25,350,450,450,45,45,45,45,45,45,7,7,3,3,45,15,25,15,1800,450,3,15,1800,7,15,180]
        },
        {
            "timestamp": "01-08-2022 10:05:00",
            "metric_value":["sagemaker_AAA",60,500,600,600,60,60,60,60,60,60,15,15,7,7,60,30,40,30,2100,600,7,25,2100,15,20,210]
        },
        {
          "timestamp": "01-08-2022 10:05:00",
          "metric_value":["sagemaker_BBB",20,300,400,400,40,40,40,40,40,40,5,5,2,2,40,10,20,10,1500,400,2,10,1500,5,10,150]
        },
        {
            "timestamp": "01-08-2022 10:10:00",
            "metric_value":["sagemaker_AAA",20,300,400,400,40,40,40,40,40,40,5,5,2,2,40,10,20,10,1500,400,2,10,1500,5,10,150]
        },
        {
            "timestamp": "01-08-2022 10:10:00",
            "metric_value":["sagemaker_BBB",20,300,400,400,40,40,40,40,40,40,5,5,2,2,40,10,20,10,1500,400,2,10,1500,5,10,150]
        },
        {
            "timestamp": "01-08-2022 10:15:00",
            "metric_value":["sagemaker_AAA",20,300,400,400,40,40,40,40,40,40,5,5,2,2,40,10,20,10,1500,400,2,10,1500,5,10,150]
        },
        {
          "timestamp": "01-08-2022 10:15:00",
          "metric_value":["sagemaker_BBB",20,300,400,400,40,40,40,40,40,40,5,5,2,2,40,10,20,10,1500,400,2,10,1500,5,10,150]
        },
        {
            "timestamp": "01-08-2022 10:20:00",
            "metric_value":["sagemaker_AAA",20,300,400,400,40,40,40,40,40,40,5,5,2,2,40,10,20,10,1500,400,2,10,1500,5,10,150]
        },
        {
          "timestamp": "01-08-2022 10:20:00",
          "metric_value":["sagemaker_BBB",20,300,400,400,40,40,40,40,40,40,5,5,2,2,40,10,20,10,1500,400,2,10,1500,5,10,150]
        },
        {
            "timestamp": "01-08-2022 10:25:00",
            "metric_value":["sagemaker_AAA",20,300,400,400,40,40,40,40,40,40,5,5,2,2,40,10,20,10,1500,400,2,10,1500,5,10,150]
        },
        {
          "timestamp": "01-08-2022 10:25:00",
          "metric_value":["sagemaker_BBB",20,300,400,400,40,40,40,40,40,40,5,5,2,2,40,10,20,10,1500,400,2,10,1500,5,10,150]
        },
        {
            "timestamp": "01-08-2022 10:30:00",
            "metric_value":["sagemaker_AAA",20,300,400,400,40,40,40,40,40,40,5,5,2,2,40,10,20,10,1500,400,2,10,1500,5,10,150]
        },
        {
          "timestamp": "01-08-2022 10:30:00",
          "metric_value":["sagemaker_BBB",20,300,400,400,40,40,40,40,40,40,5,5,2,2,40,10,20,10,1500,400,2,10,1500,5,10,150]
        }
   ]
  }