{
    "service_provider":"AWS",
    "env_name":"DEV",
    "account_id":"",
    "start_time": "01-08-2022 10:00:00",
    "end_time": "01-08-2022 10:30:00",
    "service_name":"s3",
    "metrics":
    {
            "dimension":["jobname"],
            "metric_name": ["jobname","AllRequests","PutRequests","DeleteRequests","HeadRequests","SelectRequests","4xxErrors","5xxErrors","FirstByteLatency","TotalRequestLatency","BucketSizeBytes","NumberOfObjects","GetRequests","PostRequests"]
    },
    "metric_records":[
        {
            "timestamp": "01-08-2022 10:00:00",
            "metric_value":["s3_111",200,50,25,45,50,23,50,49,29,199,999999,3,24,48]
        },
        {
          "timestamp": "01-08-2022 10:00:00",
          "metric_value":["s3_222",200,50,25,45,50,23,50,49,29,199,999999,3,24,48]
        },
        {
            "timestamp": "01-08-2022 10:05:00",
            "metric_value":["s3_111",200,50,25,45,50,23,50,49,29,199,999999,3,24,48]
        },
        {
          "timestamp": "01-08-2022 10:05:00",
          "metric_value":["s3_222",245,60,35,95,30,20,70,29,49,210,1000000,4,29,49]
        },
        {
            "timestamp": "01-08-2022 10:10:00",
            "metric_value":["s3_111",200,50,25,45,50,23,50,49,29,199,999999,3,24,48]
        },
        {
            "timestamp": "01-08-2022 10:10:00",
            "metric_value":["s3_222",245,60,35,95,30,20,70,29,49,210,1000000,4,29,49]
        },
        {
            "timestamp": "01-08-2022 10:15:00",
            "metric_value":["s3_111",200,50,25,45,50,23,50,49,29,199,999999,3,24,48]
        },
        {
          "timestamp": "01-08-2022 10:15:00",
          "metric_value":["s3_222",245,60,35,95,30,20,70,29,49,210,1000000,4,29,49]
        },
        {
            "timestamp": "01-08-2022 10:20:00",
            "metric_value":["s3_111",200,50,25,45,50,23,50,49,29,199,999999,3,24,48]
        },
        {
          "timestamp": "01-08-2022 10:20:00",
          "metric_value":["s3_222",245,60,35,95,30,20,70,29,49,210,1000000,4,29,49]
        },
        {
            "timestamp": "01-08-2022 10:25:00",
            "metric_value":["s3_111",200,50,25,45,50,23,50,49,29,199,999999,3,24,48]
        },
        {
          "timestamp": "01-08-2022 10:25:00",
          "metric_value":["s3_222",245,60,35,95,30,20,70,29,49,210,1000000,4,29,49]
        },
        {
            "timestamp": "01-08-2022 10:30:00",
            "metric_value":["s3_111",200,50,25,45,50,23,50,49,29,199,999999,3,24,48]
        },
        {
          "timestamp": "01-08-2022 10:30:00",
          "metric_value":["s3_222",245,60,35,95,30,20,70,29,49,210,1000000,4,29,49]
        }
   ]
}