{
  "ts": {
    "$date": {
      "$numberLong": "1678706119000"
    }
  },
  "source": {
    "region": "N.A.",
    "env": "prod",
    "service_provider": "mongodb"
  },
  "disk_connectivity": [
    {
      "instance_ip": "",
      "instance_name": "",
      "disks": [
        {
          "disk_name": "nvme0n1",
          "disk_mount_path": "",
          "disk_status": "PASSED"
        },
        {
          "disk_name": "nvme1n1",
          "disk_mount_path": "",
          "disk_status": "PASSED"
        }
      ]
    }
  ]
}