{
  "ts": {
    "$date": {
      "$numberLong": "1678706119000"
    }
  },
  "source": {
    "region": "N.A.",
    "env": "prod",
    "service_provider": "mongodb"
  },
  "instances": [
    {
      "host": "AMAC02FT109MD6N",
      "version": "6.0.4",
      "process": "mongod",
      "pid": 41461,
      "uptime": 13955,
      "uptimeMillis": 13954933,
      "uptimeEstimate": 13954,
      "localTime": "2023-03-10 11:27:03.319000",
      "activeIndexBuilds": "{total: 0  phases: {scanCollection: 0  drainSideWritesTable: 0  drainSideWritesTablePreCommit: 0  waitForCommitQuorum: 0  drainSideWritesTableOnCommit: 0  processConstraintsViolatonTableOnCommit: 0  commit: 0}}",
      "asserts": "{regular: 0  warning: 0  msg: 0  user: 940  tripwire: 0  rollovers: 0}",
      "batchedDeletes": "{batches: 0  docs: 0  stagedSizeBytes: 0  timeMillis: 0}",
      "catalogStats": "{collections: 1  capped: 0  clustered: 0  timeseries: 19  views: 0  internalCollections: 39  internalViews: 1}",
      "connections": "{current: 5  available: 3271  totalCreated: 232  active: 3  threaded: 5  exhaustIsMaster: 0  exhaustHello: 0  awaitingTopologyChanges: 2}",
      "defaultRWConcern": "{defaultReadConcern: {level: local}  defaultWriteConcern: {w: majority  wtimeout: 0}  defaultWriteConcernSource: implicit  defaultReadConcernSource: implicit  localUpdateWallClockTime: datetime.datetime(2023  3  10  7  34  29  926000)}",
      "electionMetrics": "{stepUpCmd: {called: 0  successful: 0}  priorityTakeover: {called: 0  successful: 0}  catchUpTakeover: {called: 0  successful: 0}  electionTimeout: {called: 1  successful: 1}  freezeTimeout: {called: 0  successful: 0}  numStepDownsCausedByHigherTerm: 0  numCatchUps: 0  numCatchUpsSucceeded: 0  numCatchUpsAlreadyCaughtUp: 0  numCatchUpsSkipped: 1  numCatchUpsTimedOut: 0  numCatchUpsFailedWithError: 0  numCatchUpsFailedWithNewTerm: 0  numCatchUpsFailedWithReplSetAbortPrimaryCatchUpCmd: 0  averageCatchUpOps: 0.0}",
      "extra_info": "{note: fields vary by platform  page_faults: 6835}",
      "flowControl": "{enabled: True  targetRateLimit: 1000000000  timeAcquiringMicros: 3108  locksPerKiloOp: 0.0  sustainerRate: 0  isLagged: False  isLaggedCount: 0  isLaggedTimeMicros: 0}",
      "freeMonitoring": "{state: undecided}",
      "globalLock": "{totalTime: 13955088000  currentQueue: {total: 0  readers: 0  writers: 0}  activeClients: {total: 0  readers: 0  writers: 0}}",
      "indexBulkBuilder": "{count: 0  resumed: 0  filesOpenedForExternalSort: 0  filesClosedForExternalSort: 0  spilledRanges: 0  bytesSpilledUncompressed: 0  bytesSpilled: 0}",
      "indexStats": "{count: 2  features: {2d: {count: 0  accesses: 0}  2dsphere: {count: 0  accesses: 0}  2dsphere_bucket: {count: 0  accesses: 0}  collation: {count: 0  accesses: 0}  compound: {count: 0  accesses: 0}  hashed: {count: 0  accesses: 0}  id: {count: 2  accesses: 0}  normal: {count: 0  accesses: 0}  partial: {count: 0  accesses: 0}  single: {count: 0  accesses: 0}  sparse: {count: 0  accesses: 0}  text: {count: 0  accesses: 0}  ttl: {count: 0  accesses: 0}  unique: {count: 0  accesses: 0}  wildcard: {count: 0  accesses: 0}}}",
      "locks": "{ParallelBatchWriterMode: {acquireCount: {r: 138731}}  FeatureCompatibilityVersion: {acquireCount: {r: 112705  w: 3794}}  ReplicationStateTransition: {acquireCount: {w: 318202  W: 2}  acquireWaitCount: {w: 3  W: 1}  timeAcquiringMicros: {w: 23308  W: 119}}  Global: {acquireCount: {r: 247560  w: 140030  W: 6}}  Database: {acquireCount: {r: 557  w: 138643  W: 2}}  Collection: {acquireCount: {r: 506  w: 138626  W: 6}}  Mutex: {acquireCount: {r: 152687}}  oplog: {acquireCount: {w: 1}}}",
      "logicalSessionRecordCache": "{activeSessionsCount: 1  sessionsCollectionJobCount: 47  lastSessionsCollectionJobDurationMillis: 0  lastSessionsCollectionJobTimestamp: datetime.datetime(2023  3  10  11  26  48  270000)  lastSessionsCollectionJobEntriesRefreshed: 0  lastSessionsCollectionJobEntriesEnded: 0  lastSessionsCollectionJobCursorsClosed: 0  transactionReaperJobCount: 47  lastTransactionReaperJobDurationMillis: 0  lastTransactionReaperJobTimestamp: datetime.datetime(2023  3  10  11  26  48  296000)  lastTransactionReaperJobEntriesCleanedUp: 0  sessionCatalogSize: 0}",
      "network": "{bytesIn: 182493  bytesOut: 11381845  physicalBytesIn: 174215  physicalBytesOut: 11381845  numSlowDNSOperations: 0  numSlowSSLOperations: 0  numRequests: 719  tcpFastOpen: {serverSupported: False  clientSupported: False  accepted: 0}  compression: {snappy: {compressor: {bytesIn: 0  bytesOut: 0}  decompressor: {bytesIn: 0  bytesOut: 0}}  zstd: {compressor: {bytesIn: 0  bytesOut: 0}  decompressor: {bytesIn: 0  bytesOut: 0}}  zlib: {compressor: {bytesIn: 0  bytesOut: 0}  decompressor: {bytesIn: 0  bytesOut: 0}}}  serviceExecutors: {passthrough: {threadsRunning: 5  clientsInTotal: 5  clientsRunning: 5  clientsWaitingForData: 0}  fixed: {threadsRunning: 1  clientsInTotal: 0  clientsRunning: 0  clientsWaitingForData: 0}}}",
      "opLatencies": "{reads: {latency: 0  ops: 0}  writes: {latency: 0  ops: 0}  commands: {latency: 259155  ops: 716}  transactions: {latency: 0  ops: 0}}",
      "opcounters": "{insert: 0  query: 62  update: 75  delete: 0  getmore: 0  command: 804}",
      "opcountersRepl": "{insert: 0  query: 0  update: 0  delete: 0  getmore: 0  command: 0}",
      "oplogTruncation": "{totalTimeProcessingMicros: 36674  processingMethod: sampling  totalTimeTruncatingMicros: 0  truncateCount: 0}",
      "readConcernCounters": "{nonTransactionOps: {none: 0  noneInfo: {CWRC: {local: 0  available: 0  majority: 0}  implicitDefault: {local: 0  available: 0}}  local: 0  available: 0  majority: 0  snapshot: {withClusterTime: 0  withoutClusterTime: 0}  linearizable: 0}  transactionOps: {none: 0  noneInfo: {CWRC: {local: 0  majority: 0}  implicitDefault: {local: 0}}  local: 0  majority: 0  snapshot: {withClusterTime: 0  withoutClusterTime: 0}}}",
      "repl": "{topologyVersion: {processId: ObjectId(640add84c7abee3448907d48)  counter: 6}  hosts: [localhost:27017]  setName: rs  setVersion: 1  isWritablePrimary: True  secondary: False  primary: localhost:27017  me: localhost:27017  electionId: ObjectId(7fffffff0000000000000005)  lastWrite: {opTime: {ts: Timestamp(1678447622  1)  t: 5}  lastWriteDate: datetime.datetime(2023  3  10  11  27  2)  majorityOpTime: {ts: Timestamp(1678447622  1)  t: 5}  majorityWriteDate: datetime.datetime(2023  3  10  11  27  2)}  primaryOnlyServices: {TenantMigrationDonorService: {state: running  numInstances: 0}  TenantMigrationRecipientService: {state: running  numInstances: 0}  ShardSplitDonorService: {state: running  numInstances: 0}}  rbid: 3  userWriteBlockMode: 1}",
      "scramCache": "{SCRAM-SHA-1: {count: 0  hits: 0  misses: 0}  SCRAM-SHA-256: {count: 0  hits: 0  misses: 0}}",
      "security": "{authentication: {saslSupportedMechsReceived: 0  mechanisms: {MONGODB-X509: {speculativeAuthenticate: {received: 0  successful: 0}  clusterAuthenticate: {received: 0  successful: 0}  authenticate: {received: 0  successful: 0}}  SCRAM-SHA-1: {speculativeAuthenticate: {received: 0  successful: 0}  clusterAuthenticate: {received: 0  successful: 0}  authenticate: {received: 0  successful: 0}}  SCRAM-SHA-256: {speculativeAuthenticate: {received: 0  successful: 0}  clusterAuthenticate: {received: 0  successful: 0}  authenticate: {received: 0  successful: 0}}}}}",
      "storageEngine": "{name: wiredTiger  supportsCommittedReads: True  oldestRequiredTimestampForCrashRecovery: Timestamp(1678447591  1)  supportsPendingDrops: True  dropPendingIdents: 0  supportsSnapshotReadConcern: True  readOnly: False  persistent: True  backupCursorOpen: False}",
      "tenantMigrations": "{currentMigrationsDonating: 0  currentMigrationsReceiving: 0  totalSuccessfulMigrationsDonated: 0  totalSuccessfulMigrationsReceived: 0  totalFailedMigrationsDonated: 0  totalFailedMigrationsReceived: 0}",
      "trafficRecording": "{running: False}",
      "transactions": "{retriedCommandsCount: 0  retriedStatementsCount: 0  transactionsCollectionWriteCount: 0  currentActive: 0  currentInactive: 0  currentOpen: 0  totalAborted: 0  totalCommitted: 0  totalStarted: 0  totalPrepared: 0  totalPreparedThenCommitted: 0  totalPreparedThenAborted: 0  currentPrepared: 0}",
      "transportSecurity": "{1.0: 0  1.1: 0  1.2: 0  1.3: 0  unknown: 0}",
      "twoPhaseCommitCoordinator": "{totalCreated: 0  totalStartedTwoPhaseCommit: 0  totalAbortedTwoPhaseCommit: 0  totalCommittedTwoPhaseCommit: 0  currentInSteps: {writingParticipantList: 0  waitingForVotes: 0  writingDecision: 0  waitingForDecisionAcks: 0  deletingCoordinatorDoc: 0}}",
      "wiredTiger": "{uri: statistics:  block-cache: {cached blocks updated: 0  cached bytes updated: 0  evicted blocks: 0  file size causing bypass: 0  lookups: 0  number of blocks not evicted due to overhead: 0  number of bypasses because no-write-allocate setting was on: 0  number of bypasses due to overhead on put: 0  number of bypasses on get: 0  number of bypasses on put because file is too small: 0  number of eviction passes: 0  number of hits: 0  number of misses: 0  number of put bypasses on checkpoint I/O: 0  removed blocks: 0  total blocks: 0  total blocks inserted on read path: 0  total blocks inserted on write path: 0  total bytes: 0  total bytes inserted on read path: 0  total bytes inserted on write path: 0}  block-manager: {blocks pre-loaded: 78  blocks read: 1244  blocks written: 4965  bytes read: 6127616  bytes read via memory map API: 0  bytes read via system call API: 0  bytes written: 41824256  bytes written for checkpoint: 41816064  bytes written via memory map API: 0  bytes written via system call API: 0  mapped blocks read: 0  mapped bytes read: 0  number of times the file was remapped because it changed size via fallocate or truncate: 0  number of times the region was remapped via write: 0}  cache: {application threads page read from disk to cache count: 117  application threads page read from disk to cache time (usecs): 23876  application threads page write from cache to disk count: 2771  application threads page write from cache to disk time (usecs): 265911  bytes allocated for updates: 435762  bytes belonging to page images in the cache: 762815  bytes belonging to the history store table in the cache: 934  bytes currently in the cache: 1245699  bytes dirty in the cache cumulative: 87822630  bytes not belonging to page images in the cache: 482883  bytes read into cache: 6927378  bytes written from cache: 56987678  checkpoint blocked page eviction: 0  checkpoint of history store file blocked non-history store page eviction: 0  eviction calls to get a page: 882  eviction calls to get a page found queue empty: 852  eviction calls to get a page found queue empty after locking: 0  eviction currently operating in aggressive mode: 0  eviction empty score: 0  eviction gave up due to detecting an out of order on disk value behind the last update on the chain: 0  eviction gave up due to detecting an out of order tombstone ahead of the selected on disk update: 0  eviction gave up due to detecting an out of order tombstone ahead of the selected on disk update after validating the update chain: 0  eviction gave up due to detecting out of order timestamps on the update chain after the selected on disk update: 0  eviction gave up due to needing to remove a record from the history store but checkpoint is running: 0  eviction passes of a file: 0  eviction server candidate queue empty when topping up: 0  eviction server candidate queue not empty when topping up: 0  eviction server evicting pages: 0  eviction server slept  because we did not make progress with eviction: 1301  eviction server unable to reach eviction goal: 0  eviction server waiting for a leaf page: 0  eviction state: 64  eviction walk most recent sleeps for checkpoint handle gathering: 0  eviction walk target pages histogram - 0-9: 0  eviction walk target pages histogram - 10-31: 0  eviction walk target pages histogram - 128 and higher: 0  eviction walk target pages histogram - 32-63: 0  eviction walk target pages histogram - 64-128: 0  eviction walk target pages reduced due to history store cache pressure: 0  eviction walk target strategy both clean and dirty pages: 0  eviction walk target strategy only clean pages: 0  eviction walk target strategy only dirty pages: 0  eviction walks abandoned: 0  eviction walks gave up because they restarted their walk twice: 0  eviction walks gave up because they saw too many pages and found no candidates: 0  eviction walks gave up because they saw too many pages and found too few candidates: 0  eviction walks reached end of tree: 0  eviction walks restarted: 0  eviction walks started from root of tree: 0  eviction walks started from saved location in tree: 0  eviction worker thread active: 4  eviction worker thread created: 0  eviction worker thread evicting pages: 26  eviction worker thread removed: 0  eviction worker thread stable number: 0  files with active eviction walks: 0  files with new eviction walks started: 0  force re-tuning of eviction workers once in a while: 0  forced eviction - history store pages failed to evict while session has history store cursor open: 0  forced eviction - history store pages selected while session has history store cursor open: 0  forced eviction - history store pages successfully evicted while session has history store cursor open: 0  forced eviction - pages evicted that were clean count: 0  forced eviction - pages evicted that were clean time (usecs): 0  forced eviction - pages evicted that were dirty count: 3  forced eviction - pages evicted that were dirty time (usecs): 574  forced eviction - pages selected because of a large number of updates to a single item: 0  forced eviction - pages selected because of too many deleted items count: 8  forced eviction - pages selected count: 3  forced eviction - pages selected unable to be evicted count: 0  forced eviction - pages selected unable to be evicted time: 0  hazard pointer blocked page eviction: 22  hazard pointer check calls: 29  hazard pointer check entries walked: 22  hazard pointer maximum array length: 2  history store table insert calls: 0  history store table insert calls that returned restart: 0  history store table max on-disk size: 0  history store table on-disk size: 12288  history store table out-of-order resolved updates that lose their durable timestamp: 0  history store table out-of-order updates that were fixed up by reinserting with the fixed timestamp: 0  history store table reads: 0  history store table reads missed: 0  history store table reads requiring squashed modifies: 0  history store table truncation by rollback to stable to remove an unstable update: 0  history store table truncation by rollback to stable to remove an update: 0  history store table truncation to remove an update: 0  history store table truncation to remove range of updates due to key being removed from the data page during reconciliation: 0  history store table truncation to remove range of updates due to out-of-order timestamp update on data page: 0  history store table writes requiring squashed modifies: 0  in-memory page passed criteria to be split: 0  in-memory page splits: 0  internal pages evicted: 0  internal pages queued for eviction: 0  internal pages seen by eviction walk: 0  internal pages seen by eviction walk that are already queued: 0  internal pages split during eviction: 0  leaf pages split during eviction: 0  maximum bytes configured: 8053063680  maximum page size at eviction: 0  modified pages evicted: 7  modified pages evicted by application threads: 0  operations timed out waiting for space in cache: 0  overflow pages read into cache: 0  page split during eviction deepened the tree: 0  page written requiring history store records: 0  pages currently held in the cache: 86  pages evicted by application threads: 0  pages evicted in parallel with checkpoint: 0  pages queued for eviction: 0  pages queued for eviction post lru sorting: 0  pages queued for urgent eviction: 29  pages queued for urgent eviction during walk: 0  pages queued for urgent eviction from history store due to high dirty content: 0  pages read into cache: 128  pages read into cache after truncate: 8  pages read into cache after truncate in prepare state: 0  pages requested from the cache: 42047  pages seen by eviction walk: 0  pages seen by eviction walk that are already queued: 0  pages selected for eviction unable to be evicted: 22  pages selected for eviction unable to be evicted because of active children on an internal page: 0  pages selected for eviction unable to be evicted because of failure in reconciliation: 0  pages selected for eviction unable to be evicted because of race between checkpoint and out of order timestamps handling: 0  pages walked for eviction: 0  pages written from cache: 2776  pages written requiring in-memory restoration: 7  percentage overhead: 8  the number of times full update inserted to history store: 0  the number of times reverse modify inserted to history store: 0  tracked bytes belonging to internal pages in the cache: 19475  tracked bytes belonging to leaf pages in the cache: 1226224  tracked dirty bytes in the cache: 485704  tracked dirty pages in the cache: 6  unmodified pages evicted: 0}  capacity: {background fsync file handles considered: 0  background fsync file handles synced: 0  background fsync time (msecs): 0  bytes read: 1556480  bytes written for checkpoint: 25187755  bytes written for eviction: 208  bytes written for log: 1250259456  bytes written total: 1275447419  threshold to call fsync: 0  time waiting due to total capacity (usecs): 0  time waiting during checkpoint (usecs): 0  time waiting during eviction (usecs): 0  time waiting during logging (usecs): 0  time waiting during read (usecs): 0}  checkpoint-cleanup: {pages added for eviction: 127  pages removed: 1  pages skipped during tree walk: 10993  pages visited: 13964}  connection: {auto adjusting condition resets: 2214  auto adjusting condition wait calls: 86646  auto adjusting condition wait raced to update timeout and skipped updating: 0  detected system time went backwards: 0  files currently open: 54  hash bucket array size for data handles: 512  hash bucket array size general: 512  memory allocations: 1177985  memory frees: 1171177  memory re-allocations: 114856  pthread mutex condition wait calls: 225415  pthread mutex shared lock read-lock calls: 521539  pthread mutex shared lock write-lock calls: 51727  total fsync I/Os: 4011  total read I/Os: 2768  total write I/Os: 7470}  cursor: {Total number of entries skipped by cursor next calls: 1464  Total number of entries skipped by cursor prev calls: 44  Total number of entries skipped to position the history store cursor: 0  Total number of times a search near has exited due to prefix config: 0  cached cursor count: 70  cursor bulk loaded cursor insert calls: 0  cursor close calls that result in cache: 127200  cursor create calls: 736  cursor insert calls: 3771  cursor insert key and value bytes: 1514351  cursor modify calls: 1388  cursor modify key and value bytes affected: 98548  cursor modify value bytes modified: 11104  cursor next calls: 3796  cursor next calls that skip due to a globally visible history store tombstone: 0  cursor next calls that skip greater than or equal to 100 entries: 0  cursor next calls that skip less than 100 entries: 3791  cursor operation restarted: 0  cursor prev calls: 2261  cursor prev calls that skip due to a globally visible history store tombstone: 0  cursor prev calls that skip greater than or equal to 100 entries: 0  cursor prev calls that skip less than 100 entries: 2261  cursor remove calls: 189  cursor remove key bytes removed: 5040  cursor reserve calls: 0  cursor reset calls: 168137  cursor search calls: 19191  cursor search history store calls: 0  cursor search near calls: 2533  cursor sweep buckets: 21732  cursor sweep cursors closed: 0  cursor sweep cursors examined: 299  cursor sweeps: 3622  cursor truncate calls: 0  cursor update calls: 0  cursor update key and value bytes: 0  cursor update value size change: 0  cursors reused from cache: 127130  open cursor count: 6}  data-handle: {connection data handle size: 464  connection data handles currently active: 101  connection sweep candidate became referenced: 0  connection sweep dhandles closed: 0  connection sweep dhandles removed from hash list: 867  connection sweep time-of-death sets: 9277  connection sweeps: 1381  connection sweeps skipped due to checkpoint gathering handles: 0  session dhandles swept: 299  session sweep attempts: 500}  lock: {checkpoint lock acquisitions: 231  checkpoint lock application thread wait time (usecs): 36  checkpoint lock internal thread wait time (usecs): 0  dhandle lock application thread time waiting (usecs): 11  dhandle lock internal thread time waiting (usecs): 0  dhandle read lock acquisitions: 57636  dhandle write lock acquisitions: 1839  durable timestamp queue lock application thread time waiting (usecs): 0  durable timestamp queue lock internal thread time waiting (usecs): 0  durable timestamp queue read lock acquisitions: 0  durable timestamp queue write lock acquisitions: 0  metadata lock acquisitions: 230  metadata lock application thread wait time (usecs): 17  metadata lock internal thread wait time (usecs): 0  read timestamp queue lock application thread time waiting (usecs): 0  read timestamp queue lock internal thread time waiting (usecs): 0  read timestamp queue read lock acquisitions: 0  read timestamp queue write lock acquisitions: 0  schema lock acquisitions: 334  schema lock application thread wait time (usecs): 16091  schema lock internal thread wait time (usecs): 0  table lock application thread time waiting for the table lock (usecs): 98  table lock internal thread time waiting for the table lock (usecs): 0  table read lock acquisitions: 0  table write lock acquisitions: 27581  txn global lock application thread time waiting (usecs): 0  txn global lock internal thread time waiting (usecs): 18  txn global read lock acquisitions: 4080  txn global write lock acquisitions: 6702}  log: {busy returns attempting to switch slots: 0  force log remove time sleeping (usecs): 0  log bytes of payload data: 746758  log bytes written: 1073920  log files manually zero-filled: 0  log flush operations: 134861  log force write operations: 150322  log force write operations skipped: 148282  log records compressed: 232  log records not compressed: 1520  log records too small to compress: 2057  log release advances write LSN: 231  log scan operations: 6  log scan records requiring two reads: 0  log server thread advances write LSN: 2040  log server thread write LSN walk skipped: 13082  log sync operations: 2216  log sync time duration (usecs): 46927083  log sync_dir operations: 1  log sync_dir time duration (usecs): 19216  log write operations: 3809  logging bytes consolidated: 1073408  maximum log file size: 104857600  number of pre-allocated log files to create: 2  pre-allocated log files not ready and missed: 1  pre-allocated log files prepared: 2  pre-allocated log files used: 0  records processed by log scan: 13  slot close lost race: 0  slot close unbuffered waits: 0  slot closures: 2271  slot join atomic update races: 0  slot join calls atomic updates raced: 0  slot join calls did not yield: 3809  slot join calls found active slot closed: 0  slot join calls slept: 0  slot join calls yielded: 0  slot join found active slot closed: 0  slot joins yield time (usecs): 0  slot transitions unable to find free slot: 0  slot unbuffered writes: 0  total in-memory size of compressed records: 1301456  total log buffer size: 33554432  total size of compressed records: 392315  written slots coalesced: 0  yields waiting for previous log file close: 0}  perf: {file system read latency histogram (bucket 1) - 10-49ms: 0  file system read latency histogram (bucket 2) - 50-99ms: 0  file system read latency histogram (bucket 3) - 100-249ms: 0  file system read latency histogram (bucket 4) - 250-499ms: 0  file system read latency histogram (bucket 5) - 500-999ms: 0  file system read latency histogram (bucket 6) - 1000ms+: 0  file system write latency histogram (bucket 1) - 10-49ms: 2  file system write latency histogram (bucket 2) - 50-99ms: 0  file system write latency histogram (bucket 3) - 100-249ms: 0  file system write latency histogram (bucket 4) - 250-499ms: 0  file system write latency histogram (bucket 5) - 500-999ms: 0  file system write latency histogram (bucket 6) - 1000ms+: 0  operation read latency histogram (bucket 1) - 100-249us: 0  operation read latency histogram (bucket 2) - 250-499us: 0  operation read latency histogram (bucket 3) - 500-999us: 0  operation read latency histogram (bucket 4) - 1000-9999us: 0  operation read latency histogram (bucket 5) - 10000us+: 0  operation write latency histogram (bucket 1) - 100-249us: 0  operation write latency histogram (bucket 2) - 250-499us: 1  operation write latency histogram (bucket 3) - 500-999us: 0  operation write latency histogram (bucket 4) - 1000-9999us: 0  operation write latency histogram (bucket 5) - 10000us+: 0}  reconciliation: {approximate byte size of timestamps in pages written: 6176  approximate byte size of transaction IDs in pages written: 13976  fast-path pages deleted: 0  leaf-page overflow keys: 0  maximum seconds spent in a reconciliation call: 0  page reconciliation calls: 2621  page reconciliation calls for eviction: 7  page reconciliation calls that resulted in values with prepared transaction metadata: 0  page reconciliation calls that resulted in values with timestamps: 69  page reconciliation calls that resulted in values with transaction ids: 643  pages deleted: 11  pages written including an aggregated newest start durable timestamp : 49  pages written including an aggregated newest stop durable timestamp : 74  pages written including an aggregated newest stop timestamp : 50  pages written including an aggregated newest stop transaction ID: 50  pages written including an aggregated newest transaction ID : 107  pages written including an aggregated oldest start timestamp : 14  pages written including an aggregated prepare: 0  pages written including at least one prepare state: 0  pages written including at least one start durable timestamp: 49  pages written including at least one start timestamp: 49  pages written including at least one start transaction ID: 623  pages written including at least one stop durable timestamp: 35  pages written including at least one stop timestamp: 35  pages written including at least one stop transaction ID: 35  records written including a prepare state: 0  records written including a start durable timestamp: 225  records written including a start timestamp: 225  records written including a start transaction ID: 1586  records written including a stop durable timestamp: 161  records written including a stop timestamp: 161  records written including a stop transaction ID: 161  split bytes currently awaiting free: 0  split objects currently awaiting free: 0}  session: {attempts to remove a local object and the object is in use: 0  flush_tier operation calls: 0  flush_tier tables skipped due to no checkpoint: 0  flush_tier tables switched: 0  local objects removed: 0  open session count: 15  session query timestamp calls: 1  table alter failed calls: 0  table alter successful calls: 0  table alter triggering checkpoint calls: 0  table alter unchanged and skipped: 0  table compact failed calls: 0  table compact failed calls due to cache pressure: 0  table compact running: 0  table compact skipped as process would not reduce file size: 0  table compact successful calls: 0  table compact timeout: 0  table create failed calls: 0  table create successful calls: 1  table drop failed calls: 0  table drop successful calls: 0  table rename failed calls: 0  table rename successful calls: 0  table salvage failed calls: 0  table salvage successful calls: 0  table truncate failed calls: 0  table truncate successful calls: 0  table verify failed calls: 0  table verify successful calls: 0  tiered operations dequeued and processed: 0  tiered operations scheduled: 0  tiered storage local retention time (secs): 0}  thread-state: {active filesystem fsync calls: 0  active filesystem read calls: 0  active filesystem write calls: 0}  thread-yield: {application thread time evicting (usecs): 0  application thread time waiting for cache (usecs): 0  connection close blocked waiting for transaction state stabilization: 0  connection close yielded for lsm manager shutdown: 0  data handle lock yielded: 0  get reference for page index and slot time sleeping (usecs): 0  page access yielded due to prepare state change: 0  page acquire busy blocked: 0  page acquire eviction blocked: 0  page acquire locked blocked: 0  page acquire read blocked: 0  page acquire time sleeping (usecs): 0  page delete rollback time sleeping for state change (usecs): 0  page reconciliation yielded due to child modification: 0}  transaction: {Number of prepared updates: 0  Number of prepared updates committed: 0  Number of prepared updates repeated on the same key: 0  Number of prepared updates rolled back: 0  prepared transactions: 0  prepared transactions committed: 0  prepared transactions currently active: 0  prepared transactions rolled back: 0  query timestamp calls: 165197  race to read prepared update retry: 0  rollback to stable calls: 0  rollback to stable history store records with stop timestamps older than newer records: 0  rollback to stable inconsistent checkpoint: 0  rollback to stable keys removed: 0  rollback to stable keys restored: 0  rollback to stable pages visited: 1  rollback to stable restored tombstones from history store: 0  rollback to stable restored updates from history store: 0  rollback to stable skipping delete rle: 0  rollback to stable skipping stable rle: 0  rollback to stable sweeping history store keys: 0  rollback to stable tree walk skipping pages: 0  rollback to stable updates aborted: 0  rollback to stable updates removed from history store: 0  sessions scanned in each walk of concurrent sessions: 2538218  set timestamp calls: 2775  set timestamp durable calls: 0  set timestamp durable updates: 0  set timestamp oldest calls: 1387  set timestamp oldest updates: 1387  set timestamp stable calls: 1388  set timestamp stable updates: 1387  transaction begins: 22459  transaction checkpoint currently running: 0  transaction checkpoint currently running for history store file: 0  transaction checkpoint generation: 231  transaction checkpoint history store file duration (usecs): 1  transaction checkpoint max time (msecs): 313  transaction checkpoint min time (msecs): 106  transaction checkpoint most recent duration for gathering all handles (usecs): 95  transaction checkpoint most recent duration for gathering applied handles (usecs): 16  transaction checkpoint most recent duration for gathering skipped handles (usecs): 17  transaction checkpoint most recent handles applied: 3  transaction checkpoint most recent handles skipped: 47  transaction checkpoint most recent handles walked: 104  transaction checkpoint most recent time (msecs): 160  transaction checkpoint prepare currently running: 0  transaction checkpoint prepare max time (msecs): 1  transaction checkpoint prepare min time (msecs): 0  transaction checkpoint prepare most recent time (msecs): 0  transaction checkpoint prepare total time (msecs): 2  transaction checkpoint scrub dirty target: 0  transaction checkpoint scrub time (msecs): 0  transaction checkpoint stop timing stress active: 0  transaction checkpoint total time (msecs): 43877  transaction checkpoints: 230  transaction checkpoints due to obsolete pages: 104  transaction checkpoints skipped because database was clean: 0  transaction failures due to history store: 0  transaction fsync calls for checkpoint after allocating the transaction ID: 230  transaction fsync duration for checkpoint after allocating the transaction ID (usecs): 58269  transaction range of IDs currently pinned: 0  transaction range of IDs currently pinned by a checkpoint: 0  transaction range of timestamps currently pinned: 1288490188800  transaction range of timestamps pinned by a checkpoint: 7208877644538970113  transaction range of timestamps pinned by the oldest active read timestamp: 0  transaction range of timestamps pinned by the oldest timestamp: 1288490188800  transaction read timestamp of the oldest active reader: 0  transaction rollback to stable currently running: 0  transaction walk of concurrent sessions: 165506  transactions committed: 3161  transactions rolled back: 19298  update conflicts: 0}  concurrentTransactions: {write: {out: 0  available: 128  totalTickets: 128}  read: {out: 0  available: 128  totalTickets: 128}}  snapshot-window-settings: {total number of SnapshotTooOld errors: 0  minimum target snapshot window size in seconds: 300  current available snapshot window size in seconds: 300  latest majority snapshot timestamp available: Mar 10 16:57:02:1  oldest majority snapshot timestamp available: Mar 10 16:52:02:1  pinned timestamp requests: 0  min pinned timestamp: Timestamp(4294967295  4294967295)}  oplog: {visibility timestamp: Timestamp(1678447622  1)}}",
      "mem": "{bits: 64  resident: 38  virtual: 35768  supported: True}",
      "metrics": "{apiVersions: {mongostat: [default]  : [default]  mongotop: [default]}  aggStageCounters: {$_addReshardingResumeId: 0  $_internalAllCollectionStats: 0  $_internalApplyOplogUpdate: 0  $_internalBoundedSort: 0  $_internalChangeStreamAddPostImage: 0  $_internalChangeStreamAddPreImage: 0  $_internalChangeStreamCheckInvalidate: 0  $_internalChangeStreamCheckResumability: 0  $_internalChangeStreamCheckTopologyChange: 0  $_internalChangeStreamOplogMatch: 0  $_internalChangeStreamTransform: 0  $_internalChangeStreamUnwindTransaction: 0  $_internalComputeGeoNearDistance: 0  $_internalConvertBucketIndexStats: 0  $_internalDensify: 0  $_internalFindAndModifyImageLookup: 0  $_internalInhibitOptimization: 0  $_internalReshardingIterateTransaction: 0  $_internalReshardingOwnershipMatch: 0  $_internalSetWindowFields: 0  $_internalSplitPipeline: 0  $_internalUnpackBucket: 0  $_unpackBucket: 0  $addFields: 0  $bucket: 0  $bucketAuto: 0  $changeStream: 0  $collStats: 0  $count: 0  $currentOp: 18  $densify: 0  $documents: 0  $facet: 0  $fill: 0  $geoNear: 0  $graphLookup: 0  $group: 18  $indexStats: 0  $limit: 0  $listCachedAndActiveUsers: 0  $listCatalog: 0  $listLocalSessions: 0  $listSessions: 0  $lookup: 0  $match: 18  $merge: 0  $mergeCursors: 0  $operationMetrics: 0  $out: 0  $planCacheStats: 0  $project: 0  $queue: 0  $redact: 0  $replaceRoot: 0  $replaceWith: 0  $sample: 0  $set: 75  $setVariableFromSubPipeline: 0  $setWindowFields: 0  $shardedDataDistribution: 0  $skip: 0  $sort: 0  $sortByCount: 0  $unionWith: 0  $unset: 0  $unwind: 0}  commands: {<UNKNOWN>: 8  _addShard: {failed: 0  total: 0}  _configsvrAbortReshardCollection: {failed: 0  total: 0}  _configsvrAddShard: {failed: 0  total: 0}  _configsvrAddShardToZone: {failed: 0  total: 0}  _configsvrBalancerCollectionStatus: {failed: 0  total: 0}  _configsvrBalancerStart: {failed: 0  total: 0}  _configsvrBalancerStatus: {failed: 0  total: 0}  _configsvrBalancerStop: {failed: 0  total: 0}  _configsvrCleanupReshardCollection: {failed: 0  total: 0}  _configsvrClearJumboFlag: {failed: 0  total: 0}  _configsvrCollMod: {failed: 0  total: 0}  _configsvrCommitChunkMigration: {failed: 0  total: 0}  _configsvrCommitChunkSplit: {failed: 0  total: 0}  _configsvrCommitChunksMerge: {failed: 0  total: 0}  _configsvrCommitMovePrimary: {failed: 0  total: 0}  _configsvrCommitReshardCollection: {failed: 0  total: 0}  _configsvrConfigureCollectionBalancing: {failed: 0  total: 0}  _configsvrCreateDatabase: {failed: 0  total: 0}  _configsvrEnsureChunkVersionIsGreaterThan: {failed: 0  total: 0}  _configsvrMoveChunk: {failed: 0  total: 0}  _configsvrMoveRange: {failed: 0  total: 0}  _configsvrRefineCollectionShardKey: {failed: 0  total: 0}  _configsvrRemoveChunks: {failed: 0  total: 0}  _configsvrRemoveShard: {failed: 0  total: 0}  _configsvrRemoveShardFromZone: {failed: 0  total: 0}  _configsvrRemoveTags: {failed: 0  total: 0}  _configsvrRenameCollectionMetadata: {failed: 0  total: 0}  _configsvrRepairShardedCollectionChunksHistory: {failed: 0  total: 0}  _configsvrReshardCollection: {failed: 0  total: 0}  _configsvrRunRestore: {failed: 0  total: 0}  _configsvrSetAllowMigrations: {failed: 0  total: 0}  _configsvrSetClusterParameter: {failed: 0  total: 0}  _configsvrSetUserWriteBlockMode: {failed: 0  total: 0}  _configsvrUpdateZoneKeyRange: {failed: 0  total: 0}  _flushDatabaseCacheUpdates: {failed: 0  total: 0}  _flushDatabaseCacheUpdatesWithWriteConcern: {failed: 0  total: 0}  _flushReshardingStateChange: {failed: 0  total: 0}  _flushRoutingTableCacheUpdates: {failed: 0  total: 0}  _flushRoutingTableCacheUpdatesWithWriteConcern: {failed: 0  total: 0}  _getNextSessionMods: {failed: 0  total: 0}  _getUserCacheGeneration: {failed: 0  total: 0}  _isSelf: {failed: 0  total: 0}  _killOperations: {failed: 0  total: 0}  _mergeAuthzCollections: {failed: 0  total: 0}  _migrateClone: {failed: 0  total: 0}  _recvChunkAbort: {failed: 0  total: 0}  _recvChunkCommit: {failed: 0  total: 0}  _recvChunkReleaseCritSec: {failed: 0  total: 0}  _recvChunkStart: {failed: 0  total: 0}  _recvChunkStatus: {failed: 0  total: 0}  _shardsvrAbortReshardCollection: {failed: 0  total: 0}  _shardsvrCleanupReshardCollection: {failed: 0  total: 0}  _shardsvrCloneCatalogData: {failed: 0  total: 0}  _shardsvrCollMod: {failed: 0  total: 0}  _shardsvrCollModParticipant: {failed: 0  total: 0}  _shardsvrCommitReshardCollection: {failed: 0  total: 0}  _shardsvrCompactStructuredEncryptionData: {failed: 0  total: 0}  _shardsvrCreateCollection: {failed: 0  total: 0}  _shardsvrCreateCollectionParticipant: {failed: 0  total: 0}  _shardsvrDropCollection: {failed: 0  total: 0}  _shardsvrDropCollectionIfUUIDNotMatching: {failed: 0  total: 0}  _shardsvrDropCollectionParticipant: {failed: 0  total: 0}  _shardsvrDropDatabase: {failed: 0  total: 0}  _shardsvrDropDatabaseParticipant: {failed: 0  total: 0}  _shardsvrDropIndexes: {failed: 0  total: 0}  _shardsvrGetStatsForBalancing: {failed: 0  total: 0}  _shardsvrJoinMigrations: {failed: 0  total: 0}  _shardsvrMovePrimary: {failed: 0  total: 0}  _shardsvrMoveRange: {failed: 0  total: 0}  _shardsvrParticipantBlock: {failed: 0  total: 0}  _shardsvrRefineCollectionShardKey: {failed: 0  total: 0}  _shardsvrRenameCollection: {failed: 0  total: 0}  _shardsvrRenameCollectionParticipant: {failed: 0  total: 0}  _shardsvrRenameCollectionParticipantUnblock: {failed: 0  total: 0}  _shardsvrReshardCollection: {failed: 0  total: 0}  _shardsvrReshardingOperationTime: {failed: 0  total: 0}  _shardsvrSetAllowMigrations: {failed: 0  total: 0}  _shardsvrSetClusterParameter: {failed: 0  total: 0}  _shardsvrSetUserWriteBlockMode: {failed: 0  total: 0}  _transferMods: {failed: 0  total: 0}  abortShardSplit: {failed: 0  total: 0}  abortTransaction: {failed: 0  total: 0}  aggregate: {failed: 0  total: 0}  appendOplogNote: {failed: 0  total: 0}  applyOps: {failed: 0  total: 0}  authenticate: {failed: 0  total: 0}  autoSplitVector: {failed: 0  total: 0}  availableQueryOptions: {failed: 0  total: 0}  buildInfo: {failed: 0  total: 0}  checkShardingIndex: {failed: 0  total: 0}  cleanupOrphaned: {failed: 0  total: 0}  cloneCollectionAsCapped: {failed: 0  total: 0}  clusterAbortTransaction: {failed: 0  total: 0}  clusterAggregate: {failed: 0  total: 0}  clusterCommitTransaction: {failed: 0  total: 0}  clusterDelete: {failed: 0  total: 0}  clusterFind: {failed: 0  total: 0}  clusterGetMore: {failed: 0  total: 0}  clusterInsert: {failed: 0  total: 0}  clusterUpdate: {arrayFilters: 0  failed: 0  pipeline: 0  total: 0}  collMod: {failed: 0  total: 0}  collStats: {failed: 1  total: 26}  commitShardSplit: {failed: 0  total: 0}  commitTransaction: {failed: 0  total: 0}  compact: {failed: 0  total: 0}  compactStructuredEncryptionData: {failed: 0  total: 0}  connPoolStats: {failed: 0  total: 0}  connPoolSync: {failed: 0  total: 0}  connectionStatus: {failed: 0  total: 0}  convertToCapped: {failed: 0  total: 0}  coordinateCommitTransaction: {failed: 0  total: 0}  count: {failed: 0  total: 0}  create: {failed: 0  total: 0}  createIndexes: {failed: 0  total: 3}  createRole: {failed: 0  total: 0}  createUser: {failed: 0  total: 0}  currentOp: {failed: 0  total: 18}  dataSize: {failed: 0  total: 0}  dbCheck: {failed: 0  total: 0}  dbHash: {failed: 0  total: 0}  dbStats: {failed: 0  total: 55}  delete: {failed: 0  total: 0}  distinct: {failed: 0  total: 0}  donorAbortMigration: {failed: 0  total: 0}  donorForgetMigration: {failed: 0  total: 0}  donorStartMigration: {failed: 0  total: 0}  driverOIDTest: {failed: 0  total: 0}  drop: {failed: 0  total: 0}  dropAllRolesFromDatabase: {failed: 0  total: 0}  dropAllUsersFromDatabase: {failed: 0  total: 0}  dropConnections: {failed: 0  total: 0}  dropDatabase: {failed: 0  total: 0}  dropIndexes: {failed: 0  total: 0}  dropRole: {failed: 0  total: 0}  dropUser: {failed: 0  total: 0}  endSessions: {failed: 0  total: 0}  explain: {failed: 0  total: 0}  features: {failed: 0  total: 0}  filemd5: {failed: 0  total: 0}  find: {failed: 0  total: 62}  findAndModify: {arrayFilters: 0  failed: 0  pipeline: 0  total: 0}  flushRouterConfig: {failed: 0  total: 0}  forgetShardSplit: {failed: 0  total: 0}  fsync: {failed: 0  total: 0}  fsyncUnlock: {failed: 0  total: 0}  getClusterParameter: {failed: 0  total: 0}  getCmdLineOpts: {failed: 0  total: 0}  getDatabaseVersion: {failed: 0  total: 0}  getDefaultRWConcern: {failed: 0  total: 0}  getDiagnosticData: {failed: 0  total: 0}  getFreeMonitoringStatus: {failed: 0  total: 0}  getLastError: {failed: 0  total: 0}  getLog: {failed: 0  total: 0}  getMore: {failed: 0  total: 0}  getParameter: {failed: 0  total: 0}  getShardMap: {failed: 0  total: 0}  getShardVersion: {failed: 0  total: 0}  getnonce: {failed: 0  total: 0}  grantPrivilegesToRole: {failed: 0  total: 0}  grantRolesToRole: {failed: 0  total: 0}  grantRolesToUser: {failed: 0  total: 0}  hello: {failed: 76  total: 140}  hostInfo: {failed: 0  total: 0}  insert: {failed: 0  total: 0}  internalRenameIfOptionsAndIndexesMatch: {failed: 0  total: 0}  invalidateUserCache: {failed: 0  total: 0}  isMaster: {failed: 0  total: 240}  killAllSessions: {failed: 0  total: 0}  killAllSessionsByPattern: {failed: 0  total: 0}  killCursors: {failed: 0  total: 0}  killOp: {failed: 0  total: 0}  killSessions: {failed: 0  total: 0}  listCollections: {failed: 0  total: 0}  listCommands: {failed: 0  total: 0}  listDatabases: {failed: 0  total: 0}  listIndexes: {failed: 0  total: 93}  lockInfo: {failed: 0  total: 0}  logRotate: {failed: 0  total: 0}  logout: {failed: 0  total: 0}  mapReduce: {failed: 0  total: 0}  mergeChunks: {failed: 0  total: 0}  ping: {failed: 0  total: 8}  planCacheClear: {failed: 0  total: 0}  planCacheClearFilters: {failed: 0  total: 0}  planCacheListFilters: {failed: 0  total: 0}  planCacheSetFilter: {failed: 0  total: 0}  prepareTransaction: {failed: 0  total: 0}  profile: {failed: 0  total: 0}  reIndex: {failed: 0  total: 0}  recipientForgetMigration: {failed: 0  total: 0}  recipientSyncData: {failed: 0  total: 0}  recipientVoteImportedFiles: {failed: 0  total: 0}  refreshSessions: {failed: 0  total: 0}  renameCollection: {failed: 0  total: 0}  replSetAbortPrimaryCatchUp: {failed: 0  total: 0}  replSetFreeze: {failed: 0  total: 0}  replSetGetConfig: {failed: 0  total: 0}  replSetGetRBID: {failed: 0  total: 0}  replSetGetStatus: {failed: 0  total: 20}  replSetHeartbeat: {failed: 0  total: 0}  replSetInitiate: {failed: 0  total: 0}  replSetMaintenance: {failed: 0  total: 0}  replSetReconfig: {failed: 0  total: 0}  replSetRequestVotes: {failed: 0  total: 0}  replSetResizeOplog: {failed: 0  total: 0}  replSetStepDown: {failed: 0  total: 0}  replSetStepDownWithForce: {failed: 0  total: 0}  replSetStepUp: {failed: 0  total: 0}  replSetSyncFrom: {failed: 0  total: 0}  replSetUpdatePosition: {failed: 0  total: 0}  revokePrivilegesFromRole: {failed: 0  total: 0}  revokeRolesFromRole: {failed: 0  total: 0}  revokeRolesFromUser: {failed: 0  total: 0}  rolesInfo: {failed: 0  total: 0}  rotateCertificates: {failed: 0  total: 0}  saslContinue: {failed: 0  total: 0}  saslStart: {failed: 0  total: 0}  serverStatus: {failed: 0  total: 185}  setClusterParameter: {failed: 0  total: 0}  setDefaultRWConcern: {failed: 0  total: 0}  setFeatureCompatibilityVersion: {failed: 0  total: 0}  setFreeMonitoring: {failed: 0  total: 0}  setIndexCommitQuorum: {failed: 0  total: 0}  setParameter: {failed: 0  total: 0}  setShardVersion: {failed: 0  total: 0}  setUserWriteBlockMode: {failed: 0  total: 0}  shardingState: {failed: 0  total: 0}  shutdown: {failed: 0  total: 0}  splitChunk: {failed: 0  total: 0}  splitVector: {failed: 0  total: 0}  startRecordingTraffic: {failed: 0  total: 0}  startSession: {failed: 0  total: 0}  stopRecordingTraffic: {failed: 0  total: 0}  top: {failed: 0  total: 16}  update: {arrayFilters: 0  failed: 0  pipeline: 75  total: 16}  updateRole: {failed: 0  total: 0}  updateUser: {failed: 0  total: 0}  usersInfo: {failed: 0  total: 0}  validate: {failed: 0  total: 0}  validateDBMetadata: {failed: 0  total: 0}  voteCommitIndexBuild: {failed: 0  total: 0}  waitForFailPoint: {failed: 0  total: 0}  whatsmyuri: {failed: 0  total: 0}}  cursor: {moreThanOneBatch: 0  timedOut: 0  totalOpened: 18  lifespan: {greaterThanOrEqual10Minutes: 0  lessThan10Minutes: 0  lessThan15Seconds: 0  lessThan1Minute: 0  lessThan1Second: 18  lessThan30Seconds: 0  lessThan5Seconds: 0}  open: {noTimeout: 0  pinned: 0  total: 0}}  document: {deleted: 0  inserted: 0  returned: 22  updated: 0}  dotsAndDollarsFields: {inserts: 0  updates: 0}  getLastError: {wtime: {num: 17  totalMillis: 0}  wtimeouts: 0  default: {unsatisfiable: 0  wtimeouts: 0}}  mongos: {cursor: {moreThanOneBatch: 0  totalOpened: 0}}  operation: {scanAndOrder: 4  temporarilyUnavailableErrors: 0  temporarilyUnavailableErrorsConvertedToWriteConflict: 0  temporarilyUnavailableErrorsEscaped: 0  writeConflicts: 0}  operatorCounters: {expressions: {$_internalFindAllValuesAtPath: 0  $_internalFleEq: 0  $_internalJsEmit: 0  $abs: 0  $acos: 0  $acosh: 0  $add: 0  $allElementsTrue: 0  $and: 0  $anyElementTrue: 0  $arrayElemAt: 0  $arrayToObject: 0  $asin: 0  $asinh: 0  $atan: 0  $atan2: 0  $atanh: 0  $avg: 0  $binarySize: 0  $bsonSize: 0  $ceil: 0  $cmp: 0  $concat: 0  $concatArrays: 0  $cond: 0  $const: 0  $convert: 0  $cos: 0  $cosh: 0  $dateAdd: 0  $dateDiff: 0  $dateFromParts: 0  $dateFromString: 0  $dateSubtract: 0  $dateToParts: 0  $dateToString: 0  $dateTrunc: 0  $dayOfMonth: 0  $dayOfWeek: 0  $dayOfYear: 0  $degreesToRadians: 0  $divide: 0  $eq: 0  $exp: 0  $filter: 0  $first: 0  $firstN: 0  $floor: 0  $function: 0  $getField: 0  $gt: 0  $gte: 0  $hour: 0  $ifNull: 0  $in: 0  $indexOfArray: 0  $indexOfBytes: 0  $indexOfCP: 0  $isArray: 0  $isNumber: 0  $isoDayOfWeek: 0  $isoWeek: 0  $isoWeekYear: 0  $last: 0  $lastN: 0  $let: 0  $literal: 0  $ln: 0  $log: 0  $log10: 0  $lt: 0  $lte: 0  $ltrim: 0  $map: 0  $max: 0  $maxN: 0  $mergeObjects: 0  $meta: 0  $millisecond: 0  $min: 0  $minN: 0  $minute: 0  $mod: 0  $month: 0  $multiply: 0  $ne: 0  $not: 0  $objectToArray: 0  $or: 0  $pow: 0  $radiansToDegrees: 0  $rand: 0  $range: 0  $reduce: 0  $regexFind: 0  $regexFindAll: 0  $regexMatch: 0  $replaceAll: 0  $replaceOne: 0  $reverseArray: 0  $round: 0  $rtrim: 0  $second: 0  $setDifference: 0  $setEquals: 0  $setField: 0  $setIntersection: 0  $setIsSubset: 0  $setUnion: 0  $sin: 0  $sinh: 0  $size: 0  $slice: 0  $sortArray: 0  $split: 0  $sqrt: 0  $stdDevPop: 0  $stdDevSamp: 0  $strLenBytes: 0  $strLenCP: 0  $strcasecmp: 0  $substr: 0  $substrBytes: 0  $substrCP: 0  $subtract: 0  $sum: 0  $switch: 0  $tan: 0  $tanh: 0  $toBool: 0  $toDate: 0  $toDecimal: 0  $toDouble: 0  $toHashedIndexKey: 0  $toInt: 0  $toLong: 0  $toLower: 0  $toObjectId: 0  $toString: 0  $toUpper: 0  $trim: 0  $trunc: 0  $tsIncrement: 0  $tsSecond: 0  $type: 0  $unsetField: 0  $week: 0  $year: 0  $zip: 0}  groupAccumulators: {$_internalJsReduce: 0  $accumulator: 0  $addToSet: 0  $avg: 0  $bottom: 0  $bottomN: 0  $count: 0  $first: 0  $firstN: 0  $last: 0  $lastN: 0  $max: 0  $maxN: 0  $mergeObjects: 0  $min: 0  $minN: 0  $push: 18  $stdDevPop: 0  $stdDevSamp: 0  $sum: 0  $top: 0  $topN: 0}  match: {$all: 0  $alwaysFalse: 0  $alwaysTrue: 0  $and: 0  $bitsAllClear: 0  $bitsAllSet: 0  $bitsAnyClear: 0  $bitsAnySet: 0  $comment: 0  $elemMatch: 0  $eq: 8  $exists: 0  $expr: 0  $geoIntersects: 0  $geoWithin: 0  $gt: 4  $gte: 0  $in: 0  $jsonSchema: 19  $lt: 46  $lte: 0  $mod: 0  $ne: 0  $near: 0  $nearSphere: 0  $nin: 0  $nor: 0  $not: 0  $or: 0  $regex: 0  $sampleRate: 0  $size: 0  $text: 0  $type: 0  $where: 0}  windowAccumulators: {$addToSet: 0  $avg: 0  $bottom: 0  $bottomN: 0  $count: 0  $covariancePop: 0  $covarianceSamp: 0  $denseRank: 0  $derivative: 0  $documentNumber: 0  $expMovingAvg: 0  $first: 0  $firstN: 0  $integral: 0  $last: 0  $lastN: 0  $linearFill: 0  $locf: 0  $max: 0  $maxN: 0  $min: 0  $minN: 0  $push: 0  $rank: 0  $shift: 0  $stdDevPop: 0  $stdDevSamp: 0  $sum: 0  $top: 0  $topN: 0}}  query: {allowDiskUseFalse: 0  deleteManyCount: 0  planCacheTotalSizeEstimateBytes: 0  updateManyCount: 0  updateOneOpStyleBroadcastWithExactIDCount: 0  multiPlanner: {classicCount: 0  classicMicros: 0  classicWorks: 0  sbeCount: 0  sbeMicros: 0  sbeNumReads: 0  histograms: {classicMicros: [{lowerBound: 0  count: 0}  {lowerBound: 1024  count: 0}  {lowerBound: 4096  count: 0}  {lowerBound: 16384  count: 0}  {lowerBound: 65536  count: 0}  {lowerBound: 262144  count: 0}  {lowerBound: 1048576  count: 0}  {lowerBound: 4194304  count: 0}  {lowerBound: 16777216  count: 0}  {lowerBound: 67108864  count: 0}  {lowerBound: 268435456  count: 0}  {lowerBound: 1073741824  count: 0}]  classicNumPlans: [{lowerBound: 0  count: 0}  {lowerBound: 2  count: 0}  {lowerBound: 4  count: 0}  {lowerBound: 8  count: 0}  {lowerBound: 16  count: 0}  {lowerBound: 32  count: 0}]  classicWorks: [{lowerBound: 0  count: 0}  {lowerBound: 128  count: 0}  {lowerBound: 256  count: 0}  {lowerBound: 512  count: 0}  {lowerBound: 1024  count: 0}  {lowerBound: 2048  count: 0}  {lowerBound: 4096  count: 0}  {lowerBound: 8192  count: 0}  {lowerBound: 16384  count: 0}  {lowerBound: 32768  count: 0}]  sbeMicros: [{lowerBound: 0  count: 0}  {lowerBound: 1024  count: 0}  {lowerBound: 4096  count: 0}  {lowerBound: 16384  count: 0}  {lowerBound: 65536  count: 0}  {lowerBound: 262144  count: 0}  {lowerBound: 1048576  count: 0}  {lowerBound: 4194304  count: 0}  {lowerBound: 16777216  count: 0}  {lowerBound: 67108864  count: 0}  {lowerBound: 268435456  count: 0}  {lowerBound: 1073741824  count: 0}]  sbeNumPlans: [{lowerBound: 0  count: 0}  {lowerBound: 2  count: 0}  {lowerBound: 4  count: 0}  {lowerBound: 8  count: 0}  {lowerBound: 16  count: 0}  {lowerBound: 32  count: 0}]  sbeNumReads: [{lowerBound: 0  count: 0}  {lowerBound: 128  count: 0}  {lowerBound: 256  count: 0}  {lowerBound: 512  count: 0}  {lowerBound: 1024  count: 0}  {lowerBound: 2048  count: 0}  {lowerBound: 4096  count: 0}  {lowerBound: 8192  count: 0}  {lowerBound: 16384  count: 0}  {lowerBound: 32768  count: 0}]}}  queryFramework: {aggregate: {classicHybrid: 0  classicOnly: 0  cqf: 0  sbeHybrid: 0  sbeOnly: 0}  find: {classic: 62  cqf: 0  sbe: 0}}}  queryExecutor: {scanned: 0  scannedObjects: 4  collectionScans: {nonTailable: 10  total: 10}}  repl: {executor: {pool: {inProgressCount: 0}  queues: {networkInProgress: 0  sleepers: 0}  unsignaledEvents: 0  shuttingDown: False  networkInterface: DEPRECATED: getDiagnosticString is deprecated in NetworkInterfaceTL}  apply: {attemptsToBecomeSecondary: 1  batchSize: 0  batches: {num: 0  totalMillis: 0}  ops: 0}  buffer: {count: 0  maxSizeBytes: 268435456  sizeBytes: 0}  initialSync: {completed: 0  failedAttempts: 0  failures: 0}  network: {bytes: 0  getmores: {num: 0  totalMillis: 0  numEmptyBatches: 0}  notPrimaryLegacyUnacknowledgedWrites: 0  notPrimaryUnacknowledgedWrites: 0  oplogGetMoresProcessed: {num: 0  totalMillis: 0}  ops: 0  readersCreated: 0  replSetUpdatePosition: {num: 0}}  reconfig: {numAutoReconfigsForRemovalOfNewlyAddedFields: 0}  stateTransition: {lastStateTransition: stepUp  userOperationsKilled: 0  userOperationsRunning: 1}  syncSource: {numSelections: 1  numSyncSourceChangesDueToSignificantlyCloserNode: 0  numTimesChoseDifferent: 0  numTimesChoseSame: 0  numTimesCouldNotFind: 1}}  ttl: {deletedDocuments: 63  passes: 230}}",
      "ok": 1,
      "$clusterTime": "{clusterTime: Timestamp(1678447622  1)  signature: {hash: b\\x00\\x00\\x00\\x00\\x00\\x00\\x00\\x00\\x00\\x00\\x00\\x00\\x00\\x00\\x00\\x00\\x00\\x00\\x00\\x00  keyId: 0}}",
      "operationTime": "Timestamp(1678447622  1)",
      "databases": [
        {
          "db": "test_database",
          "collections": [
            {
              "ns": "test_database.test_collection",
              "size": 0,
              "count": 0,
              "numOrphanDocs": 0,
              "storageSize": 0,
              "totalSize": 0,
              "nindexes": 0,
              "totalIndexSize": 0,
              "indexDetails": "{}",
              "indexSizes": "{}",
              "scaleFactor": 1,
              "ok": 1,
              "$clusterTime": "{clusterTime: Timestamp(1678447622  1)  signature: {hash: b\\x00\\x00\\x00\\x00\\x00\\x00\\x00\\x00\\x00\\x00\\x00\\x00\\x00\\x00\\x00\\x00\\x00\\x00\\x00\\x00  keyId: 0}}",
              "operationTime": "Timestamp(1678447622  1)"
            }
          ],
          "views": 0,
          "objects": 0,
          "avgObjSize": 0,
          "dataSize": 0,
          "storageSize": 0,
          "indexes": 0,
          "indexSize": 0,
          "totalSize": 0,
          "scaleFactor": 1,
          "fsUsedSize": 0,
          "fsTotalSize": 0,
          "ok": 1,
          "$clusterTime": "{clusterTime: Timestamp(1678447622  1)  signature: {hash: b\\x00\\x00\\x00\\x00\\x00\\x00\\x00\\x00\\x00\\x00\\x00\\x00\\x00\\x00\\x00\\x00\\x00\\x00\\x00\\x00  keyId: 0}}",
          "operationTime": "Timestamp(1678447622  1)"
        }
      ],
      "replset": [
        {
          "set": "rs",
          "date": "2023-03-10 11:27:03.321000",
          "myState": 1,
          "term": 5,
          "syncSourceHost": {
            "$numberDouble": "NaN"
          },
          "syncSourceId": -1,
          "heartbeatIntervalMillis": 2000,
          "majorityVoteCount": 1,
          "writeMajorityCount": 1,
          "votingMembersCount": 1,
          "writableVotingMembersCount": 1,
          "optimes": "{lastCommittedOpTime: {ts: Timestamp(1678447622  1)  t: 5}  lastCommittedWallTime: datetime.datetime(2023  3  10  11  27  2)  readConcernMajorityOpTime: {ts: Timestamp(1678447622  1)  t: 5}  appliedOpTime: {ts: Timestamp(1678447622  1)  t: 5}  durableOpTime: {ts: Timestamp(1678447622  1)  t: 5}  lastAppliedWallTime: datetime.datetime(2023  3  10  11  27  2)  lastDurableWallTime: datetime.datetime(2023  3  10  11  27  2)}",
          "lastStableRecoveryTimestamp": "Timestamp(1678447591  1)",
          "electionCandidateMetrics": "{lastElectionReason: electionTimeout  lastElectionDate: datetime.datetime(2023  3  10  7  34  30  81000)  electionTerm: 5  lastCommittedOpTimeAtElection: {ts: Timestamp(0  0)  t: -1}  lastSeenOpTimeAtElection: {ts: Timestamp(1678170854  1)  t: 4}  numVotesNeeded: 1  priorityAtElection: 1.0  electionTimeoutMillis: 10000  newTermStartDate: datetime.datetime(2023  3  10  7  34  30  125000)  wMajorityWriteAvailabilityDate: datetime.datetime(2023  3  10  7  34  30  151000)}",
          "members": "[{_id: 0  name: localhost:27017  health: 1.0  state: 1  stateStr: PRIMARY  uptime: 13955  optime: {ts: Timestamp(1678447622  1)  t: 5}  optimeDate: datetime.datetime(2023  3  10  11  27  2)  lastAppliedWallTime: datetime.datetime(2023  3  10  11  27  2)  lastDurableWallTime: datetime.datetime(2023  3  10  11  27  2)  syncSourceHost:   syncSourceId: -1  infoMessage:   electionTime: Timestamp(1678433670  1)  electionDate: datetime.datetime(2023  3  10  7  34  30)  configVersion: 1  configTerm: 5  self: True  lastHeartbeatMessage: }]",
          "ok": 1,
          "$clusterTime": "{clusterTime: Timestamp(1678447622  1)  signature: {hash: b\\x00\\x00\\x00\\x00\\x00\\x00\\x00\\x00\\x00\\x00\\x00\\x00\\x00\\x00\\x00\\x00\\x00\\x00\\x00\\x00  keyId: 0}}",
          "operationTime": "Timestamp(1678447622  1)"
        }
      ],
      "currentop": [
        {
          "inprog": "[{type: op  host: AMAC02FT109MD6N:27017  desc: OplogApplier-0  active: True  currentOpTime: 2023-03-10T16:57:03.321+05:30  effectiveUsers: [{user: __system  db: local}]  opid: 198400  op: none  ns:   command: {}  numYields: 0  locks: {}  waitingForLock: False  lockStats: {}  waitingForFlowControl: False  flowControlStats: {}}  {type: op  host: AMAC02FT109MD6N:27017  desc: OplogCapMaintainerThread-local.oplog.rs  active: True  currentOpTime: 2023-03-10T16:57:03.321+05:30  opid: 60  op: none  ns:   command: {}  numYields: 0  locks: {}  waitingForLock: False  lockStats: {FeatureCompatibilityVersion: {acquireCount: {w: 1}}  ReplicationStateTransition: {acquireCount: {w: 1}}  Global: {acquireCount: {w: 1}}}  waitingForFlowControl: False  flowControlStats: {}}  {type: op  host: AMAC02FT109MD6N:27017  desc: conn233  connectionId: 233  client: 127.0.0.1:56608  clientMetadata: {driver: {name: PyMongo  version: 3.13.0}  os: {type: Darwin  name: Darwin  architecture: x86_64  version: 12.6.3}  platform: CPython 3.10.9.final.0}  active: True  currentOpTime: 2023-03-10T16:57:03.321+05:30  threaded: True  opid: 198413  lsid: {id: UUID(63474b3b-07a4-49d6-9ab3-a216cbec9199)  uid: b\\xe3\\xb0\\xc4B\\x98\\xfc\\x1c\\x14\\x9a\\xfb\\xf4\\xc8\\x99o\\xb9$\\xaeA\\xe4d\\x9b\\x93L\\xa4\\x95\\x99\\x1bxR\\xb8U}  secs_running: 0  microsecs_running: 82  op: command  ns: admin.$cmd.aggregate  command: {currentOp: 1  lsid: {id: UUID(63474b3b-07a4-49d6-9ab3-a216cbec9199)}  $clusterTime: {clusterTime: Timestamp(1678447622  1)  signature: {hash: b\\x00\\x00\\x00\\x00\\x00\\x00\\x00\\x00\\x00\\x00\\x00\\x00\\x00\\x00\\x00\\x00\\x00\\x00\\x00\\x00  keyId: 0}}  $db: admin  $readPreference: {mode: primaryPreferred}}  numYields: 0  locks: {}  waitingForLock: False  lockStats: {}  waitingForFlowControl: False  flowControlStats: {}}  {type: op  host: AMAC02FT109MD6N:27017  desc: NoopWriter  active: True  currentOpTime: 2023-03-10T16:57:03.321+05:30  opid: 198380  op: none  ns:   command: {}  numYields: 0  locks: {}  waitingForLock: False  lockStats: {}  waitingForFlowControl: False  flowControlStats: {}}  {type: op  host: AMAC02FT109MD6N:27017  desc: Checkpointer  active: True  currentOpTime: 2023-03-10T16:57:03.321+05:30  opid: 198010  op: none  ns:   command: {}  numYields: 0  locks: {}  waitingForLock: False  lockStats: {}  waitingForFlowControl: False  flowControlStats: {}}  {type: op  host: AMAC02FT109MD6N:27017  desc: conn229  connectionId: 229  client: 127.0.0.1:56604  clientMetadata: {driver: {name: PyMongo  version: 3.13.0}  os: {type: Darwin  name: Darwin  architecture: x86_64  version: 12.6.3}  platform: CPython 3.10.9.final.0}  active: True  currentOpTime: 2023-03-10T16:57:03.321+05:30  threaded: True  opid: 198403  secs_running: 0  microsecs_running: 4519  op: command  ns: admin.$cmd  command: {hello: 1  topologyVersion: {processId: ObjectId(640add84c7abee3448907d48)  counter: 6}  maxAwaitTimeMS: 10000  $clusterTime: {clusterTime: Timestamp(1678447622  1)  signature: {hash: b\\x00\\x00\\x00\\x00\\x00\\x00\\x00\\x00\\x00\\x00\\x00\\x00\\x00\\x00\\x00\\x00\\x00\\x00\\x00\\x00  keyId: 0}}  $db: admin  $readPreference: {mode: primary}}  numYields: 0  locks: {}  waitingForLock: False  lockStats: {}  waitingForFlowControl: False  flowControlStats: {}}  {type: op  host: AMAC02FT109MD6N:27017  desc: conn228  connectionId: 228  client: 127.0.0.1:56603  clientMetadata: {driver: {name: PyMongo  version: 3.13.0}  os: {type: Darwin  name: Darwin  architecture: x86_64  version: 12.6.3}  platform: CPython 3.10.9.final.0}  active: True  currentOpTime: 2023-03-10T16:57:03.321+05:30  threaded: True  opid: 198406  secs_running: 0  microsecs_running: 3849  op: command  ns: admin.$cmd  command: {hello: 1  topologyVersion: {processId: ObjectId(640add84c7abee3448907d48)  counter: 6}  maxAwaitTimeMS: 10000  $clusterTime: {clusterTime: Timestamp(1678447622  1)  signature: {hash: b\\x00\\x00\\x00\\x00\\x00\\x00\\x00\\x00\\x00\\x00\\x00\\x00\\x00\\x00\\x00\\x00\\x00\\x00\\x00\\x00  keyId: 0}}  $db: admin  $readPreference: {mode: primary}}  numYields: 0  locks: {}  waitingForLock: False  lockStats: {}  waitingForFlowControl: False  flowControlStats: {}}  {type: op  host: AMAC02FT109MD6N:27017  desc: JournalFlusher  active: True  currentOpTime: 2023-03-10T16:57:03.321+05:30  opid: 198399  op: none  ns:   command: {}  numYields: 0  locks: {}  waitingForLock: False  lockStats: {}  waitingForFlowControl: False  flowControlStats: {}}]",
          "ok": 1,
          "$clusterTime": "{clusterTime: Timestamp(1678447622  1)  signature: {hash: b\\x00\\x00\\x00\\x00\\x00\\x00\\x00\\x00\\x00\\x00\\x00\\x00\\x00\\x00\\x00\\x00\\x00\\x00\\x00\\x00  keyId: 0}}",
          "operationTime": "Timestamp(1678447622  1)"
        }
      ]
    }
  ],
  "_id": {
    "$oid": "640eb86fc10406f8a9076144"
  }
}