{
  "ts": {
    "$date": {
      "$numberLong": "1680522780000"
    }
  },
  "source": {
    "env": "prod",
    "region": "eastus",
    "service_provider": "Azure"
  },
  "_id": {
    "$oid": "642acbaa6328a00db8709563"
  },
  "servers": [
    {
      "server_name": "pe-dm-sql",
      "client_machines": "2",
      "maximum_connections": "32767",
      "login_attempts": "2306",
      "databases": [
        {
          "database_name": "db-connector_hyperscale_testing",
          "allocated_data_storage": 10737418240,
          "app_cpu_billed": 182.334,
          "app_cpu_percent": 0.031,
          "app_memory_percent": 16.518,
          "blocked_by_firewall": 0,
          "connection_failed": 0,
          "connection_successful": 1,
          "cpu_limit": 2,
          "cpu_percent": 0.05,
          "cpu_used": 0.001,
          "deadlock": 0,
          "log_write_percent": 0,
          "sessions_percent": 0,
          "sqlserver_process_core_percent": 0.5,
          "sqlserver_process_memory_percent": 16.569,
          "tempdb_data_size": 11008,
          "tempdb_log_used_percent": 0,
          "workers_percent": 0.05,
          "xtp_storage_percent": 0,
          "physical_data_read_percent": 0,
          "tempdb_log_size": 4480,
          "cpu_utilization_time": "48273",
          "cpu_utilization_percentage": "9.31",
          "db_buffer_memory_utilization_MB": "20",
          "db_buffer_memory_utilization_percent": "48.011",
          "queries": [
            {
              "object_id": "55",
              "query_text": "SELECT  cast(SERVERPROPERTY(ServerName) AS NVARCHAR(4000)) AS server_name   d.database_id   d.name AS sqldatabasesname   DATEADD(MINUTE  - 5  GETUTCDATE()) AS metric_datetime   t.[text] AS query_text   s.session_id   s.request_id   s.start_time   s.status   s.user_id   s.connection_id   s.blocking_session_id   s.wait_type    s.wait_time   s.last_wait_type   s.wait_resource   s.open_transaction_count   s.open_resultset_count   s.transaction_id    s.estimated_completion_time   s.total_elapsed_time   s.lock_timeout   s.row_count   s.is_resumable   FROM  sys.dm_exec_requests s LEFT JOIN sys.databases d       ON  d.database_id = s.database_id CROSS APPLY sys.dm_exec_sql_text (s.sql_handle) t WHERE  start_time BETWEEN DATEADD(MINUTE  - 5  GETUTCDATE())       AND GETUTCDATE() ORDER BY  start_time DESC",
              "plan_object_id": "55",
              "session_id": "56",
              "request_id": "0",
              "start_time": "21:26.7",
              "STATUS": "running",
              "user_id": "1",
              "connection_id": "5CF0EE59-8941-4101-A22E-22D407DF8DDB",
              "blocking_session_id": "123",
              "wait_time": "458",
              "wait_type": "PAGELATCH_",
              "last_wait_type": "RESERVED_MEMORY_ALLOCATION_EXT",
              "open_transaction_count": "0",
              "open_resultset_count": "1",
              "transaction_id": "1692357",
              "estimated_completion_time": "0",
              "total_elapsed_time": "29",
              "cpu_time": "29",
              "LOCK_TIMEOUT": "-1",
              "row_count": "1",
              "is_resumable": "0",
              "is_query_blocked": true,
              "query_unresponsive_status": true,
              "latch_contention_objects": [
                {
                  "wait_type": "PAGELATCH_",
                  "wait_duration_ms": "54",
                  "index_name": "PK__products__47027DF5D361D6B6",
                  "object_id": "47027DF5D361D6B6",
                  "object_name": "product_name",
                  "schema_name": "products",
                  "session_id": "products"
                }
              ]
            }
          ],
          "waits": [
            {
              "object_id": "663673412",
              "table_name": "products",
              "index_name": "PK__products__47027DF5D361D6B6",
              "index_id": "1",
              "partition_number": "1",
              "total_row_lock_waits": "86",
              "total_row_lock_wait_in_ms": "53643",
              "total_page_lock_waits": "43",
              "total_page_lock_wait_in_ms": "496",
              "total_lock_wait_in_ms": "2543523",
              "total_page_latch_wait_in_ms": "6455",
              "total_page_io_latch_wait_in_ms": "4564",
              "total_latch_wait_in_ms": "124325"
            },
            {
              "object_id": "663673412",
              "table_name": "brands",
              "index_name": "PK__products__47027DF5D361D6B6",
              "index_id": "1",
              "partition_number": "1",
              "total_row_lock_waits": "86",
              "total_row_lock_wait_in_ms": "53643",
              "total_page_lock_waits": "43",
              "total_page_lock_wait_in_ms": "496",
              "total_lock_wait_in_ms": "2543523",
              "total_page_latch_wait_in_ms": "6455",
              "total_page_io_latch_wait_in_ms": "4564",
              "total_latch_wait_in_ms": "124325"
            }
          ]
        },
        {
          "database_name": "db-connector_hyperscale_testing2",
          "allocated_data_storage": 10737418240,
          "app_cpu_billed": 182.334,
          "app_cpu_percent": 0.031,
          "app_memory_percent": 16.518,
          "blocked_by_firewall": 0,
          "connection_failed": 0,
          "connection_successful": 1,
          "cpu_limit": 2,
          "cpu_percent": 0.05,
          "cpu_used": 0.001,
          "deadlock": 0,
          "log_write_percent": 0,
          "sessions_percent": 0,
          "sqlserver_process_core_percent": 0.5,
          "sqlserver_process_memory_percent": 16.569,
          "tempdb_data_size": 11008,
          "tempdb_log_used_percent": 0,
          "workers_percent": 0.05,
          "xtp_storage_percent": 0,
          "physical_data_read_percent": 0,
          "tempdb_log_size": 4480,
          "cpu_utilization_time": "48273",
          "cpu_utilization_percentage": "9.31",
          "db_buffer_memory_utilization_MB": "20",
          "db_buffer_memory_utilization_percent": "48.011",
          "queries": [
            {
              "object_id": "55",
              "query_text": "SELECT  cast(SERVERPROPERTY(ServerName) AS NVARCHAR(4000)) AS server_name   d.database_id   d.name AS sqldatabasesname   DATEADD(MINUTE  - 5  GETUTCDATE()) AS metric_datetime   t.[text] AS query_text   s.session_id   s.request_id   s.start_time   s.status   s.user_id   s.connection_id   s.blocking_session_id   s.wait_type    s.wait_time   s.last_wait_type   s.wait_resource   s.open_transaction_count   s.open_resultset_count   s.transaction_id    s.estimated_completion_time   s.total_elapsed_time   s.lock_timeout   s.row_count   s.is_resumable   FROM  sys.dm_exec_requests s LEFT JOIN sys.databases d       ON  d.database_id = s.database_id CROSS APPLY sys.dm_exec_sql_text (s.sql_handle) t WHERE  start_time BETWEEN DATEADD(MINUTE  - 5  GETUTCDATE())       AND GETUTCDATE() ORDER BY  start_time DESC",
              "plan_object_id": "55",
              "session_id": "56",
              "request_id": "0",
              "start_time": "21:26.7",
              "STATUS": "running",
              "user_id": "1",
              "connection_id": "5CF0EE59-8941-4101-A22E-22D407DF8DDB",
              "blocking_session_id": "0",
              "wait_time": "LCK_",
              "last_wait_type": "RESERVED_MEMORY_ALLOCATION_EXT",
              "open_transaction_count": "0",
              "open_resultset_count": "1",
              "transaction_id": "1692357",
              "estimated_completion_time": "0",
              "total_elapsed_time": "29",
              "LOCK_TIMEOUT": "-1",
              "row_count": "1",
              "is_resumable": "0",
              "is_query_blocked": true,
              "active_locks": {
                "resource_database_id": "",
                "resource_associated_entity_id": "",
                "resource_type": "",
                "request_mode": "",
                "request_type": "",
                "request_status": "",
                "request_reference_count": "",
                "request_session_id": "",
                "request_request_id": "",
                "request_owner_id": "",
                "lock_owner_address": "",
                "blocking_session_id": ""
              }
            }
          ],
          "waits": [
            {
              "object_id": "663673412",
              "table_name": "products",
              "index_name": "PK__products__47027DF5D361D6B6",
              "index_id": "1",
              "partition_number": "1",
              "total_row_lock_waits": "86",
              "total_row_lock_wait_in_ms": "53643",
              "total_page_lock_waits": "43",
              "total_page_lock_wait_in_ms": "496",
              "total_lock_wait_in_ms": "2543523",
              "total_page_latch_wait_in_ms": "6455",
              "total_page_io_latch_wait_in_ms": "4564",
              "total_latch_wait_in_ms": "124325"
            },
            {
              "object_id": "663673412",
              "table_name": "brands",
              "index_name": "PK__products__47027DF5D361D6B6",
              "index_id": "1",
              "partition_number": "1",
              "total_row_lock_waits": "86",
              "total_row_lock_wait_in_ms": "53643",
              "total_page_lock_waits": "43",
              "total_page_lock_wait_in_ms": "496",
              "total_lock_wait_in_ms": "2543523",
              "total_page_latch_wait_in_ms": "6455",
              "total_page_io_latch_wait_in_ms": "4564",
              "total_latch_wait_in_ms": "124325"
            }
          ]
        }
      ]
    }
  ]
}