{

    "ts": {

        "$date": {

            "$numberLong": "1673329200000"

        }

    },

    "instances": [{

        "instance_name": "orchestrai",

        "instance_created_unique_id": "f51a2e681edf323ce85bf5c839ad876427071ad72f870b801df122b2",

        "start_time": "2023-01-10 05:40:00+00:00",

        "end_time": "2023-01-10 05:45:00+00:00",

        "CPUUtilization": "12.38",

        "DatabaseConnections": "0.0",

        "EngineUptime": "528365.0",

        "FreeableMemory": "6457355373.23",

        "MaximumUsedTransactionIDs": "13035569.0",

        "NetworkThroughput": "89212.21",

        "NetworkReceiveThroughput": "8712.71",

        "NetworkTransmitThroughput": "80499.5",

        "ReadIOPS": "0.0",

        "ReadThroughput": "0.0",

        "StorageNetworkReceiveThroughput": "10438.44",

        "StorageNetworkThroughput": "81207.0",

        "StorageNetworkTransmitThroughput": "74818.0",

        "SwapUsage": "267436032.0",

        "WriteIOPS": "3.24",

        "WriteThroughput": "672.78",

        "ServerlessDatabaseCapacity": "1.0",

        "CommitThroughput": "3.99",

        "db.Cache.blks_hit.avg": "132.23",

        "db.Cache.buffers_alloc.avg": "0.0",

        "db.Checkpoint.buffers_checkpoint.avg": "0.0",

        "db.Checkpoint.checkpoint_sync_time.avg": "1.0",

        "db.Checkpoint.checkpoint_write_time.avg": "369.0",

        "db.Checkpoint.checkpoints_req.avg": "0.0",

        "db.Checkpoint.checkpoints_timed.avg": "1.0",

        "db.Checkpoint.maxwritten_clean.avg": "0.0",

        "db.Checkpoint.checkpoint_sync_latency.avg": "1.0",

        "db.Checkpoint.checkpoint_write_latency.avg": "369.0",

        "db.Concurrency.deadlocks.avg": "0.0",

        "db.IO.blk_read_time.avg": "0.0",

        "db.IO.blks_read.avg": "0.0",

        "db.IO.buffers_backend.avg": "0.0",

        "db.IO.buffers_backend_fsync.avg": "0.0",

        "db.IO.buffers_clean.avg": "0.0",

        "db.IO.read_latency.avg": "0.0",

        "db.SQL.tup_deleted.avg": "0.0",

        "db.SQL.tup_fetched.avg": "15.83",

        "db.SQL.tup_inserted.avg": "0.0",

        "db.SQL.tup_returned.avg": "3335.82",

        "db.SQL.tup_updated.avg": "1.55",

        "db.state.active_count.avg": "0.0",

        "db.state.idle_count.avg": "0.0",

        "db.state.idle_in_transaction_count.avg": "0.0",

        "db.state.idle_in_transaction_aborted_count.avg": "0.0",

        "db.state.idle_in_transaction_max_time.avg": "0.0",

        "db.Temp.temp_bytes.avg": "0.0",

        "db.Temp.temp_files.avg": "0.0",

        "db.Transactions.active_transactions.avg": "0.0",

        "db.Transactions.blocked_transactions.avg": "0.0",

        "db.Transactions.max_used_xact_ids.avg": "13035402.4",

        "db.Transactions.xact_commit.avg": "3.93",

        "db.Transactions.xact_rollback.avg": "0.04",

        "db.User.numbackends.avg": "5.0",

        "db.WAL.archived_count.avg": "0.0",

        "db.WAL.archived_failed_count.avg": "0.0",

        "os.cpuUtilization.guest.avg": "0.0",

        "os.cpuUtilization.idle.avg": "73.0",

        "os.cpuUtilization.irq.avg": "0.2",

        "os.cpuUtilization.nice.avg": "0.4",

        "os.cpuUtilization.steal.avg": "0.08",

        "os.cpuUtilization.system.avg": "12.12",

        "os.cpuUtilization.total.avg": "27.04",

        "os.cpuUtilization.user.avg": "13.84",

        "os.cpuUtilization.wait.avg": "0.4",

        "os.diskIO.avgQueueLen.avg": "0.0",

        "os.diskIO.avgReqSz.avg": "0.0",

        "os.diskIO.await.avg": "0.0",

        "os.diskIO.readIOsPS.avg": "0.0",

        "os.diskIO.readKb.avg": "0.0",

        "os.diskIO.readKbPS.avg": "0.0",

        "os.diskIO.rrqmPS.avg": "0.0",

        "os.diskIO.tps.avg": "0.0",

        "os.diskIO.util.avg": "0.0",

        "os.diskIO.writeIOsPS.avg": "3.25",

        "os.diskIO.writeKb.avg": "0.0",

        "os.diskIO.writeKbPS.avg": "0.0",

        "os.diskIO.wrqmPS.avg": "0.0",

        "os.fileSys.maxFiles.avg": "80478208.0",

        "os.fileSys.total.avg": "1267228412.0",

        "os.fileSys.used.avg": "719766.4",

        "os.fileSys.usedFilePercent.avg": "0.0",

        "os.fileSys.usedFiles.avg": "2190.0",

        "os.fileSys.usedPercent.avg": "0.06",

        "os.general.numVCPUs.avg": "1.0",

        "os.loadAverageMinute.fifteen.avg": "1.0",

        "os.loadAverageMinute.five.avg": "0.79",

        "os.loadAverageMinute.one.avg": "0.81",

        "os.memory.active.avg": "246607.2",

        "os.memory.buffers.avg": "46660.0",

        "os.memory.cached.avg": "313048.0",

        "os.memory.dirty.avg": "2974.4",

        "os.memory.free.avg": "6182312.0",

        "os.memory.hugePagesFree.avg": "15.0",

        "os.memory.hugePagesRsvd.avg": "7.0",

        "os.memory.hugePagesSize.avg": "2048.0",

        "os.memory.hugePagesSurp.avg": "0.0",

        "os.memory.hugePagesTotal.avg": "236.0",

        "os.memory.inactive.avg": "676588.0",

        "os.memory.mapped.avg": "88184.8",

        "os.memory.pageTables.avg": "9908.8",

        "os.memory.slab.avg": "94240.8",

        "os.memory.total.avg": "7870464.0",

        "os.memory.writeback.avg": "0.0",

        "os.network.rx.avg": "3608.36",

        "os.network.tx.avg": "30076.95",

        "os.swap.cached.avg": "120207.2",

        "os.swap.free.avg": "10100651.2",

        "os.swap.total.avg": "10481660.0",

        "os.swap.in.avg": "1.68",

        "os.swap.out.avg": "2.29",

        "os.tasks.blocked.avg": "0.0",

        "os.tasks.running.avg": "0.0",

        "os.tasks.sleeping.avg": "356.0",

        "os.tasks.stopped.avg": "0.0",

        "os.tasks.total.avg": "356.0",

        "os.tasks.zombie.avg": "0.0",

        "conn_used": "13",

        "res_for_super": "3",

        "conn_count": [{

            "datid": 14360,

            "datname": "postgres",

            "count": "1"

        }, {

            "datid": 16384,

            "datname": "rdsadmin",

            "count": "5"

        }],

        "pg_stat_database": [{

            "relid": 0,

            "xact_rollback": "0",

            "conflicts": "0",

            "deadlocks": "0",

            "hit_ratio": "0.0",

            "temp_bytes": "0",

            "temp_files": "0"

        }, {

            "relid": 16384,

            "datname": "rdsadmin",

            "xact_rollback": "17613",

            "conflicts": "0",

            "deadlocks": "0",

            "hit_ratio": "0.0",

            "temp_bytes": "0",

            "temp_files": "0"

        }, {

            "relid": 1,

            "datname": "template1",

            "xact_rollback": "0",

            "conflicts": "0",

            "deadlocks": "0",

            "temp_bytes": "0",

            "temp_files": "0"

        }, {

            "relid": 14359,

            "datname": "template0",

            "xact_rollback": "0",

            "conflicts": "0",

            "deadlocks": "0",

            "temp_bytes": "0",

            "temp_files": "0"

        }, {

            "relid": 14360,

            "datname": "postgres",

            "xact_rollback": "4449",

            "conflicts": "0",

            "deadlocks": "0",

            "hit_ratio": "0.0",

            "temp_bytes": "0",

            "temp_files": "0"

        }, {

            "relid": 16440,

            "datname": "orchestraidev",

            "xact_rollback": "0",

            "conflicts": "0",

            "deadlocks": "0",

            "temp_bytes": "0",

            "temp_files": "0"

        }],

        "queries": [{

            "pid": 29599,

            "query_total_time": "0.22",

            "query_state": "active"

        }]

    }],

    "source": {

        "region": "eu-north-1",

        "env": "prod",

        "service_provider": "AWS"

    },

    "_id": {

        "$oid": "63bcfbb0a4442e587e4802b7"

    }

}