{
  "nodes": [
    {"name": "glue.slowness", "id": "gluejob1.slowness", "group": 1},
	{"name": "g.exec.cpu", "id": "glue.executorId.system.cpuSystemLoad", "group": 1},
	{"name": "g.driver.time", "id": "glue.driver.aggregate.elapsedTime", "group": 1},
	{"name": "g.all.cpu", "id": "glue.ALL.system.cpuSystemLoad", "group": 1},	
	{"name": "g.bytesRead", "id": "glue.driver.aggregate.bytesRead", "group": 1},
	{"name": "g.#failedTasks", "id": "glue.driver.aggregate.numFailedTasks", "group": 1},
	{"name": "g.recordsRead", "id": "glue.driver.aggregate.recordsRead", "group": 1},
	{"name": "g.shuffledBWrt", "id": "glue.driver.aggregate.shuffleBytesWritten", "group": 1},
	{"name": "g.shuffleBRead", "id": "glue.driver.aggregate.shuffleLocalBytesRead", "group": 1},
	{"name": "g.driver.jvmHeap", "id": "glue.driver.jvm.heap.usage", "group": 1},
	{"name": "g.all.jvmHeap", "id": "glue.ALL.jvm.heap.usage", "group": 1},
	{"name": "g.s3.bRead", "id": "glue.driver.s3.filesystem.read_bytes", "group": 1},
	{"name": "g.s3.bWrite", "id": "glue.ALL.s3.filesystem.write_bytes", "group": 1},	
	{"name": "s3.slowness", "id": "s3.slowness", "group": 2},
	{"name": "s3.requests", "id": "s3.GetRequests", "group": 2},
	{"name": "s3.4xx", "id": "s3.4xxErrors", "group": 2},
	{"name": "s3.#latency", "id": "s3.TotalRequestLatency", "group": 2},
	{"name": "sg.failed", "id": "sagemakerPipeline1.failed", "group": 3},
	{"name": "sg.loadTime", "id": "sagemaker.ModelLoadingTime", "group": 3},
	{"name": "sg.duration", "id": "sagemaker.StepDuration", "group": 3},  
	{"name": "lambda.slowness", "id": "lambda.slowness", "group": 4},
	{"name": "l.executions", "id": "lambda.ConcurrentExecutions", "group": 4},
	{"name": "l.duration", "id": "lambda.Duration", "group": 4},
	{"name": "l.concurrencyUtil", "id": "lambda.ProvisionedConcurrencyUtilization", "group": 4}
  ],
  "links": [    
    {"source": "gluejob1.slowness", "target": "glue.executorId.system.cpuSystemLoad", "value": 0.1},
    {"source": "gluejob1.slowness", "target": "glue.driver.aggregate.elapsedTime", "value": 0.2},
    {"source": "gluejob1.slowness", "target": "glue.ALL.system.cpuSystemLoad", "value": 0.3},
    {"source": "gluejob1.slowness", "target": "s3.slowness", "value": 0.9},
    {"source": "gluejob1.slowness", "target": "sagemakerPipeline1.failed", "value": 0.9},
	{"source": "s3.slowness", "target": "sagemakerPipeline1.failed", "value": 0.9},
	{"source": "lambda.slowness", "target": "s3.slowness", "value": 0.7},
	{"source": "lambda.slowness", "target": "sagemakerPipeline1.failed", "value": 0.7},
	{"source": "lambda.slowness", "target": "gluejob1.slowness", "value": 0.7},
    {"source": "s3.slowness", "target": "s3.GetRequests", "value": 0.3},
    {"source": "s3.slowness", "target": "s3.4xxErrors", "value": 0.4},
    {"source": "s3.slowness", "target": "s3.TotalRequestLatency", "value": 0.5},
    {"source": "sagemakerPipeline1.failed", "target": "sagemaker.ModelLoadingTime", "value": 0.3},
    {"source": "sagemakerPipeline1.failed", "target": "sagemaker.StepDuration", "value": 0.4},
	{"source": "glue.driver.aggregate.bytesRead", "target": "gluejob1.slowness", "value": 0.1},
	{"source": "glue.driver.aggregate.numFailedTasks", "target": "gluejob1.slowness", "value": 0.1},
	{"source": "glue.driver.aggregate.recordsRead", "target": "gluejob1.slowness", "value": 0.1},
	{"source": "glue.driver.aggregate.shuffleBytesWritten", "target": "gluejob1.slowness", "value": 0.1},
	{"source": "glue.driver.aggregate.shuffleLocalBytesRead", "target": "gluejob1.slowness", "value": 0.1},
	{"source": "glue.driver.jvm.heap.usage", "target": "gluejob1.slowness", "value": 0.1},
	{"source": "glue.ALL.jvm.heap.usage", "target": "gluejob1.slowness", "value": 0.1},
	{"source": "glue.driver.s3.filesystem.read_bytes", "target": "gluejob1.slowness", "value": 0.1},
	{"source": "glue.ALL.s3.filesystem.write_bytes", "target": "gluejob1.slowness", "value": 0.1},
	{"source": "lambda.Duration", "target": "lambda.slowness", "value": 0.1},
	{"source": "lambda.ConcurrentExecutions", "target": "lambda.slowness", "value": 0.1},
	{"source": "lambda.ProvisionedConcurrencyUtilization", "target": "lambda.slowness", "value": 0.1}
  ]
}  