{
    "ts": "2022-09-14 09:00",
    "source": {
      "env": "prod",
      "region": "us-east-1",
      "service_provider": "AWS"
    },
    "clusters": [
      {
        "redshift-cluster-name": "shiueccpaired05",
        "start_time": "2023-02-20 09:00:00+00:00",
        "end_time": "2023-02-20 09:05:00+00:00",
        "DatabaseConnections": 20.0,
        "WLMQueueWaitTime": 16405,
        "WLMQueryDuration": 3848148,
        "WLMRunningQueries": 2.0,
        "NetworkTransmitThroughput": 174362495.54417583,
        "QueryDuration": 12045864.375,
        "QueryRuntimeBreakdown": 204040.0,
        "TotalTableCount": 4180.0,
        "ReadIOPS": 3858.4082584082585,
        "ReadLatency": 0.0007993849234730367,
        "Databases": [
          {
            "db_name": "dev",
            "queries":[
                {
                    "query_id": 1289624,
                    "querytext": "select node_num value from stv_fdisk_stats where name=blocks_allocated_total",
                    "min_run_in_ms": 12.0,
                    "max_run_in_ms": 12.0,
                    "avg_run_in_ms": 12.0,
                    "total_run_in_ms": 12.0,
                    "user_name": "rdsdb",
                    "last_run": "2023-02-22 06:44:50.999700",
                    "aborted": 0.0,
                    "starttime": "2023-02-22 06:44:50.999700",
                    "userid": 1.0,
                    "total_wlm_queue_time_ms": 0.0,
                    "total_wlm_exec_time_ms": 11.0
                }, {
                    "query_id": 1289626,
                    "querytext": "select * from STV_FDISK_STATS where name = blocks_to_backup",
                    "min_run_in_ms": 12.0,
                    "max_run_in_ms": 12.0,
                    "avg_run_in_ms": 12.0,
                    "total_run_in_ms": 12.0,
                    "user_name": "rdsdb",
                    "last_run": "2023-02-22 06:44:58.438068",
                    "aborted": 0.0,
                    "starttime": "2023-02-22 06:44:58.438068",
                    "userid": 1.0,
                    "total_wlm_queue_time_ms": 0.0,
                    "total_wlm_exec_time_ms": 11.0
                }, {
                    "query_id": 1289627,
                    "querytext": "Select * from pg_internal.redshift_auto_health_check_13644293",
                    "min_run_in_ms": 5.0,
                    "max_run_in_ms": 5.0,
                    "avg_run_in_ms": 5.0,
                    "total_run_in_ms": 5.0,
                    "user_name": "rdsdb",
                    "last_run": "2023-02-22 06:45:05.086174",
                    "aborted": 0.0,
                    "starttime": "2023-02-22 06:45:05.086174",
                    "userid": 1.0,
                    "total_wlm_queue_time_ms": 0.0,
                    "total_wlm_exec_time_ms": 4.0
                }
            ]
            
          }
    ]
  }
   