{
  "service_provider": "",
  "env_name": null,
  "account_id": "",
  "start_time": "None",
  "end_time": "None",
  "metrics": {
    "dimension": [
      "instance_name",
      "page_id"
    ],
    "metric_name": [
      "instance_name",
      "URL",
      "unique_run_id",
      "application_number_of_user_sessions_current",
      "application_number_of_user_sessions_max",
      "application_number_of_user_sessions_min",
      "base_classloader_loadedClasses_count",
      "base_classloader_loadedClasses_total",
      "base_classloader_unloadedClasses_total",
      "base_cpu_availableProcessors",
      "base_cpu_processCpuLoad",
      "base_cpu_processCpuTime_seconds",
      "base_cpu_systemLoadAverage",
      "base_gc_time_total_seconds_name_ps_marksweep1",
      "base_gc_time_total_seconds_name_ps_scavenge1",
      "base_gc_total_name_ps_marksweep1",
      "base_gc_total_name_ps_scavenge1",
      "base_jvm_uptime_seconds",
      "base_memory_committedHeap_bytes",
      "base_memory_committedNonHeap_bytes",
      "base_memory_maxHeap_bytes",
      "base_memory_maxNonHeap_bytes",
      "base_memory_usedHeap_bytes",
      "base_memory_usedNonHeap_bytes",
      "base_thread_count",
      "base_thread_daemon_count",
      "base_thread_max_count",
      "vendor_BufferPool_used_memory_direct_bytes",
      "vendor_BufferPool_used_memory_mapped_bytes",
      "vendor_memoryPool_Code_Cache_usage_bytes",
      "vendor_memoryPool_Code_Cache_usage_max_bytes",
      "vendor_memoryPool_Compressed_Class_Space_usage_bytes",
      "vendor_memoryPool_Compressed_Class_Space_usage_max_bytes",
      "vendor_memoryPool_Metaspace_usage_bytes",
      "vendor_memoryPool_Metaspace_usage_max_bytes",
      "vendor_memoryPool_PS_Eden_Space_usage_bytes",
      "vendor_memoryPool_PS_Eden_Space_usage_max_bytes",
      "vendor_memoryPool_PS_Old_Gen_usage_bytes",
      "vendor_memoryPool_PS_Old_Gen_usage_max_bytes",
      "vendor_memoryPool_PS_Survivor_Space_usage_bytes",
      "vendor_memoryPool_PS_Survivor_Space_usage_max_bytes",
      "page_id",
      "page_id_ascii",
      "application_page_exit_time_rate_per_second",
      "application_page_exit_time_one_min_rate_per_second",
      "application_page_exit_time_five_min_rate_per_second",
      "application_page_exit_time_fifteen_min_rate_per_second",
      "application_page_exit_time_min_seconds",
      "application_page_exit_time_max_seconds",
      "application_page_exit_time_mean_seconds",
      "application_page_exit_time_stddev_seconds",
      "application_page_exit_time_seconds_count",
      "application_page_exit_time_seconds_quantile_500",
      "application_page_exit_time_seconds_quantile_750",
      "application_page_exit_time_seconds_quantile_950",
      "application_page_exit_time_seconds_quantile_980",
      "application_page_exit_time_seconds_quantile_990",
      "application_page_exit_time_seconds_quantile_999",
      "application_page_load_time_rate_per_second",
      "application_page_load_time_one_min_rate_per_second",
      "application_page_load_time_five_min_rate_per_second",
      "application_page_load_time_fifteen_min_rate_per_second",
      "application_page_load_time_min_seconds",
      "application_page_load_time_max_seconds",
      "application_page_load_time_mean_seconds",
      "application_page_load_time_stddev_seconds",
      "application_page_load_time_seconds_count",
      "application_page_load_time_seconds_quantile_500",
      "application_page_load_time_seconds_quantile_750",
      "application_page_load_time_seconds_quantile_950",
      "application_page_load_time_seconds_quantile_980",
      "application_page_load_time_seconds_quantile_990",
      "application_page_load_time_seconds_quantile_999"
    ]
  },
  "metric_records": [
    {
      "timestamp": "2023-05-16 11:58:00",
      "metric_value": [
        "Local_12_3_5",
        "http://localhost:9990/metrics",
        "1364706429",
        "0.0",
        "1.0",
        "0.0",
        "34748.0",
        "34859.0",
        "111.0",
        "12.0",
        "0.0002789303768916309",
        "497.671875",
        "-1.0",
        "1.34",
        "1.524",
        "5.0",
        "76.0",
        "95578.914",
        "777519104.0",
        "292749312.0",
        "1908932608.0",
        "-1.0",
        "508852752.0",
        "272956576.0",
        "147.0",
        "35.0",
        "273.0",
        "3414309.0",
        "0.0",
        "54149120.0",
        "54163712.0",
        "23799032.0",
        "23799032.0",
        "195008424.0",
        "195008424.0",
        "90224688.0",
        "504889344.0",
        "417850768.0",
        "417850768.0",
        "933904.0",
        "108506744.0",
        "formulaPage",
        "102111114109117108978097103101",
        "2.0964862898040945e-05",
        "2.964393875e-314",
        "1.4184091258138314e-127",
        "3.897745270298723e-45",
        "0.0",
        "0.0",
        "0.0",
        "0.0",
        "2.0",
        "0.0",
        "0.0",
        "0.0",
        "0.0",
        "0.0",
        "0.0",
        "4.192837809830271e-05",
        "2.964393875e-314",
        "2.8372122632896304e-127",
        "7.777553200889422e-45",
        "0.0",
        "0.0",
        "0.0",
        "0.0",
        "4.0",
        "0.0",
        "0.0",
        "0.0",
        "0.0",
        "0.0",
        "0.0"
      ]
    },
    {
      "timestamp": "2023-05-16 11:58:00",
      "metric_value": [
        "Local_12_3_5",
        "http://localhost:9990/metrics",
        "1364706429",
        "0.0",
        "1.0",
        "0.0",
        "34748.0",
        "34859.0",
        "111.0",
        "12.0",
        "0.0002789303768916309",
        "497.671875",
        "-1.0",
        "1.34",
        "1.524",
        "5.0",
        "76.0",
        "95578.914",
        "777519104.0",
        "292749312.0",
        "1908932608.0",
        "-1.0",
        "508852752.0",
        "272956576.0",
        "147.0",
        "35.0",
        "273.0",
        "3414309.0",
        "0.0",
        "54149120.0",
        "54163712.0",
        "23799032.0",
        "23799032.0",
        "195008424.0",
        "195008424.0",
        "90224688.0",
        "504889344.0",
        "417850768.0",
        "417850768.0",
        "933904.0",
        "108506744.0",
        "python_page",
        "1121211161041111109511297103101",
        "3.201937135087243e-05",
        "2.964393875e-314",
        "1.4422473786880466e-127",
        "4.025388331144557e-45",
        "0.0",
        "0.0",
        "0.0",
        "0.0",
        "3.0",
        "0.0",
        "0.0",
        "0.0",
        "0.0",
        "0.0",
        "0.0",
        "2.0965308014545564e-05",
        "2.964393875e-314",
        "1.4184091258138314e-127",
        "3.897745270298723e-45",
        "0.0",
        "0.0",
        "0.0",
        "0.0",
        "2.0",
        "0.0",
        "0.0",
        "0.0",
        "0.0",
        "0.0",
        "0.0"
      ]
    },
    {
      "timestamp": "2023-05-16 11:58:00",
      "metric_value": [
        "Local_12_3_5_inst_2",
        "http://localhost:9990/metrics",
        "3305974803",
        "0.0",
        "1.0",
        "0.0",
        "34748.0",
        "34859.0",
        "111.0",
        "12.0",
        "0.006836782739996125",
        "497.859375",
        "-1.0",
        "1.34",
        "1.524",
        "5.0",
        "76.0",
        "95581.187",
        "777519104.0",
        "292814848.0",
        "1908932608.0",
        "-1.0",
        "509922600.0",
        "272976008.0",
        "147.0",
        "35.0",
        "273.0",
        "3414310.0",
        "0.0",
        "54167040.0",
        "54167040.0",
        "23799032.0",
        "23799032.0",
        "195009936.0",
        "195009936.0",
        "91292456.0",
        "504889344.0",
        "417850768.0",
        "417850768.0",
        "933904.0",
        "108506744.0",
        "formulaPage",
        "102111114109117108978097103101",
        "2.0964320125930177e-05",
        "2.964393875e-314",
        "1.3949648850779784e-127",
        "3.876151169063073e-45",
        "0.0",
        "0.0",
        "0.0",
        "0.0",
        "2.0",
        "0.0",
        "0.0",
        "0.0",
        "0.0",
        "0.0",
        "0.0",
        "4.192730216081157e-05",
        "2.964393875e-314",
        "2.8372122632896304e-127",
        "7.777553200889422e-45",
        "0.0",
        "0.0",
        "0.0",
        "0.0",
        "4.0",
        "0.0",
        "0.0",
        "0.0",
        "0.0",
        "0.0",
        "0.0"
      ]
    },
    {
      "timestamp": "2023-05-16 11:58:00",
      "metric_value": [
        "Local_12_3_5_inst_2",
        "http://localhost:9990/metrics",
        "3305974803",
        "0.0",
        "1.0",
        "0.0",
        "34748.0",
        "34859.0",
        "111.0",
        "12.0",
        "0.006836782739996125",
        "497.859375",
        "-1.0",
        "1.34",
        "1.524",
        "5.0",
        "76.0",
        "95581.187",
        "777519104.0",
        "292814848.0",
        "1908932608.0",
        "-1.0",
        "509922600.0",
        "272976008.0",
        "147.0",
        "35.0",
        "273.0",
        "3414310.0",
        "0.0",
        "54167040.0",
        "54167040.0",
        "23799032.0",
        "23799032.0",
        "195009936.0",
        "195009936.0",
        "91292456.0",
        "504889344.0",
        "417850768.0",
        "417850768.0",
        "933904.0",
        "108506744.0",
        "python_page",
        "1121211161041111109511297103101",
        "3.201853394449404e-05",
        "2.964393875e-314",
        "1.41840912628875e-127",
        "4.003087067950701e-45",
        "0.0",
        "0.0",
        "0.0",
        "0.0",
        "3.0",
        "0.0",
        "0.0",
        "0.0",
        "0.0",
        "0.0",
        "0.0",
        "2.096477045307712e-05",
        "2.964393875e-314",
        "1.4184091258138314e-127",
        "3.897745270298723e-45",
        "0.0",
        "0.0",
        "0.0",
        "0.0",
        "2.0",
        "0.0",
        "0.0",
        "0.0",
        "0.0",
        "0.0",
        "0.0"
      ]
    }
  ]
}