{
  "_id": {
    "$oid": "64636fece3db96fb3fb61269"
  },
  "source": {
    "region": "N.A.",
    "env": "prod",
    "service_provider": "thirdparty"
  },
  "ts": {
    "$date": {
      "$numberLong": "1684238280000"
    }
  },
  "instances": [
    {
      "instance_name": "Local_12_3_5",
      "URL": "http://localhost:9990/metrics",
      "unique_run_id": 1364706429,
      "application_number_of_user_sessions_current": 0,
      "application_number_of_user_sessions_max": 1,
      "application_number_of_user_sessions_min": 0,
      "base_classloader_loadedClasses_count": 34748,
      "base_classloader_loadedClasses_total": 34859,
      "base_classloader_unloadedClasses_total": 111,
      "base_cpu_availableProcessors": 12,
      "base_cpu_processCpuLoad": 0.0002789303768916309,
      "base_cpu_processCpuTime_seconds": 497.671875,
      "base_cpu_systemLoadAverage": -1,
      "base_gc_time_total_seconds_name_ps_marksweep1": 1.34,
      "base_gc_time_total_seconds_name_ps_scavenge1": 1.524,
      "base_gc_total_name_ps_marksweep1": 5,
      "base_gc_total_name_ps_scavenge1": 76,
      "base_jvm_uptime_seconds": 95578.914,
      "base_memory_committedHeap_bytes": 777519104,
      "base_memory_committedNonHeap_bytes": 292749312,
      "base_memory_maxHeap_bytes": 1908932608,
      "base_memory_maxNonHeap_bytes": -1,
      "base_memory_usedHeap_bytes": 508852752,
      "base_memory_usedNonHeap_bytes": 272956576,
      "base_thread_count": 147,
      "base_thread_daemon_count": 35,
      "base_thread_max_count": 273,
      "vendor_BufferPool_used_memory_direct_bytes": 3414309,
      "vendor_BufferPool_used_memory_mapped_bytes": 0,
      "vendor_memoryPool_Code_Cache_usage_bytes": 54149120,
      "vendor_memoryPool_Code_Cache_usage_max_bytes": 54163712,
      "vendor_memoryPool_Compressed_Class_Space_usage_bytes": 23799032,
      "vendor_memoryPool_Compressed_Class_Space_usage_max_bytes": 23799032,
      "vendor_memoryPool_Metaspace_usage_bytes": 195008424,
      "vendor_memoryPool_Metaspace_usage_max_bytes": 195008424,
      "vendor_memoryPool_PS_Eden_Space_usage_bytes": 90224688,
      "vendor_memoryPool_PS_Eden_Space_usage_max_bytes": 504889344,
      "vendor_memoryPool_PS_Old_Gen_usage_bytes": 417850768,
      "vendor_memoryPool_PS_Old_Gen_usage_max_bytes": 417850768,
      "vendor_memoryPool_PS_Survivor_Space_usage_bytes": 933904,
      "vendor_memoryPool_PS_Survivor_Space_usage_max_bytes": 108506744,
      "pages": [
        {
          "page_id": "formulaPage",
          "page_id_ascii": "102111114109117108978097103101",
          "application_page_exit_time_rate_per_second": 0.000020964862898040945,
          "application_page_exit_time_one_min_rate_per_second": 2.964393875e-314,
          "application_page_exit_time_five_min_rate_per_second": 1.4184091258138314e-127,
          "application_page_exit_time_fifteen_min_rate_per_second": 3.897745270298723e-45,
          "application_page_exit_time_min_seconds": 0,
          "application_page_exit_time_max_seconds": 0,
          "application_page_exit_time_mean_seconds": 0,
          "application_page_exit_time_stddev_seconds": 0,
          "application_page_exit_time_seconds_count": 2,
          "application_page_exit_time_seconds_quantile_500": 0,
          "application_page_exit_time_seconds_quantile_750": 0,
          "application_page_exit_time_seconds_quantile_950": 0,
          "application_page_exit_time_seconds_quantile_980": 0,
          "application_page_exit_time_seconds_quantile_990": 0,
          "application_page_exit_time_seconds_quantile_999": 0,
          "application_page_load_time_rate_per_second": 0.00004192837809830271,
          "application_page_load_time_one_min_rate_per_second": 2.964393875e-314,
          "application_page_load_time_five_min_rate_per_second": 2.8372122632896304e-127,
          "application_page_load_time_fifteen_min_rate_per_second": 7.777553200889422e-45,
          "application_page_load_time_min_seconds": 0,
          "application_page_load_time_max_seconds": 0,
          "application_page_load_time_mean_seconds": 0,
          "application_page_load_time_stddev_seconds": 0,
          "application_page_load_time_seconds_count": 4,
          "application_page_load_time_seconds_quantile_500": 0,
          "application_page_load_time_seconds_quantile_750": 0,
          "application_page_load_time_seconds_quantile_950": 0,
          "application_page_load_time_seconds_quantile_980": 0,
          "application_page_load_time_seconds_quantile_990": 0,
          "application_page_load_time_seconds_quantile_999": 0
        },
        {
          "page_id": "python_page",
          "page_id_ascii": "1121211161041111109511297103101",
          "application_page_exit_time_rate_per_second": 0.00003201937135087243,
          "application_page_exit_time_one_min_rate_per_second": 2.964393875e-314,
          "application_page_exit_time_five_min_rate_per_second": 1.4422473786880466e-127,
          "application_page_exit_time_fifteen_min_rate_per_second": 4.025388331144557e-45,
          "application_page_exit_time_min_seconds": 0,
          "application_page_exit_time_max_seconds": 0,
          "application_page_exit_time_mean_seconds": 0,
          "application_page_exit_time_stddev_seconds": 0,
          "application_page_exit_time_seconds_count": 3,
          "application_page_exit_time_seconds_quantile_500": 0,
          "application_page_exit_time_seconds_quantile_750": 0,
          "application_page_exit_time_seconds_quantile_950": 0,
          "application_page_exit_time_seconds_quantile_980": 0,
          "application_page_exit_time_seconds_quantile_990": 0,
          "application_page_exit_time_seconds_quantile_999": 0,
          "application_page_load_time_rate_per_second": 0.000020965308014545564,
          "application_page_load_time_one_min_rate_per_second": 2.964393875e-314,
          "application_page_load_time_five_min_rate_per_second": 1.4184091258138314e-127,
          "application_page_load_time_fifteen_min_rate_per_second": 3.897745270298723e-45,
          "application_page_load_time_min_seconds": 0,
          "application_page_load_time_max_seconds": 0,
          "application_page_load_time_mean_seconds": 0,
          "application_page_load_time_stddev_seconds": 0,
          "application_page_load_time_seconds_count": 2,
          "application_page_load_time_seconds_quantile_500": 0,
          "application_page_load_time_seconds_quantile_750": 0,
          "application_page_load_time_seconds_quantile_950": 0,
          "application_page_load_time_seconds_quantile_980": 0,
          "application_page_load_time_seconds_quantile_990": 0,
          "application_page_load_time_seconds_quantile_999": 0
        }
      ]
    },
    {
      "instance_name": "Local_12_3_5_inst_2",
      "URL": "http://localhost:9990/metrics",
      "unique_run_id": {
        "$numberLong": "3305974803"
      },
      "application_number_of_user_sessions_current": 0,
      "application_number_of_user_sessions_max": 1,
      "application_number_of_user_sessions_min": 0,
      "base_classloader_loadedClasses_count": 34748,
      "base_classloader_loadedClasses_total": 34859,
      "base_classloader_unloadedClasses_total": 111,
      "base_cpu_availableProcessors": 12,
      "base_cpu_processCpuLoad": 0.006836782739996125,
      "base_cpu_processCpuTime_seconds": 497.859375,
      "base_cpu_systemLoadAverage": -1,
      "base_gc_time_total_seconds_name_ps_marksweep1": 1.34,
      "base_gc_time_total_seconds_name_ps_scavenge1": 1.524,
      "base_gc_total_name_ps_marksweep1": 5,
      "base_gc_total_name_ps_scavenge1": 76,
      "base_jvm_uptime_seconds": 95581.187,
      "base_memory_committedHeap_bytes": 777519104,
      "base_memory_committedNonHeap_bytes": 292814848,
      "base_memory_maxHeap_bytes": 1908932608,
      "base_memory_maxNonHeap_bytes": -1,
      "base_memory_usedHeap_bytes": 509922600,
      "base_memory_usedNonHeap_bytes": 272976008,
      "base_thread_count": 147,
      "base_thread_daemon_count": 35,
      "base_thread_max_count": 273,
      "vendor_BufferPool_used_memory_direct_bytes": 3414310,
      "vendor_BufferPool_used_memory_mapped_bytes": 0,
      "vendor_memoryPool_Code_Cache_usage_bytes": 54167040,
      "vendor_memoryPool_Code_Cache_usage_max_bytes": 54167040,
      "vendor_memoryPool_Compressed_Class_Space_usage_bytes": 23799032,
      "vendor_memoryPool_Compressed_Class_Space_usage_max_bytes": 23799032,
      "vendor_memoryPool_Metaspace_usage_bytes": 195009936,
      "vendor_memoryPool_Metaspace_usage_max_bytes": 195009936,
      "vendor_memoryPool_PS_Eden_Space_usage_bytes": 91292456,
      "vendor_memoryPool_PS_Eden_Space_usage_max_bytes": 504889344,
      "vendor_memoryPool_PS_Old_Gen_usage_bytes": 417850768,
      "vendor_memoryPool_PS_Old_Gen_usage_max_bytes": 417850768,
      "vendor_memoryPool_PS_Survivor_Space_usage_bytes": 933904,
      "vendor_memoryPool_PS_Survivor_Space_usage_max_bytes": 108506744,
      "pages": [
        {
          "page_id": "formulaPage",
          "page_id_ascii": "102111114109117108978097103101",
          "application_page_exit_time_rate_per_second": 0.000020964320125930177,
          "application_page_exit_time_one_min_rate_per_second": 2.964393875e-314,
          "application_page_exit_time_five_min_rate_per_second": 1.3949648850779784e-127,
          "application_page_exit_time_fifteen_min_rate_per_second": 3.876151169063073e-45,
          "application_page_exit_time_min_seconds": 0,
          "application_page_exit_time_max_seconds": 0,
          "application_page_exit_time_mean_seconds": 0,
          "application_page_exit_time_stddev_seconds": 0,
          "application_page_exit_time_seconds_count": 2,
          "application_page_exit_time_seconds_quantile_500": 0,
          "application_page_exit_time_seconds_quantile_750": 0,
          "application_page_exit_time_seconds_quantile_950": 0,
          "application_page_exit_time_seconds_quantile_980": 0,
          "application_page_exit_time_seconds_quantile_990": 0,
          "application_page_exit_time_seconds_quantile_999": 0,
          "application_page_load_time_rate_per_second": 0.00004192730216081157,
          "application_page_load_time_one_min_rate_per_second": 2.964393875e-314,
          "application_page_load_time_five_min_rate_per_second": 2.8372122632896304e-127,
          "application_page_load_time_fifteen_min_rate_per_second": 7.777553200889422e-45,
          "application_page_load_time_min_seconds": 0,
          "application_page_load_time_max_seconds": 0,
          "application_page_load_time_mean_seconds": 0,
          "application_page_load_time_stddev_seconds": 0,
          "application_page_load_time_seconds_count": 4,
          "application_page_load_time_seconds_quantile_500": 0,
          "application_page_load_time_seconds_quantile_750": 0,
          "application_page_load_time_seconds_quantile_950": 0,
          "application_page_load_time_seconds_quantile_980": 0,
          "application_page_load_time_seconds_quantile_990": 0,
          "application_page_load_time_seconds_quantile_999": 0
        },
        {
          "page_id": "python_page",
          "page_id_ascii": "1121211161041111109511297103101",
          "application_page_exit_time_rate_per_second": 0.00003201853394449404,
          "application_page_exit_time_one_min_rate_per_second": 2.964393875e-314,
          "application_page_exit_time_five_min_rate_per_second": 1.41840912628875e-127,
          "application_page_exit_time_fifteen_min_rate_per_second": 4.003087067950701e-45,
          "application_page_exit_time_min_seconds": 0,
          "application_page_exit_time_max_seconds": 0,
          "application_page_exit_time_mean_seconds": 0,
          "application_page_exit_time_stddev_seconds": 0,
          "application_page_exit_time_seconds_count": 3,
          "application_page_exit_time_seconds_quantile_500": 0,
          "application_page_exit_time_seconds_quantile_750": 0,
          "application_page_exit_time_seconds_quantile_950": 0,
          "application_page_exit_time_seconds_quantile_980": 0,
          "application_page_exit_time_seconds_quantile_990": 0,
          "application_page_exit_time_seconds_quantile_999": 0,
          "application_page_load_time_rate_per_second": 0.00002096477045307712,
          "application_page_load_time_one_min_rate_per_second": 2.964393875e-314,
          "application_page_load_time_five_min_rate_per_second": 1.4184091258138314e-127,
          "application_page_load_time_fifteen_min_rate_per_second": 3.897745270298723e-45,
          "application_page_load_time_min_seconds": 0,
          "application_page_load_time_max_seconds": 0,
          "application_page_load_time_mean_seconds": 0,
          "application_page_load_time_stddev_seconds": 0,
          "application_page_load_time_seconds_count": 2,
          "application_page_load_time_seconds_quantile_500": 0,
          "application_page_load_time_seconds_quantile_750": 0,
          "application_page_load_time_seconds_quantile_950": 0,
          "application_page_load_time_seconds_quantile_980": 0,
          "application_page_load_time_seconds_quantile_990": 0,
          "application_page_load_time_seconds_quantile_999": 0
        }
      ]
    }
  ]
}