{
  "ts": {
    "$date": {
      "$numberLong": "1604455759000"
    }
  },
  "source": "INFORMATICA",
  "_id": {
    "$oid": "63ef22663ac3719335f27a15"
  },
  "metrics": [
    {
      "Start_Time": {
        "$date": {
          "$numberLong": "1604448000000"
        }
      },
      "End_Time": {
        "$date": {
          "$numberLong": "1604455759000"
        }
      },
      "Workflow_Name": "m_wfquery6",
      "CPU_PERECNT": 51,
      "MEMORY_USAGE_IN_MB": 1.534,
      "SUCCESSFUL_SOURCE_ROWS": 59986052,
      "FAILED_SOURCE_ROWS": 0,
      "SUCCESSFUL_TARGET_ROWS": 1,
      "FAILED_TARGET_ROWS": 0,
      "STATUS": "Successful",
      "DURATION_IN_SECONDS": 7759,
      "AggIndexCacheSize(MB)": {
        "$numberDouble": "NaN"
      },
      "AggDataCacheSize(MB)": {
        "$numberDouble": "NaN"
      },
      "JnrIndexCacheSizeMB": {
        "$numberDouble": "NaN"
      },
      "JnrDataCacheSizeMB": {
        "$numberDouble": "NaN"
      }
    },
    {
      "Start_Time": {
        "$date": {
          "$numberLong": "1604448000000"
        }
      },
      "End_Time": {
        "$date": {
          "$numberLong": "1604459619000"
        }
      },
      "Workflow_Name": "m_wfquery6",
      "CPU_PERECNT": 53.46,
      "MEMORY_USAGE_IN_MB": 1.534,
      "SUCCESSFUL_SOURCE_ROWS": 59986052,
      "FAILED_SOURCE_ROWS": 0,
      "SUCCESSFUL_TARGET_ROWS": 1,
      "FAILED_TARGET_ROWS": 0,
      "STATUS": "Successful",
      "DURATION_IN_SECONDS": 11619,
      "AggIndexCacheSize(MB)": 178.958,
      "AggDataCacheSize(MB)": 357.914,
      "JnrIndexCacheSizeMB": 178.958,
      "JnrDataCacheSizeMB": 357.914
    },
    {
      "Start_Time": {
        "$date": {
          "$numberLong": "1604534400000"
        }
      },
      "End_Time": {
        "$date": {
          "$numberLong": "1604557224000"
        }
      },
      "Workflow_Name": "m_wfquery6",
      "CPU_PERECNT": 51.85,
      "MEMORY_USAGE_IN_MB": 1.534,
      "SUCCESSFUL_SOURCE_ROWS": 59986052,
      "FAILED_SOURCE_ROWS": 0,
      "SUCCESSFUL_TARGET_ROWS": 1,
      "FAILED_TARGET_ROWS": 0,
      "STATUS": "Successful",
      "DURATION_IN_SECONDS": 22824,
      "AggIndexCacheSize(MB)": 178.958,
      "AggDataCacheSize(MB)": 357.914,
      "JnrIndexCacheSizeMB": 178.958,
      "JnrDataCacheSizeMB": 357.914
    },
    {
      "Start_Time": {
        "$date": {
          "$numberLong": "1604534400000"
        }
      },
      "End_Time": {
        "$date": {
          "$numberLong": "1604553091000"
        }
      },
      "Workflow_Name": "m_wfquery6",
      "CPU_PERECNT": 55.44,
      "MEMORY_USAGE_IN_MB": 1.534,
      "SUCCESSFUL_SOURCE_ROWS": 59986052,
      "FAILED_SOURCE_ROWS": 0,
      "SUCCESSFUL_TARGET_ROWS": 1,
      "FAILED_TARGET_ROWS": 0,
      "STATUS": "Successful",
      "DURATION_IN_SECONDS": 18691,
      "AggIndexCacheSize(MB)": 178.958,
      "AggDataCacheSize(MB)": 357.914,
      "JnrIndexCacheSizeMB": 178.958,
      "JnrDataCacheSizeMB": 357.914
    },
    {
      "Start_Time": {
        "$date": {
          "$numberLong": "1604448000000"
        }
      },
      "End_Time": {
        "$date": {
          "$numberLong": "1604455759000"
        }
      },
      "Workflow_Name": "m_wfquery6",
      "CPU_PERECNT": 51,
      "MEMORY_USAGE_IN_MB": 1.534,
      "SUCCESSFUL_SOURCE_ROWS": 59986052,
      "FAILED_SOURCE_ROWS": 0,
      "SUCCESSFUL_TARGET_ROWS": 1,
      "FAILED_TARGET_ROWS": 0,
      "STATUS": "Successful",
      "DURATION_IN_SECONDS": 7759,
      "AggIndexCacheSize(MB)": {
        "$numberDouble": "NaN"
      },
      "AggDataCacheSize(MB)": {
        "$numberDouble": "NaN"
      },
      "JnrIndexCacheSizeMB": {
        "$numberDouble": "NaN"
      },
      "JnrDataCacheSizeMB": {
        "$numberDouble": "NaN"
      }
    },
    {
      "Start_Time": {
        "$date": {
          "$numberLong": "1604448000000"
        }
      },
      "End_Time": {
        "$date": {
          "$numberLong": "1604459619000"
        }
      },
      "Workflow_Name": "m_wfquery6",
      "CPU_PERECNT": 53.46,
      "MEMORY_USAGE_IN_MB": 1.534,
      "SUCCESSFUL_SOURCE_ROWS": 59986052,
      "FAILED_SOURCE_ROWS": 0,
      "SUCCESSFUL_TARGET_ROWS": 1,
      "FAILED_TARGET_ROWS": 0,
      "STATUS": "Successful",
      "DURATION_IN_SECONDS": 11619,
      "AggIndexCacheSize(MB)": 178.958,
      "AggDataCacheSize(MB)": 357.914,
      "JnrIndexCacheSizeMB": 178.958,
      "JnrDataCacheSizeMB": 357.914
    },
    {
      "Start_Time": {
        "$date": {
          "$numberLong": "1604620800000"
        }
      },
      "End_Time": {
        "$date": {
          "$numberLong": "1604626461000"
        }
      },
      "Workflow_Name": "m_wfquery6",
      "CPU_PERECNT": 45.36,
      "MEMORY_USAGE_IN_MB": 1.534,
      "SUCCESSFUL_SOURCE_ROWS": 59986052,
      "FAILED_SOURCE_ROWS": 0,
      "SUCCESSFUL_TARGET_ROWS": 1,
      "FAILED_TARGET_ROWS": 0,
      "STATUS": "Successful",
      "DURATION_IN_SECONDS": 5661,
      "AggIndexCacheSize(MB)": 178.958,
      "AggDataCacheSize(MB)": 357.914,
      "JnrIndexCacheSizeMB": 178.958,
      "JnrDataCacheSizeMB": 357.914
    },
    {
      "Start_Time": {
        "$date": {
          "$numberLong": "1604534400000"
        }
      },
      "End_Time": {
        "$date": {
          "$numberLong": "1604557224000"
        }
      },
      "Workflow_Name": "m_wfquery6",
      "CPU_PERECNT": 51.85,
      "MEMORY_USAGE_IN_MB": 1.534,
      "SUCCESSFUL_SOURCE_ROWS": 59986052,
      "FAILED_SOURCE_ROWS": 0,
      "SUCCESSFUL_TARGET_ROWS": 1,
      "FAILED_TARGET_ROWS": 0,
      "STATUS": "Successful",
      "DURATION_IN_SECONDS": 22824,
      "AggIndexCacheSize(MB)": 178.958,
      "AggDataCacheSize(MB)": 357.914,
      "JnrIndexCacheSizeMB": 178.958,
      "JnrDataCacheSizeMB": 357.914
    },
    {
      "Start_Time": {
        "$date": {
          "$numberLong": "1604620800000"
        }
      },
      "End_Time": {
        "$date": {
          "$numberLong": "1604626461000"
        }
      },
      "Workflow_Name": "m_wfquery6",
      "CPU_PERECNT": 45.36,
      "MEMORY_USAGE_IN_MB": 1.534,
      "SUCCESSFUL_SOURCE_ROWS": 59986052,
      "FAILED_SOURCE_ROWS": 0,
      "SUCCESSFUL_TARGET_ROWS": 1,
      "FAILED_TARGET_ROWS": 0,
      "STATUS": "Successful",
      "DURATION_IN_SECONDS": 5661,
      "AggIndexCacheSize(MB)": 178.958,
      "AggDataCacheSize(MB)": 357.914,
      "JnrIndexCacheSizeMB": 178.958,
      "JnrDataCacheSizeMB": 357.914
    },
    {
      "Start_Time": {
        "$date": {
          "$numberLong": "1604534400000"
        }
      },
      "End_Time": {
        "$date": {
          "$numberLong": "1604553091000"
        }
      },
      "Workflow_Name": "m_wfquery6",
      "CPU_PERECNT": 55.44,
      "MEMORY_USAGE_IN_MB": 1.534,
      "SUCCESSFUL_SOURCE_ROWS": 59986052,
      "FAILED_SOURCE_ROWS": 0,
      "SUCCESSFUL_TARGET_ROWS": 1,
      "FAILED_TARGET_ROWS": 0,
      "STATUS": "Successful",
      "DURATION_IN_SECONDS": 18691,
      "AggIndexCacheSize(MB)": 178.958,
      "AggDataCacheSize(MB)": 357.914,
      "JnrIndexCacheSizeMB": 178.958,
      "JnrDataCacheSizeMB": 357.914
    },
    {
      "Start_Time": {
        "$date": {
          "$numberLong": "1604448000000"
        }
      },
      "End_Time": {
        "$date": {
          "$numberLong": "1604455759000"
        }
      },
      "Workflow_Name": "m_wfquery6",
      "CPU_PERECNT": 51,
      "MEMORY_USAGE_IN_MB": 1.534,
      "SUCCESSFUL_SOURCE_ROWS": 59986052,
      "FAILED_SOURCE_ROWS": 0,
      "SUCCESSFUL_TARGET_ROWS": 1,
      "FAILED_TARGET_ROWS": 0,
      "STATUS": "Successful",
      "DURATION_IN_SECONDS": 7759,
      "AggIndexCacheSize(MB)": {
        "$numberDouble": "NaN"
      },
      "AggDataCacheSize(MB)": {
        "$numberDouble": "NaN"
      },
      "JnrIndexCacheSizeMB": {
        "$numberDouble": "NaN"
      },
      "JnrDataCacheSizeMB": {
        "$numberDouble": "NaN"
      }
    },
    {
      "Start_Time": {
        "$date": {
          "$numberLong": "1604448000000"
        }
      },
      "End_Time": {
        "$date": {
          "$numberLong": "1604459619000"
        }
      },
      "Workflow_Name": "m_wfquery6",
      "CPU_PERECNT": 53.46,
      "MEMORY_USAGE_IN_MB": 1.534,
      "SUCCESSFUL_SOURCE_ROWS": 59986052,
      "FAILED_SOURCE_ROWS": 0,
      "SUCCESSFUL_TARGET_ROWS": 1,
      "FAILED_TARGET_ROWS": 0,
      "STATUS": "Successful",
      "DURATION_IN_SECONDS": 11619,
      "AggIndexCacheSize(MB)": 178.958,
      "AggDataCacheSize(MB)": 357.914,
      "JnrIndexCacheSizeMB": 178.958,
      "JnrDataCacheSizeMB": 357.914
    }
  ]
}