{
  "projects": [
    {
      "project_id": "acn-aip-nextgen",
      "environments": [
        {
          "environment_name": "composer-for-test-1",
          "environment_api_request_count": 0.0,
          "environment_api_request_latencies": 0.0,
          "environment_api_request_status" : "",
          "environment_web_server_health": "",
          "environment_dagbag_size": 0,
          "environment_healthy": "",
          "environment_num_celery_workers": 0,
          "environment_scheduler_heartbeat_count": 0,
          "environment_zombie_task_killed_count": 0,
          "environment_finished_task_instance_count": 0.0,
          "environment_unfinished_task_instances": 0.0,
          "environment_web_server_cpu_reserved_cores": 0.0,
          "environment_web_server_cpu_usage_time": 0.0,
          "environment_database_health": 0.0,
          "environment_dag_processing_parse_error_count": 0.0,
          "environment_dag_processing_processes": 0.0,
          "environment_dag_processing_processor_timeout_count": 0.0,
          "environment_dag_processing_total_parse_time": 0.0,
          "environment_email_sla_notification_failure_count": 0.0,
          "environment_database_airflow_size": 0.0,
          "environment_database_cpu_reserved_cores": 0.0,
          "environment_database_cpu_usage_time": 0.0,
          "environment_database_cpu_utilization": 0.0,
          "environment_database_disk_bytes_used": 0.0,
          "environment_database_disk_quota": 0.0,
          "environment_database_disk_utilization": 0.0,
          "environment_database_memory_bytes_used": 0.0,
          "environment_database_memory_quota": 0.0,
          "environment_database_memory_utilization": 0.0,
          "environment_database_network_connections": 0.0,
          "environment_database_network_max_connections": 0.0,
          "environment_database_network_received_bytes_count": 0.0,
          "environment_database_network_sent_bytes_count": 0.0,
          "environment_executor_open_slots": 0.0,
          "environment_executor_queued_tasks": 0.0,
          "environment_executor_running_tasks": 0.0,
          "environment_smart_sensor_exception_failures": 0.0,
          "environment_smart_sensor_infra_failures": 0.0,
          "environment_smart_sensor_poked_exception": 0.0,
          "environment_smart_sensor_poked_success": 0.0,
          "environment_smart_sensor_poked_tasks": 0.0,
          "environment_snapshot_creation_count": 0.0,
          "environment_snapshot_creation_elapsed_time": 0.0,
          "environment_snapshot_size": 0.0,
          "environment_trigger_blocking_count": 0.0,
          "environment_trigger_failed_count": 0.0,
          "environment_trigger_succeeded_count": 0.0,
          "environment_worker_max_workers": 0.0,
          "environment_worker_min_workers": 0.0,
          "environment_worker_pod_eviction_count": 0.0,
          "pools": [
            {
              "pool_name": "",
              "environment_pool_open_slots": 0.0,
              "environment_pool_running_slots": 0.0,
              "environment_pool_starving_tasks": 0.0,
              "environment_scheduler_pod_eviction_count": 0.0
            }
          ],
          "queues": [
            {
              "queue_name": "",
              "environment_task_queue_length": 0.0,
              "environment_worker_scale_factor_target": 0.0
            }
          ],
          "webservers": [
            {
              "instance_id": "",
              "environment_web_server_memory_bytes_used": 0.0,
              "environment_web_server_memory_quota": 0.0,
              "environment_web_server_cpu_reserved_cores" : 0.0,
              "environment_web_server_cpu_usage_time" : 0.0
            }
          ],
          "workflows": [
            {
              "workflow_name": "",
              "workflow_run_count": 1.0,
              "workflow_run_duration": 4.385052,
              "workflow_run_status": "",
              "tasks": [
                {
                  "task_name": "",
                  "workflow_task_run_count": 1.0,
                  "workflow_task_run_duration": 1.217072,
                  "workflow_task_run_state" : ""
                }
              ]
            }
          ]
        }
      ]
    }
  ]
}