cluster_id,creator_user_name,start_timestamp,cluster_name,availability,disk_count,disk_size,cluster_memory_mb,cluster_cores,start_time,last_activity_time,last_restarted_time,state,JobId,job_name,terminated_time,termination_reason,termination_status,cluster_run_time
0112-044605-csfvn6ja,databricksadmprod@bcbsm.com,2023-01-12 10:16:07,job-228-run-422822372,ON_DEMAND,1,100,262144.0,32.0,2023-01-12 10:16:05,2023-01-12 10:16:22,2023-01-12 10:16:35,RUNNING,228,IE_easyETL,,,,2997.674
0111-222704-ndq8b0zi,databricksadmprod@bcbsm.com,2023-01-12 03:57:05,job-1074106273712397-run-422268464,ON_DEMAND,1,100,262144.0,32.0,2023-01-12 03:57:04,2023-01-12 03:57:20,2023-01-12 03:57:32,RUNNING,1074106273712397,Group_Customer-DB-etl-group_information_dimension-agg_RunScript,,,,3003.991
0112-044005-3b5c99ce,IE.BCBSMI.Support@accenture.com,2023-01-12 10:10:07,job-945631526162908-run-422810245,ON_DEMAND,1,100,524288.0,64.0,2023-01-12 10:10:05,2023-01-12 10:10:22,2023-01-12 10:10:35,RUNNING,945631526162908,Update_Job_Permission,,,,2997.774
0112-031709-8ipdo9ky,databricksadmprod@bcbsm.com,2023-01-12 08:47:10,job-659630253838433-run-422703262,ON_DEMAND,1,100,262144.0,32.0,2023-01-12 08:47:09,2023-01-12 08:47:26,2023-01-12 08:47:38,RUNNING,659630253838433,WCMDR-DB-ETL-ODH-wellness_care_management_survey_answer_audit-STD_RunScript,,,,2999.156
0112-035431-p6o2ef7y,databricksadmprod@bcbsm.com,2023-01-12 09:24:31,job-906976855215760-run-422744747,ON_DEMAND,1,100,917504.0,112.0,2023-01-12 09:24:31,2023-01-12 09:24:47,2023-01-12 09:24:59,RUNNING,906976855215760,Unk-DB-etl_oozie_mrdm_daily-mem_dmns_RS,,,,2998.533
0112-040505-e2kgvy9q,databricksadmprod@bcbsm.com,2023-01-12 09:35:06,job-973113119337220-run-422755609,ON_DEMAND,1,100,262144.0,32.0,2023-01-12 09:35:05,2023-01-12 09:35:25,2023-01-12 09:35:38,RUNNING,973113119337220,Member_Person-DB-etl-membership_determine_business_channel-PG_RunScript,,,,2998.357
0111-164044-yqzx7lna,databricksadmprod@bcbsm.com,2023-01-11 22:10:47,job-1052001075818697-run-421818543,ON_DEMAND,1,100,262144.0,32.0,2023-01-11 22:10:44,2023-01-11 22:11:02,2023-01-11 22:11:14,RUNNING,1052001075818697,CPD-DB-ETL-EMR_RECORD_LEVEL_VALIDATION_RAW-DIST_RS,,,,3009.763
0111-111622-f0v1uiom,databricksadmprod@bcbsm.com,2023-01-11 16:46:23,job-890258733154222-run-420594594,ON_DEMAND,1,100,262144.0,32.0,2023-01-11 16:46:22,2023-01-11 16:46:39,2023-01-11 16:46:51,RUNNING,890258733154222,DB-etl-medication_adherence_sempre-programCustomerGrp-ingestMemberElig,,,,3015.169
0111-171215-gsyybc8e,databricksadmprod@bcbsm.com,2023-01-11 22:42:16,job-269622316559661-run-421876155,ON_DEMAND,1,100,262144.0,32.0,2023-01-11 22:42:15,2023-01-11 22:42:32,2023-01-11 22:42:44,RUNNING,269622316559661,Int-DB-ETL-ODH-common_staging_pharmacy_claim_iden_bcn_er-STD_RS,,,,3009.238
0111-123010-79bwle9y,databricksadmprod@bcbsm.com,2023-01-11 18:00:12,job-738314871977114-run-420856367,ON_DEMAND,1,100,262144.0,32.0,2023-01-11 18:00:10,2023-01-11 18:00:28,2023-01-11 18:00:40,RUNNING,738314871977114,CPD-DB-etl-cpdm_emr_diagnosis-std_RS,,,,3013.939
0310-190520-p83nyu7m,IE.BCBSMI.Support@accenture.com,2023-01-12 10:01:20,bcbs-prod-db-cluster-data-eng,SPOT_WITH_FALLBACK,3,100,262144.0,32.0,2022-03-11 00:35:20,2023-01-12 10:15:27,2023-01-12 10:02:16,RUNNING,,,,,,10375.353
0112-003919-hfrwosp2,databricksadmprod@bcbsm.com,2023-01-12 06:09:20,job-76282193051006-run-422481299,ON_DEMAND,1,100,1179648.0,144.0,2023-01-12 06:09:19,2023-01-12 06:09:36,2023-01-12 06:09:50,RUNNING,76282193051006,Blu-DB-ETL_ext_member_hsty_task,,,,3001.786
0310-192041-ritd37dx,IE.BCBSMI.Support@accenture.com,2023-01-12 09:56:55,bcbs-prod-db-cluster-ops,SPOT_WITH_FALLBACK,3,100,131072.0,16.0,2022-03-11 00:50:41,2023-01-12 09:57:37,2023-01-12 09:57:52,RUNNING,,,,,,10375.097
0112-042442-yz6ms0o6,databricksadmprod@bcbsm.com,2023-01-12 09:54:44,job-184735506714351-run-422785004,ON_DEMAND,1,100,655360.0,80.0,2023-01-12 09:54:42,2023-01-12 09:55:00,2023-01-12 09:55:12,RUNNING,184735506714351,ETL-DB-Fare-overwritetomerge_common_jar_RS,,,,2998.03
0112-031922-oy1bbicm,databricksadmprod@bcbsm.com,2023-01-12 08:49:25,job-750619839627044-run-422704786,ON_DEMAND,1,100,262144.0,32.0,2023-01-12 08:49:22,2023-01-12 08:49:40,2023-01-12 08:49:52,RUNNING,750619839627044,WCMDR-DB-ETL-ODH-wellness_care_management_vendor_lab_audit-STD_RunScript,,,,2999.119
0112-030546-ortvtbqu,databricksadmprod@bcbsm.com,2023-01-12 08:35:47,job-282988733969211-run-422689210,ON_DEMAND,1,100,1179648.0,144.0,2023-01-12 08:35:46,2023-01-12 08:36:03,2023-01-12 08:36:16,RUNNING,282988733969211,Care_Management-DB-ETL-cm_uigroupstatistics_RunScript_2,,,,2999.346
0112-003858-xtwci0qe,databricksadmprod@bcbsm.com,2023-01-12 06:09:00,job-3812896792348-run-422480335,ON_DEMAND,1,100,1179648.0,144.0,2023-01-12 06:08:58,2023-01-12 06:09:16,2023-01-12 06:09:28,RUNNING,3812896792348,Blu-DB-ETL_ext_medical_hsty_task,,,,3001.792
0112-043041-ud9pfspy,databricksadmprod@bcbsm.com,2023-01-12 10:02:23,job-348024222121441-run-422794342,ON_DEMAND,1,100,1179648.0,144.0,2023-01-12 10:00:41,2023-01-12 10:02:51,2023-01-12 10:03:04,RUNNING,348024222121441,ETL-DB-Fare-overwritetomerge_common_jar_RS,,,,2997.93
0112-044505-qos9h8me,databricksadmprod@bcbsm.com,2023-01-12 10:15:52,job-1102744928592701-run-422820582,ON_DEMAND,1,100,262144.0,32.0,2023-01-12 10:15:05,2023-01-12 10:16:07,2023-01-12 10:16:21,RUNNING,1102744928592701,PBM-DB-ETL-ADH-pharmacy_claim_pharmacy_feedback_membership_ma-HMO-RS,,,,2997.69
0112-043057-9rju3nuu,databricksadmprod@bcbsm.com,2023-01-12 10:02:29,job-403472891727354-run-422795277,ON_DEMAND,1,100,262144.0,32.0,2023-01-12 10:00:57,2023-01-12 10:02:54,2023-01-12 10:03:07,RUNNING,403472891727354,NGM-DB-ETL-ngma-update-all-standard-and-reference-tables-STD_RS,,,,2997.926
0112-043527-mwrbitq,databricksadmprod@bcbsm.com,2023-01-12 10:05:28,job-875880816302458-run-422804719,ON_DEMAND,1,100,262144.0,32.0,2023-01-12 10:05:27,2023-01-12 10:05:44,2023-01-12 10:05:57,RUNNING,875880816302458,IBU-DB-ETL-retail-shs_medsupp_bcn-daily_enrollee_history-STD_RS,,,,2997.851
0310-200319-am73usc,IE.BCBSMI.Support@accenture.com,,bcbs-prod-db-cluster-platform-support,SPOT_WITH_FALLBACK,3,100,,,2022-03-11 01:33:19,2023-01-12 09:17:50,2023-01-12 02:42:14,TERMINATED,,,2023-01-12 09:47:58,INACTIVITY,SUCCESS,7376.244
0310-190359-p06po4y3,IE.BCBSMI.Support@accenture.com,,bcbs-prod-acoe-ml-cluster,SPOT_WITH_FALLBACK,3,100,,,2022-03-11 00:33:59,2023-01-11 00:16:31,2023-01-11 00:16:45,TERMINATED,,,2023-01-11 00:31:58,INACTIVITY,SUCCESS,7343.966
0112-044506-x0g327xq,databricksadmprod@bcbsm.com,,job-228-run-422820681,ON_DEMAND,1,100,,,2023-01-12 10:15:06,2023-01-12 10:15:30,2023-01-12 10:15:43,TERMINATED,228,IE_easyETL,2023-01-12 10:17:00,JOB_FINISHED,SUCCESS,0.032
0112-044507-tccp640m,databricksadmprod@bcbsm.com,,job-228-run-422821636,ON_DEMAND,1,100,,,2023-01-12 10:15:07,2023-01-12 10:15:24,2023-01-12 10:15:36,TERMINATED,228,IE_easyETL,2023-01-12 10:16:44,JOB_FINISHED,SUCCESS,0.027
0112-044305-a7lcug3i,databricksadmprod@bcbsm.com,,job-228-run-422819191,ON_DEMAND,1,100,,,2023-01-12 10:13:05,2023-01-12 10:13:22,2023-01-12 10:13:35,TERMINATED,228,IE_easyETL,2023-01-12 10:16:06,JOB_FINISHED,SUCCESS,0.05
0112-043004-6k20zsum,IE.BCBSMI.Support@accenture.com,,job-945631526162908-run-422791199,ON_DEMAND,1,100,,,2023-01-12 10:00:04,2023-01-12 10:00:22,2023-01-12 10:00:34,TERMINATED,945631526162908,Update_Job_Permission,2023-01-12 10:15:54,JOB_FINISHED,SUCCESS,0.264
0112-044406-j2c11aam,databricksadmprod@bcbsm.com,,job-228-run-422819888,ON_DEMAND,1,100,,,2023-01-12 10:14:06,2023-01-12 10:14:22,2023-01-12 10:14:36,TERMINATED,228,IE_easyETL,2023-01-12 10:15:50,JOB_FINISHED,SUCCESS,0.029
0112-044105-gbwq48fi,databricksadmprod@bcbsm.com,,job-228-run-422815424,ON_DEMAND,1,100,,,2023-01-12 10:11:05,2023-01-12 10:11:23,2023-01-12 10:11:35,TERMINATED,228,IE_easyETL,2023-01-12 10:14:06,JOB_FINISHED,SUCCESS,0.05
0112-044206-4j0ek19q,databricksadmprod@bcbsm.com,,job-228-run-422817181,ON_DEMAND,1,100,,,2023-01-12 10:12:06,2023-01-12 10:12:25,2023-01-12 10:12:38,TERMINATED,228,IE_easyETL,2023-01-12 10:13:48,JOB_FINISHED,SUCCESS,0.028
0112-044125-n8tkplg6,databricksadmprod@bcbsm.com,,job-883960976392933-run-422815684,ON_DEMAND,1,100,,,2023-01-12 10:11:26,2023-01-12 10:12:07,2023-01-12 10:12:20,TERMINATED,883960976392933,ETL-member_data_lake.pharmacy_feedback_membership_stage_hmo-DB,2023-01-12 10:13:42,JOB_FINISHED,SUCCESS,0.038
0112-044209-donp8gxy,databricksadmprod@bcbsm.com,,job-16397-run-422817324,ON_DEMAND,1,100,,,2023-01-12 10:12:09,2023-01-12 10:12:26,2023-01-12 10:12:38,TERMINATED,16397,refreshTable,2023-01-12 10:13:13,JOB_FINISHED,SUCCESS,0.018
0112-044006-8qdegw0e,databricksadmprod@bcbsm.com,,job-228-run-422811226,ON_DEMAND,1,100,,,2023-01-12 10:10:06,2023-01-12 10:10:23,2023-01-12 10:10:35,TERMINATED,228,IE_easyETL,2023-01-12 10:12:32,JOB_FINISHED,SUCCESS,0.041
0112-044006-h2l9q6yu,databricksadmprod@bcbsm.com,,job-228-run-422814810,ON_DEMAND,1,100,,,2023-01-12 10:10:07,2023-01-12 10:10:33,2023-01-12 10:10:44,TERMINATED,228,IE_easyETL,2023-01-12 10:12:00,JOB_FINISHED,SUCCESS,0.031
0112-044006-2eqwik6e,databricksadmprod@bcbsm.com,,job-228-run-422813563,ON_DEMAND,1,100,,,2023-01-12 10:10:06,2023-01-12 10:10:24,2023-01-12 10:10:36,TERMINATED,228,IE_easyETL,2023-01-12 10:11:50,JOB_FINISHED,SUCCESS,0.029
0112-044006-dmad3r26,databricksadmprod@bcbsm.com,,job-789631809259421-run-422814985,ON_DEMAND,1,100,,,2023-01-12 10:10:06,2023-01-12 10:10:24,2023-01-12 10:10:36,TERMINATED,789631809259421,Agent-DB-etl-agent_data_lake_pinpoint_agent_certification-raw_RunScript,2023-01-12 10:11:50,JOB_FINISHED,SUCCESS,0.029
0112-044006-fn2u55im,databricksadmprod@bcbsm.com,,job-733363149798924-run-422812480,ON_DEMAND,3,100,,,2023-01-12 10:10:06,2023-01-12 10:10:24,2023-01-12 10:10:36,TERMINATED,733363149798924,EasyETLADHCluster,2023-01-12 10:11:44,JOB_FINISHED,SUCCESS,0.027
0112-043905-sjqjb86m,databricksadmprod@bcbsm.com,,job-228-run-422808231,ON_DEMAND,1,100,,,2023-01-12 10:09:05,2023-01-12 10:09:30,2023-01-12 10:09:42,TERMINATED,228,IE_easyETL,2023-01-12 10:10:50,JOB_FINISHED,SUCCESS,0.029
0112-043914-86nwx03a,databricksadmprod@bcbsm.com,,job-16397-run-422808486,ON_DEMAND,1,100,,,2023-01-12 10:09:14,2023-01-12 10:09:32,2023-01-12 10:09:44,TERMINATED,16397,refreshTable,2023-01-12 10:10:30,JOB_FINISHED,SUCCESS,0.021
0112-043806-l6hsna92,databricksadmprod@bcbsm.com,,job-228-run-422807814,ON_DEMAND,1,100,,,2023-01-12 10:08:06,2023-01-12 10:08:22,2023-01-12 10:08:34,TERMINATED,228,IE_easyETL,2023-01-12 10:09:33,JOB_FINISHED,SUCCESS,0.024
0112-043809-nyxyop1y,databricksadmprod@bcbsm.com,,job-16397-run-422808112,ON_DEMAND,1,100,,,2023-01-12 10:08:09,2023-01-12 10:08:26,2023-01-12 10:08:38,TERMINATED,16397,refreshTable,2023-01-12 10:09:03,JOB_FINISHED,SUCCESS,0.015
0112-043441-37h19hym,databricksadmprod@bcbsm.com,,job-533977040856894-run-422801685,ON_DEMAND,1,100,,,2023-01-12 10:04:41,2023-01-12 10:04:58,2023-01-12 10:05:10,TERMINATED,533977040856894,ETL-DB-Fare-overwritetomerge_common_jar_RS,2023-01-12 10:08:50,JOB_FINISHED,SUCCESS,0.069
0112-043707-u38igspq,databricksadmprod@bcbsm.com,,job-228-run-422805916,ON_DEMAND,1,100,,,2023-01-12 10:07:07,2023-01-12 10:07:24,2023-01-12 10:07:36,TERMINATED,228,IE_easyETL,2023-01-12 10:08:48,JOB_FINISHED,SUCCESS,0.028
0112-043508-4g08u50e,databricksadmprod@bcbsm.com,,job-733363149798924-run-422803675,ON_DEMAND,3,100,,,2023-01-12 10:05:08,2023-01-12 10:06:57,2023-01-12 10:07:09,TERMINATED,733363149798924,EasyETLADHCluster,2023-01-12 10:08:06,JOB_FINISHED,SUCCESS,0.049
0112-043606-o2km7ta,databricksadmprod@bcbsm.com,,job-228-run-422805294,ON_DEMAND,1,100,,,2023-01-12 10:06:06,2023-01-12 10:06:22,2023-01-12 10:06:34,TERMINATED,228,IE_easyETL,2023-01-12 10:08:00,JOB_FINISHED,SUCCESS,0.032
0112-043508-4owx54ra,databricksadmprod@bcbsm.com,,job-228-run-422802696,ON_DEMAND,1,100,,,2023-01-12 10:05:08,2023-01-12 10:05:32,2023-01-12 10:05:45,TERMINATED,228,IE_easyETL,2023-01-12 10:07:02,JOB_FINISHED,SUCCESS,0.032
0112-043508-dt0z8rty,databricksadmprod@bcbsm.com,,job-228-run-422803972,ON_DEMAND,1,100,,,2023-01-12 10:05:08,2023-01-12 10:05:24,2023-01-12 10:05:36,TERMINATED,228,IE_easyETL,2023-01-12 10:06:22,JOB_FINISHED,SUCCESS,0.021
0112-042002-lvcuape6,IE.BCBSMI.Support@accenture.com,,job-945631526162908-run-422776456,ON_DEMAND,1,100,,,2023-01-12 09:50:02,2023-01-12 09:50:19,2023-01-12 09:50:33,TERMINATED,945631526162908,Update_Job_Permission,2023-01-12 10:05:56,JOB_FINISHED,SUCCESS,0.265
0112-043405-cmeqdp3q,databricksadmprod@bcbsm.com,,job-228-run-422800645,ON_DEMAND,1,100,,,2023-01-12 10:04:05,2023-01-12 10:04:22,2023-01-12 10:04:34,TERMINATED,228,IE_easyETL,2023-01-12 10:05:50,JOB_FINISHED,SUCCESS,0.029
0112-043416-ega5318m,databricksadmprod@bcbsm.com,,job-16397-run-422800978,ON_DEMAND,1,100,,,2023-01-12 10:04:16,2023-01-12 10:04:33,2023-01-12 10:04:47,TERMINATED,16397,refreshTable,2023-01-12 10:05:25,JOB_FINISHED,SUCCESS,0.019
0112-043424-cviukr6e,databricksadmprod@bcbsm.com,,job-16397-run-422801088,ON_DEMAND,1,100,,,2023-01-12 10:04:24,2023-01-12 10:04:42,2023-01-12 10:04:54,TERMINATED,16397,refreshTable,2023-01-12 10:05:19,JOB_FINISHED,SUCCESS,0.015
0112-043354-aeop58sm,databricksadmprod@bcbsm.com,,job-59245027874616-run-422799445,ON_DEMAND,1,100,,,2023-01-12 10:03:54,2023-01-12 10:04:12,2023-01-12 10:04:25,TERMINATED,59245027874616,inbound_source_identification,2023-01-12 10:05:09,JOB_FINISHED,SUCCESS,0.021
0112-043238-lmna0426,databricksadmprod@bcbsm.com,,job-16397-run-422798440,ON_DEMAND,1,100,,,2023-01-12 10:02:38,2023-01-12 10:03:36,2023-01-12 10:03:48,TERMINATED,16397,refreshTable,2023-01-12 10:04:36,JOB_FINISHED,SUCCESS,0.033
