job_id,job_run_id,creator_user_name,life_cycle_state,result_state,state_message,ebs_volume_type,ebs_volume_count,ebs_volume_size,cluster_id,start_time,end_time,setup_duration,execution_duration,cleanup_duration,run_duration
375302503150265,405935308,databricksadmprod@bcbsm.com,PENDING,,Waiting for cluster,GENERAL_PURPOSE_SSD,1,100,0106-124520-ghu2fzzq,2023-01-06 18:15:19,,0,0,0,
228,405934665,databricksadmprod@bcbsm.com,PENDING,,Waiting for cluster,GENERAL_PURPOSE_SSD,1,100,0106-124509-i4u8ayse,2023-01-06 18:15:07,,0,0,0,25842.0
158078806106050,405934343,databricksadmprod@bcbsm.com,PENDING,,Waiting for cluster,GENERAL_PURPOSE_SSD,1,100,0106-124506-i8kudf9i,2023-01-06 18:15:05,,0,0,0,
665346382055216,405934305,databricksadmprod@bcbsm.com,PENDING,,Waiting for cluster,GENERAL_PURPOSE_SSD,1,100,0106-124505-scie2r12,2023-01-06 18:15:03,,0,0,0,
49070487659336,405934096,databricksadmprod@bcbsm.com,PENDING,,Waiting for cluster,GENERAL_PURPOSE_SSD,1,100,0106-124504-rui3epdq,2023-01-06 18:15:02,,0,0,0,
16397,405934012,databricksadmprod@bcbsm.com,RUNNING,,In run,GENERAL_PURPOSE_SSD,1,100,0106-124441-61i5vasu,2023-01-06 18:14:39,,31000,0,0,
16397,405933320,databricksadmprod@bcbsm.com,TERMINATED,SUCCESS,,GENERAL_PURPOSE_SSD,1,100,0106-124438-xoukc6au,2023-01-06 18:14:36,2023-01-06 18:15:24,32000,16000,0,
331256165251991,405932860,databricksadmprod@bcbsm.com,RUNNING,,In run,GENERAL_PURPOSE_SSD,1,100,0106-124414-5sedjwpq,2023-01-06 18:14:13,,31000,0,0,
741198179718086,405932780,databricksadmprod@bcbsm.com,RUNNING,,In run,GENERAL_PURPOSE_SSD,1,100,0106-124414-hdliw53q,2023-01-06 18:14:12,,32000,0,0,
17557547771021,405932597,databricksadmprod@bcbsm.com,RUNNING,,In run,GENERAL_PURPOSE_SSD,1,100,0106-124414-k1im9jgm,2023-01-06 18:14:12,,32000,0,0,
214364005513253,405931876,databricksadmprod@bcbsm.com,RUNNING,,In run,GENERAL_PURPOSE_SSD,1,100,0106-124414-tcdow43y,2023-01-06 18:14:12,,32000,0,0,
16397,405931047,databricksadmprod@bcbsm.com,TERMINATED,SUCCESS,,GENERAL_PURPOSE_SSD,1,100,0106-124412-npxtcny6,2023-01-06 18:14:11,2023-01-06 18:14:58,31000,15000,0,
228,405930251,databricksadmprod@bcbsm.com,RUNNING,,In run,GENERAL_PURPOSE_SSD,1,100,0106-124409-4mwz9ipq,2023-01-06 18:14:07,,0,0,0,85818.0
228,405929758,databricksadmprod@bcbsm.com,RUNNING,,In run,GENERAL_PURPOSE_SSD,1,100,0106-124409-nxt440i6,2023-01-06 18:14:06,,0,0,0,86075.0
228,405929600,databricksadmprod@bcbsm.com,RUNNING,,In run,GENERAL_PURPOSE_SSD,1,100,0106-124409-midtxbpi,2023-01-06 18:14:06,,0,0,0,86080.0
228,405928442,databricksadmprod@bcbsm.com,RUNNING,,In run,GENERAL_PURPOSE_SSD,1,100,0106-124409-rktcvrhy,2023-01-06 18:14:06,,0,0,0,86465.0
16397,405928256,databricksadmprod@bcbsm.com,TERMINATED,SUCCESS,,GENERAL_PURPOSE_SSD,1,100,0106-124324-7qzgsnm6,2023-01-06 18:13:22,2023-01-06 18:14:17,32000,23000,0,
228,405926737,databricksadmprod@bcbsm.com,TERMINATED,SUCCESS,,GENERAL_PURPOSE_SSD,1,100,0106-124208-s46pw97a,2023-01-06 18:12:06,2023-01-06 18:13:50,0,0,0,103669.0
228,405925513,databricksadmprod@bcbsm.com,TERMINATED,SUCCESS,,GENERAL_PURPOSE_SSD,1,100,0106-124207-ppeto0e6,2023-01-06 18:12:06,2023-01-06 18:14:04,0,0,0,117939.0
228,405924335,databricksadmprod@bcbsm.com,TERMINATED,SUCCESS,,GENERAL_PURPOSE_SSD,1,100,0106-124207-p1jc2jra,2023-01-06 18:12:06,2023-01-06 18:13:38,0,0,0,92038.0
