[
    {
        "Metric": "db.Checkpoint.buffers_checkpoint.avg"
    },{
        "Metric": "db.Checkpoint.checkpoint_sync_time.avg"
    },{
        "Metric": "db.Checkpoint.checkpoint_write_time.avg"
    },{
        "Metric": "db.Checkpoint.checkpoints_req.avg"
    },{
        "Metric": "db.Checkpoint.checkpoints_timed.avg"
    },{
        "Metric": "db.Checkpoint.maxwritten_clean.avg"
    },{
        "Metric": "db.Checkpoint.checkpoint_sync_latency.avg"
    },{
        "Metric": "db.Checkpoint.checkpoint_write_latency.avg"
    }
]
