[
    {
        "Metric": "os.diskIO.avgQueueLen.avg"
    },{
	"Metric": "os.diskIO.avgReqSz.avg"
    },{
        "Metric": "os.diskIO.await.avg"
    },{
        "Metric": "os.diskIO.readIOsPS.avg"
    },{
        "Metric": "os.diskIO.readKb.avg"
    },{
        "Metric": "os.diskIO.readKbPS.avg"
    },{
        "Metric": "os.diskIO.rrqmPS.avg"
    },{
        "Metric": "os.diskIO.tps.avg"
    },{
        "Metric": "os.diskIO.util.avg"
    },{
        "Metric": "os.diskIO.writeIOsPS.avg"
    },{
        "Metric": "os.diskIO.writeKb.avg"
    },{
        "Metric": "os.diskIO.writeKbPS.avg"
    },{
        "Metric": "os.diskIO.wrqmPS.avg"
    }
]
