{
  "source": {
		"region": "us-east",
		"env": "prod",
		"service_provider": "GCP"
	},
	"time_stamp": "2022-09-14 00:00",
  "projects": [
    {
      "project_id": "acn-aip-nextgen",
      "num_in_flight": 0,
      "scanned_bytes_billed": 0,
      "count": 0,
      "execution_times": 0,
      "statement_scanned_bytes": 0,
      "scanned_scanned_bytes_billed": 0,
      "allocated": 0,
      "allocated_for_project_and_job_type": 0,
      "allocated_for_reservation": 0,
      "allocated_for_project": 0,
      "assigned": 0,
      "capacity_committed": 0,
      "max_assigned": 0,
      "total_allocated_for_reservation": 0,
      "scanned_bytes": 0,
      "biengine_fallback_count": 0,
      "execution_count": 0,
      "total_available": 0,
      "inserted_inserted_bytes": 0,
      "insertall_inserted_rows": 0,
      "datasets": [
        {
          "dataset_id": "pdf",
          "table_count": 0,
          "table": [
            {
              "table_name": "AIP",
              "stored_bytes": 0.239,
              "uploaded_row_count": 2.345,
              "uploaded_bytes": 2.345,
              "uploaded_bytes_billed": 2.345
            },
            {
              "table_name": "pdf",
              "stored_bytes": 136.125
            }
          ]
        }
      ],
      "jobs": [
        {
          "project_number": "638000000000.0",
          "user_email": "dsw-service-account@acn-aip-nextgen.iam.gserviceaccount.com",
          "job_id": "3c550d7e-11cb-45da-9c1e-41d14e690c9c",
          "job_type": "QUERY",
          "statement_type": "SELECT",
          "priority": "INTERACTIVE",
          "query": "select distinct schema_name from INFORMATION_SCHEMA.SCHEMATA where schema_name not in (information_schema  performance_schema  mysql  sys) ORDER BY schema_name",
          "state": "DONE",
          "total_bytes_processed": "10485760",
          "total_slot_ms": "249",
          "cache_hit": "False",
          "referenced_tables": "[{project_id: acn-aip-nextgen  dataset_id: pdf  table_id: AIP}]",
          "labels": "[]",
          "timeline": "[{elapsed_ms: 491  total_slot_ms: 249  pending_units: 0  completed_units: 3  active_units: None  estimated_runnable_units: 0}]",
          "job_total_elapsed_time" : 740,
          "job_stages": "[{name: S00: Input  id: 0  start_ms: 1669935650499  end_ms: 1669935650550  input_stages: []  wait_ratio_avg: 0.1111111111111111  wait_ms_avg: 3  wait_ratio_max: 0.1111111111111111  wait_ms_max: 3  read_ratio_avg: 0.0  read_ms_avg: 0  read_ratio_max: 0.0  read_ms_max: 0  compute_ratio_avg: 0.5925925925925926  compute_ms_avg: 16  compute_ratio_max: 0.5925925925925926  compute_ms_max: 16  write_ratio_avg: 0.2962962962962963  write_ms_avg: 8  write_ratio_max: 0.2962962962962963  write_ms_max: 8  shuffle_output_bytes: 149  shuffle_output_bytes_spilled: 0  records_read: 9  records_written: 9  parallel_inputs: 1  completed_parallel_inputs: 1  status: COMPLETE  steps: [{kind: READ  substeps: [$1:schema_name  FROM INFORMATION_SCHEMA.SCHEMATA  WHERE not(in($1  information_schema  performance_schema  mysql  sys))]}  {kind: AGGREGATE  substeps: [GROUP BY $10 := $1]}  {kind: WRITE  substeps: [$10  TO __stage00_output  BY HASH($10)]}]  slot_ms: 41}  {name: S01: Aggregate  id: 1  start_ms: 1669935650589  end_ms: 1669935650718  input_stages: [0]  wait_ratio_avg: 0.18518518518518517  wait_ms_avg: 5  wait_ratio_max: 0.18518518518518517  wait_ms_max: 5  read_ratio_avg: 0.0  read_ms_avg: 0  read_ratio_max: 0.0  read_ms_max: 0  compute_ratio_avg: 0.2222222222222222  compute_ms_avg: 6  compute_ratio_max: 0.2222222222222222  compute_ms_max: 6  write_ratio_avg: 0.18518518518518517  write_ms_avg: 5  write_ratio_max: 0.18518518518518517  write_ms_max: 5  shuffle_output_bytes: 149  shuffle_output_bytes_spilled: 0  records_read: 9  records_written: 9  parallel_inputs: 1  completed_parallel_inputs: 1  status: COMPLETE  steps: [{kind: READ  substeps: [$10  FROM __stage00_output]}  {kind: AGGREGATE  substeps: [GROUP BY $20 := $10]}  {kind: WRITE  substeps: [$20  TO __stage01_output]}]  slot_ms: 19}  {name: S02: Output  id: 2  start_ms: 1669935650729  end_ms: 1669935650836  input_stages: [1]  wait_ratio_avg: 0.07407407407407407  wait_ms_avg: 2  wait_ratio_max: 0.07407407407407407  wait_ms_max: 2  read_ratio_avg: 0.0  read_ms_avg: 0  read_ratio_max: 0.0  read_ms_max: 0  compute_ratio_avg: 0.4074074074074074  compute_ms_avg: 11  compute_ratio_max: 0.4074074074074074  compute_ms_max: 11  write_ratio_avg: 1.0  write_ms_avg: 27  write_ratio_max: 1.0  write_ms_max: 27  shuffle_output_bytes: 149  shuffle_output_bytes_spilled: 0  records_read: 9  records_written: 9  parallel_inputs: 1  completed_parallel_inputs: 1  status: COMPLETE  steps: [{kind: READ  substeps: [$20  FROM __stage01_output]}  {kind: SORT  substeps: [$20 ASC]}  {kind: WRITE  substeps: [$30  TO __stage02_output]}]  slot_ms: 187}]",
          "total_bytes_billed": "10485760"
        }
      ]
    }
  ]
}