{
  "_id": {
    "$oid": "640520e9025bda91d17178df"
  },
  "source": {
    "region": "us-east",
    "env": "prod",
    "service_provider": "AWS"
  },
  "ts": {
    "$date": {
      "$numberLong": "1678055460000"
    }
  },
  "instances": [
    {
      "instance_name": "orchestrai",
      "instance_created_unique_id": "d924a1d02cb9e3cf9e019d0d7e30c00f554248bb8a42c302ac84fdec",
      "res_for_super": "3",
      "max_conn": "100.0",
      "memory_information": {
        "MemFree": "14884732 kB",
        "MemAvailable": "15771108 kB",
        "Buffers": "76864 kB",
        "Cached": "1040152 kB",
        "Active": "257252 kB",
        "Inactive": "886452 kB",
        "CommitLimit": "12310360 kB",
        "Committed_AS": "222232 kB",
        "Percpu": "4864 kB"
      },
      "databases": [
        {
          "database_name": "dvdrental",
          "connection_count": "6",
          "query_duration": [
            {
              "query": "select timezone(utc  now()) as metric_date  datname   concat( query ) as query   pid  CURRENT_TIMESTAMP(2) - pg_stat_activity.query_start as duration  state FROM pg_stat_activity WHERE state != idle;",
              "pid": "6704",
              "duration": "-1 day  23:59:59.999892",
              "state": "active"
            }
          ],
          "xact_rollback": "52",
          "conflicts": "0",
          "deadlocks": "0",
          "hit_ratio": "0.0",
          "temp_bytes": "0",
          "temp_files": "0",
          "tables": [
            {
              "table_name": "city",
              "hot_rate": "0.0",
              "analyze_count": "0",
              "autoanalyze_count": "1",
              "autovacuum_count": "0",
              "last_analyze": "",
              "last_autoanalyze": "2023-03-06 03:49:56.402149+05:30",
              "last_vacuum": "",
              "last_autovacuum": "",
              "vacuum_count": "0",
              "n_live_tup": "600"
            }
          ]
        }
      ]
    }
  ]
}